-- phpMyAdmin SQL Dump
-- version 3.5.2.2
-- http://www.phpmyadmin.net
--
-- Host: 127.0.0.1
-- Generation Time: Sep 14, 2015 at 03:38 PM
-- Server version: 5.5.27
-- PHP Version: 5.4.7

SET SQL_MODE="NO_AUTO_VALUE_ON_ZERO";
SET time_zone = "+00:00";


/*!40101 SET @OLD_CHARACTER_SET_CLIENT=@@CHARACTER_SET_CLIENT */;
/*!40101 SET @OLD_CHARACTER_SET_RESULTS=@@CHARACTER_SET_RESULTS */;
/*!40101 SET @OLD_COLLATION_CONNECTION=@@COLLATION_CONNECTION */;
/*!40101 SET NAMES utf8 */;

--
-- Database: `ancol`
--
CREATE DATABASE `ancol` DEFAULT CHARACTER SET latin1 COLLATE latin1_swedish_ci;
USE `ancol`;

-- --------------------------------------------------------

--
-- Table structure for table `tbl_agent`
--

CREATE TABLE IF NOT EXISTS `tbl_agent` (
  `id_agent` int(11) NOT NULL AUTO_INCREMENT,
  `id_sm` int(11) DEFAULT NULL,
  `team` varchar(100) NOT NULL,
  `tanggal_posting` datetime NOT NULL,
  PRIMARY KEY (`id_agent`)
) ENGINE=InnoDB  DEFAULT CHARSET=latin1 AUTO_INCREMENT=3 ;

--
-- Dumping data for table `tbl_agent`
--

INSERT INTO `tbl_agent` (`id_agent`, `id_sm`, `team`, `tanggal_posting`) VALUES
(1, NULL, '', '2013-04-16 22:51:18'),
(2, 7, '3', '2015-03-25 15:10:58');

-- --------------------------------------------------------

--
-- Table structure for table `tbl_anggota_keluarga`
--

CREATE TABLE IF NOT EXISTS `tbl_anggota_keluarga` (
  `id_anggota_keluarga` int(11) NOT NULL AUTO_INCREMENT,
  `id_kartu_keluarga` int(11) NOT NULL,
  `nama_lengkap` varchar(100) NOT NULL,
  `no_ktp` varchar(50) NOT NULL,
  `tanggal_lahir` varchar(2) NOT NULL,
  `bulan_lahir` varchar(2) NOT NULL,
  `tahun_lahir` varchar(4) NOT NULL,
  `npwp` varchar(30) NOT NULL,
  `hubungan_keluarga` varchar(50) NOT NULL,
  `status_nikah` varchar(20) NOT NULL,
  `hash_data` varchar(200) NOT NULL,
  PRIMARY KEY (`id_anggota_keluarga`)
) ENGINE=InnoDB  DEFAULT CHARSET=latin1 AUTO_INCREMENT=2 ;

--
-- Dumping data for table `tbl_anggota_keluarga`
--

INSERT INTO `tbl_anggota_keluarga` (`id_anggota_keluarga`, `id_kartu_keluarga`, `nama_lengkap`, `no_ktp`, `tanggal_lahir`, `bulan_lahir`, `tahun_lahir`, `npwp`, `hubungan_keluarga`, `status_nikah`, `hash_data`) VALUES
(1, 23, 'Onny Wirjadinata', '3172067012640001', '30', '12', '1964', '068010073043000', 'Istri', 'Kawin', '');

-- --------------------------------------------------------

--
-- Table structure for table `tbl_captcha`
--

CREATE TABLE IF NOT EXISTS `tbl_captcha` (
  `captcha_id` bigint(13) unsigned NOT NULL AUTO_INCREMENT,
  `captcha_time` int(10) unsigned NOT NULL,
  `ip_address` varchar(16) NOT NULL DEFAULT '0',
  `word` varchar(20) NOT NULL,
  PRIMARY KEY (`captcha_id`),
  KEY `word` (`word`)
) ENGINE=InnoDB  DEFAULT CHARSET=latin1 AUTO_INCREMENT=2611 ;

--
-- Dumping data for table `tbl_captcha`
--

INSERT INTO `tbl_captcha` (`captcha_id`, `captcha_time`, `ip_address`, `word`) VALUES
(2610, 1442234250, '127.0.0.1', '9788');

-- --------------------------------------------------------

--
-- Table structure for table `tbl_cara_pembayaran`
--

CREATE TABLE IF NOT EXISTS `tbl_cara_pembayaran` (
  `id_cara_pembayaran` int(11) NOT NULL AUTO_INCREMENT,
  `tipe_pembayaran` varchar(50) NOT NULL,
  `tahap_pembayaran` int(5) NOT NULL,
  PRIMARY KEY (`id_cara_pembayaran`)
) ENGINE=InnoDB  DEFAULT CHARSET=latin1 AUTO_INCREMENT=9 ;

--
-- Dumping data for table `tbl_cara_pembayaran`
--

INSERT INTO `tbl_cara_pembayaran` (`id_cara_pembayaran`, `tipe_pembayaran`, `tahap_pembayaran`) VALUES
(1, 'Cash', 1),
(2, 'Cash', 36),
(6, 'Cash', 48),
(7, 'KPR', 36),
(8, 'KPR', 24);

-- --------------------------------------------------------

--
-- Table structure for table `tbl_cluster`
--

CREATE TABLE IF NOT EXISTS `tbl_cluster` (
  `id_cluster` int(11) NOT NULL AUTO_INCREMENT,
  `kode_cluster` varchar(50) NOT NULL,
  `nama_cluster` varchar(100) NOT NULL,
  PRIMARY KEY (`id_cluster`)
) ENGINE=InnoDB  DEFAULT CHARSET=latin1 AUTO_INCREMENT=3 ;

--
-- Dumping data for table `tbl_cluster`
--

INSERT INTO `tbl_cluster` (`id_cluster`, `kode_cluster`, `nama_cluster`) VALUES
(1, 'A', 'TOWER A'),
(2, 'B', 'TOWER B');

-- --------------------------------------------------------

--
-- Table structure for table `tbl_customer`
--

CREATE TABLE IF NOT EXISTS `tbl_customer` (
  `id_customer` int(11) NOT NULL AUTO_INCREMENT,
  `nama_lengkap` varchar(100) NOT NULL,
  `no_ktp` varchar(50) NOT NULL,
  `no_npwp` varchar(50) NOT NULL,
  `alamat_npwp` text NOT NULL,
  `telpon` varchar(50) NOT NULL,
  `hp` varchar(50) NOT NULL,
  `alamat_ktp` text NOT NULL,
  `alamat_surat_menyurat` text NOT NULL,
  `email` varchar(200) NOT NULL,
  `doc_ktp` varchar(250) NOT NULL,
  `doc_npwp` varchar(250) NOT NULL,
  `doc_kartu_keluarga` varchar(250) NOT NULL,
  `doc_akta_nikah` varchar(250) NOT NULL,
  `doc_siup` varchar(250) NOT NULL,
  PRIMARY KEY (`id_customer`)
) ENGINE=InnoDB  DEFAULT CHARSET=latin1 AUTO_INCREMENT=52 ;

--
-- Dumping data for table `tbl_customer`
--

INSERT INTO `tbl_customer` (`id_customer`, `nama_lengkap`, `no_ktp`, `no_npwp`, `alamat_npwp`, `telpon`, `hp`, `alamat_ktp`, `alamat_surat_menyurat`, `email`, `doc_ktp`, `doc_npwp`, `doc_kartu_keluarga`, `doc_akta_nikah`, `doc_siup`) VALUES
(1, 'FARID FADLI', '3174041311760008', '-', 'pedurenan 007/004 cilandak timur', '-', '8128811878', 'pedurenan 007/004 cilandak timur', 'pedurenan 007/004 cilandak timur', '', '', '', '', '', ''),
(2, 'SUTIMADJI TJOKRO', '3273110307650008', '', '', '', '811962778', 'Jl. H. Kurdi Timur III No. 52,', '', '', '', '', '', '', ''),
(3, 'LINAWATI', '3175026503460004', '', '', '', '0', '', '', '', '', '', '', '', ''),
(4, 'Luszy Arijanty', '3175075604700010', '254936412008000', '', '', '082111999518', '', '', '', '', '', '', '', ''),
(5, 'Tan Chie Khiong', '3172052312720004', '', '', '', '081212336666', '', '', '', '', '', '', '', ''),
(6, 'AHMAD BAIHAQI', '3174051512640004', '', '', '', '0816838172', 'Jl. Niaga Hijau I No. 70, Rt. ', '', '', '', '', '', '', ''),
(7, 'MOCHAMAD MARJOSO', '3175022807630001', '-', '-', '-', '081519052632', 'JL. Lumba lumba II No 29 001/011 No 29', 'JL. Lumba lumba II No 29 001/011 No 29', '', '', '', '', '', ''),
(8, 'ATANASIA TRI BASUKI', '3276024205690017', '', '', '', '081284808069', '', '', '', '', '', '', '', ''),
(9, 'Martin Wihadi', '3171040903638882', '', '', '', '0811966777', '', '', '', '', '', '', '', ''),
(10, 'Yuliana', '3172054411800003', '', '', '', '', 'Jl. Budi Mulia/10 RT. 005 RW. 005\r\nKelurahan Pademangan Barat Kec. Pademanan, Jakarta Utara', '', '', '', '', '', '', ''),
(11, 'M. ERWIN SYAFITRI', '3276020904590004', '', '', '', '087878009785', 'Kp. Padurenan 106, Rt. 002, Rw', '', '', '', '', '', '', ''),
(12, 'M. ERWIN SYAFITRI', '3276020904590004', '', '', '', '087878009785', 'Kp. Padurenan 106, Rt. 002, Rw', '', '', '', '', '', '', ''),
(13, 'M. ERWIN SYAFITRI', '3276020904590004', '', '', '', '087878009785', 'Kp. Padurenan 106, Rt. 002, Rw', '', '', '', '', '', '', ''),
(14, 'Christina Pratiwi', '3173026306831002', '343839114501000', '', '', '8111107778', 'Villa Kebon Jeruk B/15, Rt. 01', '', '', '', '', '', '', ''),
(15, 'DRS SYAHRUL MAMMA SH', '3175102602580001', '', '', '', '08121181883', 'Jl. Palem Kartika V Kav 31, Rt', '', '', '', '', '', '', ''),
(16, 'Lilis Surjani', '3172024533620003', '-', '-', '-', '-', 'Jl. Danau Indah Raya Blok B4 No 15 Sunter Jaya - Tanjung Priok Jakarta Utara', 'Jl. Danau Indah Raya Blok B4 No 15 Sunter Jaya - Tanjung Priok Jakarta Utara', '-', '', '', '', '', ''),
(17, 'DRS SYAHRUL MAMMA SH', '3175102602580001', '', '', '', '08121181883', 'Jl. Palem Kartika V Kav 31, Rt', '', '', '', '', '', '', ''),
(18, 'Onny Wirjadinata', '3172067012640001', '', '', '', '082113000664', '', '', '', '', '', '', '', ''),
(19, 'Lilis Surjani', '0', '-', '-', '-', '-', '-', '-', '-', '', '', '', '', ''),
(20, 'Lilis Surjani', '0', '-', '-', '-', '-', '-', '-', '-', '', '', '', '', ''),
(21, 'Lilis Surjani', '0', '-', '-', '-', '-', '-', 'Jl. Danau Indah Raya - Sunter Jaya ', '-', '', '', '', '', ''),
(22, 'Lilis Surjani', '0', '', '', '', '', 'Jl Danau Indah Raya', 'Jl Danau Indah Raya', '', '', '', '', '', ''),
(24, 'GEVIN THADEUS', '-', '-', '-', '-', '-', 'DANAU INDAH RAYA BLOK B4 SUNTER JAYA', 'DANAU INDAH RAYA BLOK B4 SUNTER JAYA', '-', '', '', '', '', ''),
(26, 'ONNY WIRJADINATA', '3172067012640001', '', '', '', '0811135136', '', '', '', '', '', '', '', ''),
(27, 'Adi Purnomo', '3175052905790015', '', '', '', '', 'Jl. Dahlia G.11 Cijantung II RT. 008/004\r\nKelurahan Gedong, Kecamatan Pasar Rebo\r\nJakarta Timur', 'Jl. Dahlia G.11 Cijantung II RT. 008/004\r\nKelurahan Gedong, Kecamatan Pasar Rebo\r\nJakarta Timur', '', '', '', '', '', ''),
(28, 'Adi Purnomo', '', '', '', '', '', '', '', '', '', '', '', '', ''),
(29, 'Adi Purnomo', '3175052905790015', '', '', '', '', 'Jl, Dahlia G. 11 Cijantung RT.008/004\r\nKelurahan Gedong, Kecamatan Pasar Rebo\r\nJakarta Timur', 'Jl, Dahlia G. 11 Cijantung RT.008/004\r\nKelurahan Gedong, Kecamatan Pasar Rebo\r\nJakarta Timur', '', '', '', '', '', ''),
(30, 'Adi Purnomo', '3175052905790015', '', '', '', '', 'Jl. Dahlia G. 11 Cijantung II RT. 008/004\r\nKelurahan Gedong Kecamatan Pasar Rebo\r\nJakarta Timur', 'Jl. Dahlia G. 11 Cijantung II RT. 008/004\r\nKelurahan Gedong Kecamatan Pasar Rebo\r\nJakarta Timur', '', '', '', '', '', ''),
(31, 'EVI LANIJANTI', '3171077006640001', '', '', '', '8161986894', 'Jl. Perkici Raya Blok EB2/66 S', '', '', '', '', '', '', ''),
(32, 'EDDY WIJAYA', '1207061708720002', '', '', '', '0811899477', 'Gading Riviera I Blok PF-22 No', '', '', '', '', '', '', ''),
(33, 'HARIYANTO', '1571022809810041', '', '', '', '081212812881', 'Jl. Jend. Sudirman No. 38, Rt.', '', '', '', '', '', '', ''),
(34, 'JOHANNES KARUNDENG', '3171061801620002', '', '', '', '0812951525', '', '', '', '', '', '', '', ''),
(35, 'ADI SETIANTO', '3674020705610001', '', '', '', '8119626000', 'Sutera Gardenia VI/10, Rt. 004', '', '', '', '', '', '', ''),
(36, 'MUNNI AIDA SAPRI SIR', '3174104211790002', '', '', '', '08170043335', 'Jl. Bunga Mayang IV No. 3, Rt.', '', '', '', '', '', '', ''),
(37, 'LOUIS', '327801100879001', '', '', '', '082116378703', 'Perintis Kemerdekaan 28 Bandung', '', '', '', '', '', '', ''),
(38, 'ADI SETIANTO', '3674020705610001', '', '', '', '8119626000', 'Sutera Gardenia VI/10, Rt. 004', '', '', '', '', '', '', ''),
(39, 'FRANKY HARTONO', '317307020350009', '', '', '', '0816807870', '', '', '', '', '', '', '', ''),
(40, 'LOUIS', '327801100879001', '', '', '', '082116378703', 'Kp. Pamucatan, Rt. 003, Rw. 00', '', '', '', '', '', '', ''),
(41, 'FRANKY HARTONO', '0', '', '', '', '0816807870', '', '', '', '', '', '', '', ''),
(42, 'LOUIS', '327801100879001', '', '', '', '082116378703', 'Perintis Kemerdekaan 28 Bandung', '', '', '', '', '', '', ''),
(43, 'FRANKY HARTONO', '3173070203530009', '', '', '', '0816807870', '', '', '', '', '', '', '', ''),
(44, 'FANNY LIMEWA', '7371044103590001', '', '', '', '087840672373', 'Jl. Lamadukelleng No. 50A, Rt.', '', '', '', '', '', '', ''),
(45, 'JOHN THEODORE', '7371042102570001', '', '', '', '081355707878', 'Jl. Lamadukelleng No. 50A, Rt.', '', '', '', '', '', '', ''),
(46, 'JOSEPHINE HUTABARAT', '3276027006610006', '', '', '', '081290023737', 'Griya Tugu Asri Blok B.3/7, Rt', '', '', '', '', '', '', ''),
(47, 'FERDY', '3273202606750001', '', '', '', '08129000849', 'Jl. Ters. Sindang Barang I No.', '', '', '', '', '', '', ''),
(48, 'ANGELINA', '3172056312870001', '', '', '', '081291147027', '', '', '', '', '', '', '', ''),
(49, 'Nurjati', '3173056411700001', '', '', '', '0811154279', '', '', '', '', '', '', '', ''),
(50, 'Teddy Hermawan', '3671011211640003', '', '', '', '0811981799', '', '', '', '', '', '', '', ''),
(51, 'EDDY WIJAYA', '1207061708720002', '', '', '', '0811899477', '', '', '', '', '', '', '', '');

-- --------------------------------------------------------

--
-- Table structure for table `tbl_customer_dokumen`
--

CREATE TABLE IF NOT EXISTS `tbl_customer_dokumen` (
  `id_dokumen` int(11) NOT NULL AUTO_INCREMENT,
  `id_customer` int(11) NOT NULL,
  `file_dokumen` varchar(200) NOT NULL,
  PRIMARY KEY (`id_dokumen`)
) ENGINE=InnoDB DEFAULT CHARSET=latin1 AUTO_INCREMENT=1 ;

-- --------------------------------------------------------

--
-- Table structure for table `tbl_customer_ref`
--

CREATE TABLE IF NOT EXISTS `tbl_customer_ref` (
  `nama_lengkap` varchar(100) DEFAULT NULL,
  `no_ktp` varchar(100) NOT NULL DEFAULT '',
  `no_npwp` varchar(100) DEFAULT NULL,
  `alamat_npwp` text,
  `telpon` varchar(50) DEFAULT NULL,
  `hp` varchar(50) DEFAULT NULL,
  `alamat_ktp` text,
  `alamat_surat_menyurat` text,
  `email` varchar(200) DEFAULT NULL,
  `no_kartu_keluarga` varchar(100) DEFAULT NULL,
  PRIMARY KEY (`no_ktp`)
) ENGINE=InnoDB DEFAULT CHARSET=latin1;

--
-- Dumping data for table `tbl_customer_ref`
--

INSERT INTO `tbl_customer_ref` (`nama_lengkap`, `no_ktp`, `no_npwp`, `alamat_npwp`, `telpon`, `hp`, `alamat_ktp`, `alamat_surat_menyurat`, `email`, `no_kartu_keluarga`) VALUES
('Adi Purnomo', '', '', '', '', '', '', '', '', ''),
('GEVIN THADEUS', '-', '-', '-', '-', '-', 'DANAU INDAH RAYA BLOK B4 SUNTER JAYA', 'DANAU INDAH RAYA BLOK B4 SUNTER JAYA', '-', '-'),
('FRANKY HARTONO', '0', '', '', '', '0816807870', '', '', '', ''),
('EDDY WIJAYA', '1207061708720002', '', '', '', '0811899477', '', '', '', ''),
('HARIYANTO', '1571022809810041', '', '', '', '081212812881', 'Jl. Jend. Sudirman No. 38, Rt.', '', '', ''),
('Martin Wihadi', '3171040903638882', '', '', '', '0811966777', '', '', '', ''),
('JOHANNES KARUNDENG', '3171061801620002', '', '', '', '0812951525', '', '', '', ''),
('EVI LANIJANTI', '3171077006640001', '', '', '', '8161986894', 'Jl. Perkici Raya Blok EB2/66 S', '', '', ''),
('Lilis Surjani', '3172024533620003', '-', '-', '-', '-', 'Jl. Danau Indah Raya Blok B4 No 15 Sunter Jaya - Tanjung Priok Jakarta Utara', 'Jl. Danau Indah Raya Blok B4 No 15 Sunter Jaya - Tanjung Priok Jakarta Utara', '-', '-'),
('Tan Chie Khiong', '3172052312720004', '', '', '', '081212336666', '', '', '', ''),
('Yuliana', '317205411800003', '', '', '', '', 'Jl. Budi Mulia/10 RT. 005 RW. 005\r\nKelurahan pademangan Barat Kec Pademanan, Jakarta Utara', '', '', ''),
('Yuliana', '3172054411800003', '', '', '', '', 'Jl. Budi Mulia/10 RT. 005 RW. 005\r\nKelurahan Pademangan Barat Kec. Pademanan, Jakarta Utara', '', '', ''),
('ANGELINA', '3172056312870001', '', '', '', '081291147027', '', '', '', ''),
('ONNY WIRJADINATA', '3172067012640001', '', '', '', '0811135136', '', '', '', ''),
('Christina Pratiwi', '3173026306831002', '343839114501000', '', '', '8111107778', 'Villa Kebon Jeruk B/15, Rt. 01', '', '', ''),
('Nurjati', '3173056411700001', '', '', '', '0811154279', '', '', '', ''),
('FRANKY HARTONO', '317307020350009', '', '', '', '0816807870', '', '', '', ''),
('FRANKY HARTONO', '3173070203530009', '', '', '', '0816807870', '', '', '', ''),
('FARID FADLI', '3174041311760008', '-', 'pedurenan 007/004 cilandak timur', '-', '8128811878', 'pedurenan 007/004 cilandak timur', 'pedurenan 007/004 cilandak timur', '', '-'),
('AHMAD BAIHAQI', '3174051512640004', '', '', '', '0816838172', 'Jl. Niaga Hijau I No. 70, Rt. ', '', '', ''),
('MUNNI AIDA SAPRI SIR', '3174104211790002', '', '', '', '08170043335', 'Jl. Bunga Mayang IV No. 3, Rt.', '', '', ''),
('MOCHAMAD MARJOSO', '3175022807630001', '-', '-', '-', '081519052632', 'JL. Lumba lumba II No 29 001/011 No 29', 'JL. Lumba lumba II No 29 001/011 No 29', '', '-'),
('ELLEN NOVITA', '3175024904720003', '', '', '', '08557818188', '', '', '', ''),
('LINAWATI', '3175026503460004', '', '', '', '0', '', '', '', ''),
('Adi Purnomo', '3175052905790015', '', '', '', '', 'Jl. Dahlia G. 11 Cijantung II RT. 008/004\r\nKelurahan Gedong Kecamatan Pasar Rebo\r\nJakarta Timur', 'Jl. Dahlia G. 11 Cijantung II RT. 008/004\r\nKelurahan Gedong Kecamatan Pasar Rebo\r\nJakarta Timur', '', ''),
('Luszy Arijanty', '3175075604700010', '254936412008000', '', '', '082111999518', '', '', '', ''),
('DRS SYAHRUL MAMMA SH', '3175102602580001', '', '', '', '08121181883', 'Jl. Palem Kartika V Kav 31, Rt', '', '', ''),
('SUTIMADJI TJOKRO', '3273110307650008', '', '', '', '811962778', 'Jl. H. Kurdi Timur III No. 52,', '', '', ''),
('FERDY', '3273202606750001', '', '', '', '08129000849', 'Jl. Ters. Sindang Barang I No.', '', '', ''),
('M. ERWIN SYAFITRI', '3276020904590004', '', '', '', '087878009785', 'Kp. Padurenan 106, Rt. 002, Rw', '', '', ''),
('ATANASIA TRI BASUKI', '3276024205690017', '', '', '', '081284808069', '', '', '', ''),
('JOSEPHINE HUTABARAT', '3276027006610006', '', '', '', '081290023737', 'Griya Tugu Asri Blok B.3/7, Rt', '', '', ''),
('LOUIS', '327801100879001', '', '', '', '082116378703', 'Perintis Kemerdekaan 28 Bandung', '', '', ''),
('Teddy Hermawan', '3671011211640003', '', '', '', '0811981799', '', '', '', ''),
('ADI SETIANTO', '3674020705610001', '', '', '', '8119626000', 'Sutera Gardenia VI/10, Rt. 004', '', '', ''),
('JOHN THEODORE', '7371042102570001', '', '', '', '081355707878', 'Jl. Lamadukelleng No. 50A, Rt.', '', '', ''),
('FANNY LIMEWA', '7371044103590001', '', '', '', '087840672373', 'Jl. Lamadukelleng No. 50A, Rt.', '', '', '');

-- --------------------------------------------------------

--
-- Table structure for table `tbl_file_dokumen`
--

CREATE TABLE IF NOT EXISTS `tbl_file_dokumen` (
  `id_dokumen` int(11) NOT NULL AUTO_INCREMENT,
  `id_anggota_keluarga` int(11) NOT NULL,
  `nama_dokumen` varchar(20) NOT NULL,
  `file_dokument` varchar(100) NOT NULL,
  PRIMARY KEY (`id_dokumen`)
) ENGINE=InnoDB DEFAULT CHARSET=latin1 AUTO_INCREMENT=1 ;

-- --------------------------------------------------------

--
-- Table structure for table `tbl_gallery`
--

CREATE TABLE IF NOT EXISTS `tbl_gallery` (
  `id_gallery` int(11) NOT NULL AUTO_INCREMENT,
  `id_type` int(11) NOT NULL,
  `image_gallery` varchar(200) NOT NULL DEFAULT 'no_image.jpg',
  PRIMARY KEY (`id_gallery`),
  KEY `fk_tbl_gallery_type` (`id_type`)
) ENGINE=InnoDB  DEFAULT CHARSET=latin1 AUTO_INCREMENT=5 ;

--
-- Dumping data for table `tbl_gallery`
--

INSERT INTO `tbl_gallery` (`id_gallery`, `id_type`, `image_gallery`) VALUES
(1, 39, 'IMG_20150327_205603.jpg'),
(2, 40, '1_doc_ktp_1b16f58284e91db8ca150f40353ee063.jpg'),
(3, 40, '1_doc_ktp_1b16f58284e91db8ca150f40353ee063.jpg'),
(4, 41, '4_ANCOL_VIEW.jpg');

-- --------------------------------------------------------

--
-- Table structure for table `tbl_kartu_keluarga`
--

CREATE TABLE IF NOT EXISTS `tbl_kartu_keluarga` (
  `id_kartu_keluarga` int(11) NOT NULL AUTO_INCREMENT,
  `id_customer` int(11) NOT NULL,
  `no_kartu_keluarga` varchar(20) NOT NULL,
  `tanggal_posting` datetime NOT NULL,
  `hash_data` varchar(200) NOT NULL,
  PRIMARY KEY (`id_kartu_keluarga`)
) ENGINE=InnoDB  DEFAULT CHARSET=latin1 AUTO_INCREMENT=52 ;

--
-- Dumping data for table `tbl_kartu_keluarga`
--

INSERT INTO `tbl_kartu_keluarga` (`id_kartu_keluarga`, `id_customer`, `no_kartu_keluarga`, `tanggal_posting`, `hash_data`) VALUES
(1, 1, '-', '2015-05-30 10:42:31', ''),
(2, 2, '', '2015-05-30 10:53:39', ''),
(3, 3, '', '2015-05-30 11:02:17', ''),
(4, 4, '', '2015-05-30 11:08:28', ''),
(5, 5, '', '2015-05-30 11:12:18', ''),
(6, 6, '', '2015-05-30 11:27:14', ''),
(7, 7, '-', '2015-05-30 11:31:11', ''),
(8, 8, '', '2015-05-30 11:44:44', ''),
(9, 9, '', '2015-05-30 11:49:10', ''),
(10, 10, '', '2015-05-30 11:52:15', ''),
(11, 11, '', '2015-05-30 11:57:37', ''),
(12, 12, '', '2015-05-30 12:04:18', ''),
(13, 13, '', '2015-05-30 12:08:19', ''),
(14, 14, '', '2015-05-30 12:12:52', ''),
(15, 15, '', '2015-05-30 12:13:25', ''),
(16, 16, '-', '2015-05-30 12:14:22', ''),
(17, 17, '', '2015-05-30 12:17:16', ''),
(18, 18, '', '2015-05-30 12:18:49', ''),
(19, 19, '-', '2015-05-30 12:25:07', ''),
(20, 20, '-', '2015-05-30 12:25:21', ''),
(21, 21, '-', '2015-05-30 12:26:07', ''),
(22, 22, '', '2015-05-30 12:27:04', ''),
(23, 23, '', '2015-05-30 12:28:52', ''),
(24, 24, '-', '2015-05-30 12:33:16', ''),
(25, 25, '', '2015-05-30 12:33:49', ''),
(26, 26, '', '2015-05-30 12:39:18', ''),
(27, 27, '', '2015-05-30 12:47:33', ''),
(28, 28, '', '2015-05-30 12:49:55', ''),
(29, 29, '', '2015-05-30 12:51:54', ''),
(30, 30, '', '2015-05-30 13:03:38', ''),
(31, 31, '', '2015-05-30 13:05:51', ''),
(32, 32, '', '2015-05-30 13:11:18', ''),
(33, 33, '', '2015-05-30 13:14:36', ''),
(34, 34, '', '2015-05-30 13:23:32', ''),
(35, 35, '', '2015-05-30 13:34:02', ''),
(36, 36, '', '2015-05-30 13:38:21', ''),
(37, 37, '', '2015-05-30 13:39:33', ''),
(38, 38, '', '2015-05-30 13:41:16', ''),
(39, 39, '', '2015-05-30 13:49:26', ''),
(40, 40, '', '2015-05-30 13:50:46', ''),
(41, 41, '', '2015-05-30 13:54:21', ''),
(42, 42, '', '2015-05-30 14:00:00', ''),
(43, 43, '', '2015-05-30 14:01:41', ''),
(44, 44, '', '2015-05-30 14:04:34', ''),
(45, 45, '', '2015-05-30 14:14:12', ''),
(46, 46, '', '2015-05-30 14:38:27', ''),
(47, 47, '', '2015-05-30 14:56:56', ''),
(48, 48, '', '2015-05-30 15:14:55', ''),
(49, 49, '', '2015-05-30 15:23:17', ''),
(50, 50, '', '2015-05-30 15:54:44', ''),
(51, 51, '', '2015-05-30 16:29:38', '');

-- --------------------------------------------------------

--
-- Table structure for table `tbl_komisi`
--

CREATE TABLE IF NOT EXISTS `tbl_komisi` (
  `id_komisi` int(11) NOT NULL AUTO_INCREMENT,
  `nama_komisi` varchar(50) DEFAULT NULL,
  `persentase` decimal(4,2) DEFAULT NULL,
  `deskripsi` varchar(150) DEFAULT NULL,
  PRIMARY KEY (`id_komisi`)
) ENGINE=InnoDB  DEFAULT CHARSET=latin1 AUTO_INCREMENT=5 ;

--
-- Dumping data for table `tbl_komisi`
--

INSERT INTO `tbl_komisi` (`id_komisi`, `nama_komisi`, `persentase`, `deskripsi`) VALUES
(2, 'KOMISI 1%', 1.00, 'Penjualan < Rp. 5.999.999.000 per bulan	'),
(3, ' Komisi 1.25%', 1.25, 'Penjualan Rp. 6.000.000.000 – 11.499.999.000,-'),
(4, 'Komisi 1.50%', 1.50, 'Penjualan > Rp. 11.500.000.000,-	');

-- --------------------------------------------------------

--
-- Table structure for table `tbl_komisi_pemesanan`
--

CREATE TABLE IF NOT EXISTS `tbl_komisi_pemesanan` (
  `id_komisi_pemesanan` int(11) NOT NULL AUTO_INCREMENT,
  `id_komisi` int(11) NOT NULL,
  `id_pemesanan` int(11) NOT NULL,
  `besar_komisi` varchar(50) NOT NULL,
  PRIMARY KEY (`id_komisi_pemesanan`)
) ENGINE=InnoDB DEFAULT CHARSET=latin1 AUTO_INCREMENT=1 ;

-- --------------------------------------------------------

--
-- Table structure for table `tbl_news`
--

CREATE TABLE IF NOT EXISTS `tbl_news` (
  `id_news` int(11) NOT NULL AUTO_INCREMENT,
  `judul` varchar(250) NOT NULL,
  `image` varchar(100) DEFAULT NULL,
  `deskripsi` text NOT NULL,
  `status` enum('Aktif','Tidak Aktif','','') NOT NULL DEFAULT 'Tidak Aktif',
  `id_user` int(11) NOT NULL,
  `tanggal_posting` datetime NOT NULL,
  PRIMARY KEY (`id_news`)
) ENGINE=InnoDB  DEFAULT CHARSET=latin1 AUTO_INCREMENT=4 ;

--
-- Dumping data for table `tbl_news`
--

INSERT INTO `tbl_news` (`id_news`, `judul`, `image`, `deskripsi`, `status`, `id_user`, `tanggal_posting`) VALUES
(1, 'Tipe Baru', 'Tipe_Baru.jpg', '<p>Deskripsi...rumah masa depan</p>', 'Aktif', 8, '2015-05-27 16:24:48'),
(2, 'Woodbarry House', 'Woodbarry_House.jpg', '<p>Keterangan...</p>', 'Aktif', 8, '2013-07-18 01:05:53'),
(3, 'Promo Cluster ABC', 'Promo_Cluster_ABC.jpg', '<p>Keterangan...</p>', 'Aktif', 8, '2013-07-18 01:06:24');

-- --------------------------------------------------------

--
-- Table structure for table `tbl_pemesanan`
--

CREATE TABLE IF NOT EXISTS `tbl_pemesanan` (
  `id_pemesanan` int(11) NOT NULL AUTO_INCREMENT,
  `id_unit` int(3) NOT NULL,
  `id_user` int(11) NOT NULL,
  `id_agen` int(11) NOT NULL,
  `id_customer` int(11) NOT NULL,
  `id_kartu_keluarga` int(11) NOT NULL,
  `id_promo` int(11) NOT NULL,
  `jenis_pemesanan` varchar(20) NOT NULL,
  `status_pemesanan` varchar(20) NOT NULL,
  `status_verify` varchar(50) NOT NULL,
  `status_cetak_spp` int(11) NOT NULL,
  `tipe_pembayaran` varchar(20) NOT NULL,
  `tahap_pembayaran` int(10) NOT NULL,
  `booking_fee` decimal(20,0) NOT NULL DEFAULT '0',
  `nomor_pemesanan` varchar(50) NOT NULL,
  `diskon_khusus` decimal(4,2) NOT NULL,
  `harga_jual` decimal(20,0) NOT NULL,
  `tanggal_pemesanan` datetime NOT NULL,
  `tanggal_tanda_jadi` datetime NOT NULL,
  `tanggal_sold` datetime NOT NULL,
  `tanggal_timeout` datetime NOT NULL,
  `timeout` int(11) NOT NULL,
  `diskon_tanah` decimal(4,2) NOT NULL DEFAULT '0.00',
  `diskon_bangunan` decimal(4,2) NOT NULL DEFAULT '0.00',
  `status_data` varchar(20) NOT NULL,
  `lock_pemesanan` int(11) NOT NULL,
  `delete_by` int(11) NOT NULL,
  `delete_time` datetime NOT NULL,
  PRIMARY KEY (`id_pemesanan`,`id_customer`)
) ENGINE=InnoDB  DEFAULT CHARSET=latin1 AUTO_INCREMENT=47 ;

--
-- Dumping data for table `tbl_pemesanan`
--

INSERT INTO `tbl_pemesanan` (`id_pemesanan`, `id_unit`, `id_user`, `id_agen`, `id_customer`, `id_kartu_keluarga`, `id_promo`, `jenis_pemesanan`, `status_pemesanan`, `status_verify`, `status_cetak_spp`, `tipe_pembayaran`, `tahap_pembayaran`, `booking_fee`, `nomor_pemesanan`, `diskon_khusus`, `harga_jual`, `tanggal_pemesanan`, `tanggal_tanda_jadi`, `tanggal_sold`, `tanggal_timeout`, `timeout`, `diskon_tanah`, `diskon_bangunan`, `status_data`, `lock_pemesanan`, `delete_by`, `delete_time`) VALUES
(1, 407, 10, 2, 1, 1, 0, 'Marketable', 'Sold', '', 1, 'KPR', 36, 20000000, '157', 6.00, 1580806080, '2015-06-15 00:00:00', '2015-05-30 10:42:31', '2015-05-30 11:27:24', '0000-00-00 00:00:00', 2592000, 0.00, 0.00, '', 0, 0, '0000-00-00 00:00:00'),
(2, 295, 26, 2, 2, 2, 0, 'Marketable', 'Tanda Jadi', '', 1, 'KPR', 36, 20000000, '156', 4.00, 2589208320, '2015-09-15 00:00:00', '2015-05-30 10:53:39', '0000-00-00 00:00:00', '0000-00-00 00:00:00', 2592000, 0.00, 0.00, '', 0, 0, '0000-00-00 00:00:00'),
(3, 135, 14, 2, 3, 3, 0, 'Marketable', 'Tanda Jadi', '', 1, 'Cash', 36, 20000000, '71', 0.00, 2629540320, '2015-09-15 00:00:00', '2015-05-30 11:02:17', '0000-00-00 00:00:00', '0000-00-00 00:00:00', 2592000, 0.00, 0.00, '', 0, 0, '0000-00-00 00:00:00'),
(4, 503, 8, 2, 4, 4, 0, 'Marketable', 'Tanda Jadi', '', 1, 'Cash', 1, 20000000, '083', 0.00, 2880313200, '2015-06-15 00:00:00', '2015-05-30 11:08:28', '0000-00-00 00:00:00', '0000-00-00 00:00:00', 2592000, 0.00, 0.00, '', 0, 0, '0000-00-00 00:00:00'),
(5, 21, 33, 2, 5, 5, 0, 'Marketable', 'Tanda Jadi', '', 1, 'Cash', 48, 20000000, '62', 0.00, 2780019200, '2015-06-15 00:00:00', '2015-05-30 11:12:18', '0000-00-00 00:00:00', '0000-00-00 00:00:00', 2592000, 0.00, 0.00, '', 0, 0, '0000-00-00 00:00:00'),
(6, 4, 13, 2, 6, 6, 0, 'Marketable', 'Tanda Jadi', '', 1, 'KPR', 36, 20000000, '121', 6.00, 2467577080, '2015-06-15 00:00:00', '2015-05-30 11:27:14', '0000-00-00 00:00:00', '0000-00-00 00:00:00', 2592000, 0.00, 0.00, '', 0, 0, '0000-00-00 00:00:00'),
(7, 45, 10, 2, 7, 7, 0, 'Marketable', 'Tanda Jadi', '', 1, 'Cash', 48, 20000000, '129', 6.00, 1445940900, '2015-06-15 00:00:00', '2015-05-30 11:31:11', '0000-00-00 00:00:00', '0000-00-00 00:00:00', 2592000, 0.00, 0.00, '', 0, 0, '0000-00-00 00:00:00'),
(8, 155, 27, 2, 8, 8, 0, 'Marketable', 'Sold', '', 1, 'Cash', 1, 20000000, '110', 0.00, 1845996440, '2015-06-15 00:00:00', '2015-05-30 11:44:44', '2015-05-30 12:31:30', '0000-00-00 00:00:00', 2592000, 0.00, 0.00, '', 0, 0, '0000-00-00 00:00:00'),
(9, 533, 12, 2, 9, 9, 0, 'Marketable', 'Tanda Jadi', '', 1, 'Cash', 48, 20000000, '63', 0.00, 1574289280, '2015-06-15 00:00:00', '2015-05-30 11:49:10', '0000-00-00 00:00:00', '0000-00-00 00:00:00', 2592000, 0.00, 0.00, '', 0, 0, '0000-00-00 00:00:00'),
(10, 359, 32, 2, 10, 10, 0, 'Marketable', 'Tanda Jadi', '', 1, 'KPR', 36, 20000000, '175', 8.00, 2457234440, '2015-05-30 11:52:15', '2015-05-30 11:52:15', '0000-00-00 00:00:00', '0000-00-00 00:00:00', 2592000, 0.00, 0.00, '', 0, 0, '0000-00-00 00:00:00'),
(11, 100, 33, 2, 11, 11, 0, 'Marketable', 'Tanda Jadi', '', 1, 'Cash', 36, 20000000, '118', 0.00, 2660103180, '2015-06-15 00:00:00', '2015-05-30 11:57:37', '0000-00-00 00:00:00', '0000-00-00 00:00:00', 2592000, 0.00, 0.00, '', 0, 0, '0000-00-00 00:00:00'),
(12, 123, 33, 2, 12, 12, 0, 'Marketable', 'Tanda Jadi', '', 1, 'Cash', 36, 20000000, '119', 0.00, 3435269480, '2015-06-15 00:00:00', '2015-05-30 12:04:18', '0000-00-00 00:00:00', '0000-00-00 00:00:00', 2592000, 0.00, 0.00, '', 0, 0, '0000-00-00 00:00:00'),
(13, 290, 33, 2, 13, 13, 0, 'Marketable', 'Tanda Jadi', '', 1, 'Cash', 36, 20000000, '120', 0.00, 2230939600, '2015-06-15 00:00:00', '2015-05-30 12:08:19', '0000-00-00 00:00:00', '0000-00-00 00:00:00', 2592000, 0.00, 0.00, '', 0, 0, '0000-00-00 00:00:00'),
(14, 490, 12, 2, 14, 14, 0, 'Marketable', 'Sold', '', 1, 'Cash', 48, 20000000, '174', 0.00, 2407076160, '2015-06-15 00:00:00', '2015-05-30 12:12:52', '2015-05-30 12:25:00', '0000-00-00 00:00:00', 2592000, 0.00, 0.00, '', 0, 0, '0000-00-00 00:00:00'),
(15, 377, 33, 2, 15, 15, 0, 'Marketable', 'Tanda Jadi', '', 1, 'Cash', 36, 20000000, '143', 0.00, 2230939600, '2015-06-15 00:00:00', '2015-05-30 12:13:25', '0000-00-00 00:00:00', '0000-00-00 00:00:00', 2592000, 0.00, 0.00, '', 0, 0, '0000-00-00 00:00:00'),
(17, 284, 33, 2, 17, 17, 0, 'Marketable', 'Tanda Jadi', '', 1, 'Cash', 36, 20000000, '148', 0.00, 2713305300, '2015-06-15 00:00:00', '2015-05-30 12:17:16', '0000-00-00 00:00:00', '0000-00-00 00:00:00', 2592000, 0.00, 0.00, '', 0, 0, '0000-00-00 00:00:00'),
(20, 363, 26, 2, 24, 24, 0, 'Marketable', 'Tanda Jadi', '', 1, 'Cash', 48, 20000000, '167', 10.00, 3561790500, '2015-06-15 00:00:00', '2015-05-30 12:33:16', '0000-00-00 00:00:00', '0000-00-00 00:00:00', 2592000, 0.00, 0.00, '', 0, 0, '0000-00-00 00:00:00'),
(22, 47, 14, 2, 26, 26, 0, 'Marketable', 'Tanda Jadi', '', 1, 'KPR', 36, 20000000, '73', 0.00, 1817413080, '2015-06-15 00:00:00', '2015-05-30 12:39:18', '0000-00-00 00:00:00', '0000-00-00 00:00:00', 2592000, 0.00, 0.00, '', 0, 0, '0000-00-00 00:00:00'),
(23, 437, 32, 2, 27, 27, 0, 'Marketable', 'Sold', '', 1, 'KPR', 36, 20000000, '161', 8.00, 2551501440, '2015-05-30 12:47:33', '2015-05-30 12:47:33', '2015-05-30 13:34:43', '0000-00-00 00:00:00', 2592000, 0.00, 0.00, '', 0, 0, '0000-00-00 00:00:00'),
(25, 306, 32, 2, 30, 30, 0, 'Marketable', 'Sold', '', 1, 'KPR', 36, 20000000, '160', 4.00, 2589208320, '2015-05-30 13:03:38', '2015-05-30 13:03:38', '2015-05-30 13:32:47', '0000-00-00 00:00:00', 2592000, 0.00, 0.00, '', 0, 0, '0000-00-00 00:00:00'),
(26, 370, 14, 2, 31, 31, 0, 'Marketable', 'Tanda Jadi', '', 1, 'KPR', 36, 20000000, '165', 0.00, 1580806080, '2015-06-15 00:00:00', '2015-05-30 13:05:51', '0000-00-00 00:00:00', '0000-00-00 00:00:00', 2592000, 0.00, 0.00, '', 0, 0, '0000-00-00 00:00:00'),
(27, 259, 12, 2, 32, 32, 0, 'Marketable', 'Tanda Jadi', '', 1, 'Cash', 36, 20000000, '133', 0.00, 2248289180, '2015-06-15 00:00:00', '2015-05-30 13:11:18', '0000-00-00 00:00:00', '0000-00-00 00:00:00', 2592000, 0.00, 0.00, '', 0, 0, '0000-00-00 00:00:00'),
(28, 241, 33, 2, 33, 33, 0, 'Marketable', 'Tanda Jadi', '', 1, 'KPR', 24, 20000000, '146', 0.00, 2341612380, '2015-06-15 00:00:00', '2015-05-30 13:14:36', '0000-00-00 00:00:00', '0000-00-00 00:00:00', 2592000, 0.00, 0.00, '', 0, 0, '0000-00-00 00:00:00'),
(29, 188, 33, 2, 34, 34, 0, 'Marketable', 'Tanda Jadi', '', 1, 'Cash', 36, 20000000, '130', 0.00, 2209067680, '2015-06-15 00:00:00', '2015-05-30 13:23:32', '0000-00-00 00:00:00', '0000-00-00 00:00:00', 2592000, 0.00, 0.00, '', 0, 0, '0000-00-00 00:00:00'),
(30, 355, 27, 2, 35, 35, 0, 'Marketable', 'Tanda Jadi', '', 1, 'Cash', 48, 20000000, '168', 0.00, 2941946880, '2015-06-15 00:00:00', '2015-05-30 13:34:02', '0000-00-00 00:00:00', '0000-00-00 00:00:00', 2592000, 0.00, 0.00, '', 0, 0, '0000-00-00 00:00:00'),
(31, 280, 33, 2, 36, 36, 0, 'Marketable', 'Tanda Jadi', '', 1, 'KPR', 36, 20000000, '12', 0.00, 2403816300, '2015-06-15 00:00:00', '2015-05-30 13:38:21', '0000-00-00 00:00:00', '0000-00-00 00:00:00', 2592000, 0.00, 0.00, '', 0, 0, '0000-00-00 00:00:00'),
(33, 353, 27, 2, 38, 38, 0, 'Marketable', 'Tanda Jadi', '', 1, 'Cash', 48, 20000000, '169', 0.00, 2941946880, '2015-06-15 00:00:00', '2015-05-30 13:41:16', '0000-00-00 00:00:00', '0000-00-00 00:00:00', 2592000, 0.00, 0.00, '', 0, 0, '0000-00-00 00:00:00'),
(37, 516, 12, 2, 42, 42, 0, 'Marketable', 'Tanda Jadi', '', 1, 'Cash', 48, 20000000, '113', 0.00, 2866535640, '2015-06-15 00:00:00', '2015-05-30 14:00:00', '0000-00-00 00:00:00', '0000-00-00 00:00:00', 2592000, 0.00, 0.00, '', 0, 0, '0000-00-00 00:00:00'),
(38, 385, 8, 2, 43, 43, 0, 'Marketable', 'Sold', '', 1, 'Cash', 48, 20000000, '81', 0.00, 2340871920, '2015-06-15 00:00:00', '2015-05-30 14:01:41', '2015-05-30 14:09:28', '0000-00-00 00:00:00', 2592000, 0.00, 0.00, '', 0, 0, '0000-00-00 00:00:00'),
(39, 366, 28, 2, 44, 44, 0, 'Marketable', 'Tanda Jadi', '', 1, 'KPR', 36, 20000000, '125', 0.00, 2510652580, '2015-05-30 14:04:34', '2015-05-30 14:04:34', '0000-00-00 00:00:00', '0000-00-00 00:00:00', 2592000, 0.00, 0.00, '', 0, 0, '0000-00-00 00:00:00'),
(40, 379, 28, 2, 45, 45, 0, 'Marketable', 'Tanda Jadi', '', 1, 'Cash', 36, 20000000, '126', 0.00, 3617740400, '2015-05-30 14:14:12', '2015-05-30 14:14:12', '0000-00-00 00:00:00', '0000-00-00 00:00:00', 2592000, 0.00, 0.00, '', 0, 0, '0000-00-00 00:00:00'),
(41, 386, 8, 2, 46, 46, 0, 'Marketable', 'Tanda Jadi', '', 1, 'Cash', 48, 20000000, '135', 0.00, 2391760440, '2015-06-15 00:00:00', '2015-05-30 14:38:27', '0000-00-00 00:00:00', '0000-00-00 00:00:00', 2592000, 0.00, 0.00, '', 0, 0, '0000-00-00 00:00:00'),
(42, 170, 13, 2, 47, 47, 0, 'Marketable', 'Tanda Jadi', '', 1, 'Cash', 48, 20000000, '154', 4.00, 1806799680, '2015-06-15 00:00:00', '2015-05-30 14:56:56', '0000-00-00 00:00:00', '0000-00-00 00:00:00', 2592000, 0.00, 0.00, '', 0, 0, '0000-00-00 00:00:00'),
(43, 267, 28, 2, 48, 48, 0, 'Marketable', 'Tanda Jadi', '', 1, 'Cash', 36, 20000000, '061', 0.00, 2629540320, '2015-05-30 15:14:55', '2015-05-30 15:14:55', '0000-00-00 00:00:00', '0000-00-00 00:00:00', 2592000, 0.00, 0.00, '', 0, 0, '0000-00-00 00:00:00'),
(44, 220, 12, 2, 49, 49, 0, 'Marketable', 'Tanda Jadi', '', 1, 'Cash', 36, 20000000, '051', 0.00, 2597845500, '2015-06-15 00:00:00', '2015-05-30 15:23:17', '0000-00-00 00:00:00', '0000-00-00 00:00:00', 2592000, 0.00, 0.00, '', 0, 0, '0000-00-00 00:00:00'),
(45, 253, 12, 2, 50, 50, 0, 'Marketable', 'Tanda Jadi', '', 1, 'Cash', 48, 20000000, '144', 0.00, 1769158020, '2015-06-15 00:00:00', '2015-05-30 15:54:44', '0000-00-00 00:00:00', '0000-00-00 00:00:00', 2592000, 0.00, 0.00, '', 0, 0, '0000-00-00 00:00:00'),
(46, 242, 12, 2, 51, 51, 0, 'Marketable', 'Tanda Jadi', '', 1, 'Cash', 36, 20000000, '134', 0.00, 2226247120, '2015-06-15 00:00:00', '2015-05-30 16:29:38', '0000-00-00 00:00:00', '0000-00-00 00:00:00', 2592000, 0.00, 0.00, '', 0, 0, '0000-00-00 00:00:00');

-- --------------------------------------------------------

--
-- Table structure for table `tbl_promo`
--

CREATE TABLE IF NOT EXISTS `tbl_promo` (
  `id_promo` int(11) NOT NULL AUTO_INCREMENT,
  `nama_promo` varchar(100) NOT NULL,
  `deskripsi` text NOT NULL,
  `tanggal_mulai` date NOT NULL,
  `tanggal_akhir` date NOT NULL,
  `id_user` int(11) NOT NULL,
  `status_promo` int(11) NOT NULL,
  PRIMARY KEY (`id_promo`)
) ENGINE=InnoDB  DEFAULT CHARSET=latin1 AUTO_INCREMENT=7 ;

--
-- Dumping data for table `tbl_promo`
--

INSERT INTO `tbl_promo` (`id_promo`, `nama_promo`, `deskripsi`, `tanggal_mulai`, `tanggal_akhir`, `id_user`, `status_promo`) VALUES
(6, 'PROMO SAJA', 'PROMO BERHADIAH', '2015-05-07', '2015-06-12', 0, 1);

-- --------------------------------------------------------

--
-- Table structure for table `tbl_rencana`
--

CREATE TABLE IF NOT EXISTS `tbl_rencana` (
  `id_rencana` int(11) NOT NULL AUTO_INCREMENT,
  `tanggal_rencana` varchar(20) NOT NULL,
  `tipe_pembayaran` varchar(25) NOT NULL,
  `tahap_pembayaran` int(11) NOT NULL,
  `nilai` decimal(20,0) NOT NULL,
  `keterangan` varchar(100) NOT NULL,
  `id_pemesanan` int(11) NOT NULL,
  PRIMARY KEY (`id_rencana`)
) ENGINE=InnoDB DEFAULT CHARSET=latin1 AUTO_INCREMENT=1 ;

-- --------------------------------------------------------

--
-- Table structure for table `tbl_resepsionis`
--

CREATE TABLE IF NOT EXISTS `tbl_resepsionis` (
  `id_resepsionis` int(11) NOT NULL AUTO_INCREMENT,
  `nomor_pemesanan` varchar(15) NOT NULL,
  `nama_lengkap` varchar(20) NOT NULL,
  `no_ktp` int(11) NOT NULL,
  `hp` varchar(11) NOT NULL,
  `email` varchar(20) NOT NULL,
  `alamat_ktp` varchar(30) NOT NULL,
  `status_kehadiran` int(1) NOT NULL,
  `status_transaksi` int(11) NOT NULL,
  `waktu_kehadiran` varchar(100) NOT NULL,
  PRIMARY KEY (`id_resepsionis`)
) ENGINE=InnoDB  DEFAULT CHARSET=latin1 AUTO_INCREMENT=233 ;

--
-- Dumping data for table `tbl_resepsionis`
--

INSERT INTO `tbl_resepsionis` (`id_resepsionis`, `nomor_pemesanan`, `nama_lengkap`, `no_ktp`, `hp`, `email`, `alamat_ktp`, `status_kehadiran`, `status_transaksi`, `waktu_kehadiran`) VALUES
(1, '1', 'NOVI IMELY', 0, '', '', '', 1, 1, '2015-06-03 13:22:52'),
(2, '2', 'IBK KUSUMAJATI', 0, '', '', '', 0, 1, ''),
(3, '3', 'DHILA', 0, '', '', '', 0, 1, ''),
(4, '4', 'DHILA', 0, '', '', '', 0, 0, ''),
(5, '5', 'FITRIYADI', 0, '8117556757', '', 'Jl. Sisingmangaraja No. 147, R', 0, 0, ''),
(6, '6', 'FITRIYADI', 0, '8117556757', '', 'Jl. Sisingmangaraja No. 147, R', 0, 0, ''),
(7, '7', 'FITRIYADI', 0, '8117556757', '', 'Jl. Sisingmangaraja No. 147, R', 0, 0, ''),
(8, '8', 'FITRIYADI', 0, '8117556757', '', 'Jl. Sisingmangaraja No. 147, R', 0, 0, ''),
(9, '9', 'AURELIA', 0, '', '', 'Vila Santika Blok C 4 No. 38, ', 0, 0, ''),
(10, '10', 'AURELIA', 0, '', '', 'Vila Santika Blok C 4 No. 38, ', 0, 0, ''),
(11, '11', 'AURELIA', 0, '', '', 'Vila Santika Blok C 4 No. 38, ', 0, 0, ''),
(12, '12', 'MUNNI AIDA SAPRI SIR', 0, '', '', 'Jl. Bunga Mayang IV No. 3, Rt.', 1, 0, '2015-05-30 12:28:25'),
(13, '13', 'FITRIYADI', 0, '8117556757', '', 'Jl. Sisingmangaraja No. 147, R', 0, 0, ''),
(14, '14', 'FITRIYADI', 0, '8117556757', '', 'Jl. Sisingmangaraja No. 147, R', 0, 0, ''),
(15, '15', 'FITRIYADI', 0, '8117556757', '', 'Jl. Sisingmangaraja No. 147, R', 0, 0, ''),
(16, '16', 'FITRIYADI', 0, '8117556757', '', 'Jl. Sisingmangaraja No. 147, R', 0, 0, ''),
(17, '17', 'FITRIYADI', 0, '8117556757', '', 'Jl. Sisingmangaraja No. 147, R', 0, 0, ''),
(18, '18', 'FITRIYADI', 0, '8117556757', '', 'Jl. Sisingmangaraja No. 147, R', 0, 0, ''),
(19, '19', 'FITRIYADI', 0, '8117556757', '', 'Jl. Sisingmangaraja No. 147, R', 0, 0, ''),
(20, '20', 'FITRIYADI', 0, '8117556757', '', 'Jl. Sisingmangaraja No. 147, R', 0, 0, ''),
(21, '21', 'FITRIYADI', 0, '8117556757', '', 'Jl. Sisingmangaraja No. 147, R', 0, 0, ''),
(22, '22', 'FITRIYADI', 0, '8117556757', '', 'Jl. Sisingmangaraja No. 147, R', 0, 0, ''),
(23, '23', 'FITRIYADI', 0, '8117556757', '', 'Jl. Sisingmangaraja No. 147, R', 0, 0, ''),
(24, '24', 'FITRIYADI', 0, '8117556757', '', 'Jl. Sisingmangaraja No. 147, R', 0, 0, ''),
(25, '25', 'FITRIYADI', 0, '8117556757', '', 'Jl. Sisingmangaraja No. 147, R', 0, 0, ''),
(26, '26', 'FITRIYADI', 0, '8117556757', '', 'Jl. Sisingmangaraja No. 147, R', 0, 0, ''),
(27, '27', 'FITRIYADI', 0, '8117556757', '', 'Jl. Sisingmangaraja No. 147, R', 1, 0, '2015-05-30 11:51:39'),
(28, '28', 'FITRIYADI', 0, '8117556757', '', 'Jl. Sisingmangaraja No. 147, R', 0, 0, ''),
(29, '29', 'ERNI GUNAWAN', 0, '', '', 'Pantai Mutiara Blok AI No. 3, ', 0, 0, ''),
(30, '30', 'ERNI GUNAWAN', 0, '', '', 'Pantai Mutiara Blok AI No. 3, ', 0, 0, ''),
(31, '31', 'JONSON', 0, '', '', '', 0, 0, ''),
(32, '32', 'LUSIANA ANDRIANI', 0, '', '', 'Jl. Bisma II Blok B.4 No. 45, ', 0, 0, ''),
(33, '33', 'DINI MELLY', 0, '', '', '', 0, 0, ''),
(34, '34', 'SANNITA A', 0, '', '', 'Citra Garden 2 Blok C-2/2, Rt.', 0, 0, ''),
(35, '35', '', 0, '', '', '', 0, 0, ''),
(36, '36', 'PERMANA', 0, '', '', '', 0, 0, ''),
(37, '37', 'PERMANA', 0, '', '', '', 0, 0, ''),
(38, '38', 'KEVIN STARCHAN', 0, '87889998080', '', '', 0, 0, ''),
(39, '39', 'KEVIN STARCHAN', 0, '87889998080', '', '', 0, 0, ''),
(40, '40', 'PERMANA', 0, '', '', '', 0, 0, ''),
(41, '41', 'PERMANA', 0, '', '', '', 0, 0, ''),
(42, '42', 'FIAZ SERVIA', 0, '', '', 'Jl. Cempaka Putih Timur, Rt. 0', 0, 0, ''),
(43, '43', 'NICKO CHRISTIAN SALI', 0, '8558880005', '', 'Marina Coast The Bukit Blok C5', 0, 0, ''),
(44, '44', 'NICKO CHRISTIAN SALI', 0, '8558880005', '', 'Marina Coast The Bukit Blok C5', 0, 0, ''),
(45, '45', 'NICKO CHRISTIAN SALI', 0, '8558880005', '', 'Marina Coast The Bukit Blok C5', 0, 0, ''),
(46, '46', 'OCTAVIA WIJAYATY', 0, '', '', 'Rusun Petamburan Blok II LT.I ', 0, 0, ''),
(47, '47', 'CHRISTIAN STEPHANUS', 0, '818872912', '', 'Jl. Sunter Hijau VI Blok H4/17', 0, 0, ''),
(48, '48', 'ADITYA WIBOWO', 0, '', '', '', 0, 0, ''),
(49, '49', 'TAMARA', 0, '', '', '', 0, 0, ''),
(50, '50', 'PUTUT', 0, '', '', '', 0, 0, ''),
(51, '51', 'NURJATI', 0, '', '', 'Duri Kencana VI/3, Rt. 003, Rw', 1, 0, '2015-05-30 13:52:12'),
(52, '52', 'DESY FARINA', 0, '', '', 'Jl. Kramat Jalan I, Rt. 011, R', 0, 0, ''),
(53, '53', 'ARISH NUR AKBAR', 0, '', '', 'Kramat I Jl. I, Rt. 011, Rw. 0', 0, 0, ''),
(54, '54', 'SIANTININGSIH S', 0, '', '', '', 0, 0, ''),
(55, '55', 'ZAENAL ARIFIN', 0, '8176670422', '', 'Kp. Bulak Teko, Rt. 002, Rw. 0', 0, 0, ''),
(56, '56', 'YOHAN ANDREAS', 0, '87881511448', '', 'Muara Karang Blok B.8B/69, Rt.', 0, 0, ''),
(57, '57', 'ARDY', 0, '', '', 'Teluk Gong Jl. C No. 217, Rt. ', 0, 0, ''),
(58, '58', 'ARDY', 0, '', '', 'Teluk Gong Jl. C No. 217, Rt. ', 0, 0, ''),
(59, '59', '', 0, '', '', '', 0, 0, ''),
(60, '60', '', 0, '', '', '', 0, 0, ''),
(61, '61', 'ANGELINA', 0, '', '', 'Jl. Hidup Baru No. 9, Rt. 001,', 1, 0, '2015-05-30 13:55:34'),
(62, '62', 'BETTY (DD BATAL)', 0, '', '', '', 0, 0, ''),
(63, '63', 'MARTIN WIHADI', 0, '', '', 'Bungur Besar Raya No. 165 A, R', 1, 0, '2015-05-30 10:52:22'),
(64, '64', 'IMRON MUTAQIN', 0, '', '', 'Dukuh Zamrud Blok T.10 No. 21,', 1, 0, '2015-05-30 11:56:43'),
(65, '65', 'AGUS WIBOWO SALIM', 0, '', 'suryatimurline@ymail', 'Lebak Arum 6/44, Rt. 007, Rw. ', 0, 0, ''),
(66, '66', 'SULANTO TARINO', 0, '816926588', '', 'Jl. Pelepah Kuning I DA 3/23, ', 0, 0, ''),
(67, '67', 'AMAR MUHSIN NISAR', 0, '', '', 'Grand Marina Blok S-22, Rt. 00', 0, 0, ''),
(68, '68', 'NG RUDY', 0, '81578009965', '', 'Taman Surya III Blok K-2/2, Rt', 0, 0, ''),
(69, '69', 'LILY GOEY', 0, '', '', '', 0, 0, ''),
(70, '70', 'LILY GOEY', 0, '', '', '', 0, 0, ''),
(71, '71', 'HENDRA GODJALI', 0, '', '', 'Jl. Kayu Putih Raya B-21, Rt. ', 1, 0, '2015-05-30 10:47:51'),
(72, '72', 'ELLEN NOVITA', 0, '', '', '', 0, 0, ''),
(73, '73', 'LINDA SUNGKONO', 0, '', '', '', 1, 0, '2015-05-30 11:07:21'),
(74, '74', 'LINDA SUNGKONO', 0, '', '', '', 1, 0, '2015-05-30 11:07:40'),
(75, '75', 'HENDRA', 0, '', '', '', 0, 0, ''),
(76, '76', 'DEDY', 0, '', '', '', 0, 0, ''),
(77, '77', 'IRMA SUMAYA', 0, '', '', '', 0, 0, ''),
(78, '78', 'IRMA SUMAYA', 0, '', '', '', 0, 0, ''),
(79, '79', 'SONYA', 0, '', '', '', 0, 0, ''),
(80, '80', 'DANTES SIMAMORA', 0, '', '', '', 0, 0, ''),
(81, '81', 'SHELLA MELISSA', 0, '', '', '', 1, 0, '2015-05-30 11:07:59'),
(82, '82', 'DESIH', 0, '', '', '', 0, 0, ''),
(83, '83', 'LILIYANA', 0, '', '', '', 1, 0, '2015-05-30 11:09:38'),
(84, '84', 'LILIYANA', 0, '', '', '', 0, 0, ''),
(85, '85', 'VATINA', 0, '', '', '', 0, 0, ''),
(86, '86', 'VATINA', 0, '', '', '', 0, 0, ''),
(87, '87', 'VATINA', 0, '', '', '', 0, 0, ''),
(88, '88', 'VATINA', 0, '', '', '', 0, 0, ''),
(89, '89', 'Ir. HENDRA SURYADI', 0, '', '', '', 0, 0, ''),
(90, '90', 'RINAYANI TJANDRA', 0, '', '', '', 0, 0, ''),
(91, '91', 'JULLY KATHERINA', 0, '', '', '', 0, 0, ''),
(92, '92', 'JULLY KATHERINA', 0, '', '', '', 0, 0, ''),
(93, '93', 'JULLY KATHERINA', 0, '', '', '', 0, 0, ''),
(94, '94', 'JULLY KATHERINA', 0, '', '', '', 0, 0, ''),
(95, '95', 'SONYA', 0, '', '', '', 0, 0, ''),
(96, '96', 'MING SING', 0, '', '', '', 0, 0, ''),
(97, '97', 'ZALDY', 0, '', '', '', 0, 0, ''),
(98, '98', 'ZALDY', 0, '', '', '', 0, 0, ''),
(99, '99', 'MARGARETA FEI', 0, '', '', '', 0, 0, ''),
(100, '100', 'MARGARETA FEI', 0, '', '', '', 1, 0, '2015-05-30 11:09:49'),
(101, '101', 'V NANIK PARNIASTUTI', 0, '', '', '', 0, 0, ''),
(102, '102', 'POPPY DAISY', 0, '', '', '', 0, 0, ''),
(103, '103', 'VIOLINE LAWRENCE', 0, '', '', '', 0, 0, ''),
(104, '104', 'VIOLINE LAWRENCE', 0, '', '', '', 0, 0, ''),
(105, '105', 'IDA', 0, '', '', '', 0, 0, ''),
(106, '106', 'TOMMY HALIM', 0, '', '', '', 0, 0, ''),
(107, '107', 'EFFI', 0, '', '', '', 0, 0, ''),
(108, '108', 'EFFI', 0, '', '', '', 0, 0, ''),
(109, '109', 'EVELYN EVERLAND', 0, '', '', '', 0, 0, ''),
(110, '110', 'ATANASIA TRI BASUKI', 0, '', '', '', 1, 0, '2015-05-30 10:50:33'),
(111, '111', 'ATANASIA TRI BASUKI', 0, '', '', '', 0, 0, ''),
(112, '112', 'FEROZ', 0, '', '', 'Sudirman Town House, Jl. Sudir', 0, 0, ''),
(113, '113', 'LOUIS', 0, '', '', 'Kp. Pamucatan, Rt. 003, Rw. 00', 1, 0, '2015-05-30 13:52:28'),
(114, '114', 'RUDY KONGAS SUGANDA', 0, '', '', '', 0, 0, ''),
(115, '115', 'JULIUS VICTOR / SUSI', 0, '81281853559', '', 'Perum Casa Jardin Cluster Glad', 1, 0, '2015-05-30 14:52:28'),
(116, '116', '', 0, '', '', '', 0, 0, ''),
(117, '117', 'ENDANG SRI KUSTATI', 0, '8121005689', '', '', 1, 1, '2015-05-30 10:50:15'),
(118, '118', 'M. ERWIN SYAFITRI', 0, '', '', 'Kp. Padurenan 106, Rt. 002, Rw', 1, 0, '2015-05-30 11:47:12'),
(119, '119', 'M. ERWIN SYAFITRI', 0, '', '', 'Kp. Padurenan 106, Rt. 002, Rw', 1, 0, '2015-05-30 11:47:21'),
(120, '120', 'M. ERWIN SYAFITRI', 0, '', '', 'Kp. Padurenan 106, Rt. 002, Rw', 1, 0, '2015-05-30 11:47:28'),
(121, '121', 'AHMAD BAIHAQI', 0, '816838172', '', 'Jl. Niaga Hijau I No. 70, Rt. ', 1, 0, '2015-05-30 11:10:14'),
(122, '122', 'ANDRY SANTOSO', 0, '', '', 'Jl. Roda No. 62, Rt. 001, Rw. ', 0, 0, ''),
(123, '123', '', 0, '', '', '', 0, 0, ''),
(124, '124', '', 0, '', '', '', 0, 0, ''),
(125, '125', 'FANNY LIMEWA', 0, '', '', 'Jl. Lamadukelleng No. 50A, Rt.', 0, 0, ''),
(126, '126', 'JOHN THEODORE', 0, '', '', 'Jl. Lamadukelleng No. 50A, Rt.', 0, 0, ''),
(127, '127', '', 0, '', '', '', 0, 0, ''),
(128, '128', 'ANTHONY WIDJAYA (DD ', 0, '', '', 'Jl. Pamandangan II/7, Rt. 001,', 0, 0, ''),
(129, '129', 'MOCHAMAD MARJOSO', 0, '', '', '', 1, 0, '2015-05-30 11:30:25'),
(130, '130', 'JOHANNES KARUNDENG', 0, '', '', '', 1, 0, '2015-05-30 13:16:30'),
(131, '131', 'FERIANTI', 0, '', '', 'Jl. Pademangan II GG.14, Rt. 0', 0, 0, ''),
(132, '132', 'FERIANTI', 0, '', '', 'Jl. Pademangan II GG.14, Rt. 0', 0, 0, ''),
(133, '133', 'EDDY WIJAYA', 0, '', '', 'Gading Riviera I Blok PF-22 No', 1, 0, '2015-05-30 11:24:11'),
(134, '134', 'EDDY WIJAYA', 0, '', '', 'Gading Riviera I Blok PF-22 No', 0, 0, ''),
(135, '135', 'JOSEPHINE HUTABARAT', 0, '', '', 'Griya Tugu Asri Blok B.3/7, Rt', 1, 0, '2015-05-30 14:39:37'),
(136, '136', 'KEMAL EFENDI GANI', 0, '', '', '', 0, 0, ''),
(137, '137', 'HENDRIK SETIAWAN', 0, '', '', 'Jl. Taman Golf No. 95 Lippo Ka', 0, 0, ''),
(138, '138', 'FERDINAN', 0, '', '', 'Jl. Swasembada Barat V No. 28,', 1, 0, '2015-05-30 12:30:27'),
(139, '139', 'DRS SYAHRUL MAMMA SH', 0, '8121181883', '', 'Jl. Palem Kartika V Kav 31, Rt', 0, 0, ''),
(140, '140', 'DRS SYAHRUL MAMMA SH', 0, '8121181883', '', 'Jl. Palem Kartika V Kav 31, Rt', 0, 0, ''),
(141, '141', 'DRS SYAHRUL MAMMA SH', 0, '8121181883', '', 'Jl. Palem Kartika V Kav 31, Rt', 0, 0, ''),
(142, '142', 'DRS SYAHRUL MAMMA SH', 0, '8121181883', '', 'Jl. Palem Kartika V Kav 31, Rt', 0, 0, ''),
(143, '143', 'DRS SYAHRUL MAMMA SH', 0, '8121181883', '', 'Jl. Palem Kartika V Kav 31, Rt', 1, 0, '2015-05-30 11:48:38'),
(144, '144', '', 0, '', '', '', 1, 0, '2015-05-30 15:53:46'),
(145, '145', 'ARISTO PURBOAJI', 0, '', '', '', 0, 0, ''),
(146, '146', 'HARIYANTO', 0, '', '', 'Jl. Jend. Sudirman No. 38, Rt.', 1, 0, '2015-05-30 13:16:41'),
(147, '147', 'DRS SYAHRUL MAMMA SH', 0, '8121181883', '', 'Jl. Palem Kartika V Kav 31, Rt', 1, 0, '2015-05-30 11:56:17'),
(148, '148', 'DRS SYAHRUL MAMMA SH', 0, '8121181883', '', 'Jl. Palem Kartika V Kav 31, Rt', 1, 0, '2015-05-30 11:49:24'),
(149, '149', 'DRS SYAHRUL MAMMA SH', 0, '8121181883', '', 'Jl. Palem Kartika V Kav 31, Rt', 1, 0, '2015-05-30 11:56:22'),
(150, '150', 'DRS SYAHRUL MAMMA SH', 0, '8121181883', '', 'Jl. Palem Kartika V Kav 31, Rt', 1, 0, '2015-05-30 11:56:27'),
(151, '151', 'DRS SYAHRUL MAMMA SH', 0, '8121181883', '', 'Jl. Palem Kartika V Kav 31, Rt', 1, 0, '2015-05-30 11:56:31'),
(152, '152', 'LIWAN EFENDI', 0, '', '', '', 0, 0, ''),
(153, '153', 'LIWAN EFENDI', 0, '', '', '', 0, 0, ''),
(154, '154', 'FERDY', 0, '', '', 'Jl. Ters. Sindang Barang I No.', 1, 0, '2015-05-30 13:53:05'),
(155, '155', 'FERDY', 0, '', '', 'Jl. Ters. Sindang Barang I No.', 1, 0, '2015-05-30 13:53:10'),
(156, '156', 'SUTIMADJI TJOKRO', 0, '811962778', '', 'Jl. H. Kurdi Timur III No. 52,', 1, 0, '2015-05-30 10:53:24'),
(157, '157', 'FARID FADLI', 0, '8128811878', '', '', 1, 0, '2015-05-30 10:53:15'),
(158, '158', 'EVI SUSANTY NG', 0, '81310138816', '', 'Sunter STS III Blok C/12, Rt. ', 1, 0, '2015-05-30 13:59:09'),
(159, '159', 'IRVAN PRASURYA W, S.', 0, '8567846399', '', 'Jl. Carina Sayang S-18, Rt. 00', 1, 0, '2015-05-30 10:57:03'),
(160, '160', '', 0, '', '', '', 0, 0, ''),
(161, '161', '', 0, '', '', '', 0, 0, ''),
(162, '162', '', 0, '', '', '', 0, 0, ''),
(163, '163', 'CHANDRA YANE', 0, '81283915789', '', 'Yos Soedarso, Rt. 028, Rw. 008', 1, 0, '2015-05-30 12:25:16'),
(164, '164', 'CHANDRA YANE', 0, '81283915789', '', 'Yos Soedarso, Rt. 028, Rw. 008', 0, 0, ''),
(165, '165', 'EVI LANIJANTI', 0, '8161986894', '', 'Jl. Perkici Raya Blok EB2/66 S', 1, 0, '2015-05-30 12:05:43'),
(166, '166', '', 0, '', '', '', 0, 0, ''),
(167, '167', '', 0, '', '', '', 0, 0, ''),
(168, '168', 'ADI SETIANTO', 0, '8119626000', '', 'Sutera Gardenia VI/10, Rt. 004', 1, 0, '2015-05-30 13:29:52'),
(169, '169', 'ADI SETIANTO', 0, '8119626000', '', 'Sutera Gardenia VI/10, Rt. 004', 1, 0, '2015-05-30 13:29:59'),
(170, '170', 'SURIANA', 0, '', '', 'Muara Karang Blok V.5 S/4, Rt.', 0, 0, ''),
(171, '171', 'SURIANA', 0, '', '', 'Muara Karang Blok V.5 S/4, Rt.', 0, 0, ''),
(172, '172', 'TAN CHIE KHIONG', 0, '81212336666', '', 'Jl. Pademangan II GG.2 No. 8, ', 0, 0, ''),
(173, '173', 'ANITA', 0, '', '', '', 0, 0, ''),
(174, '174', 'YOHAN WIJAYA', 0, '8111107778', '', 'Villa Kebon Jeruk B/15, Rt. 01', 1, 0, '2015-05-30 10:54:27'),
(175, '175', 'YULIANA', 0, '8128210757', '', 'Jl. Budi Mulia/10, Rt. 005, Rw', 1, 0, '2015-05-30 10:54:57'),
(176, '176', '', 0, '', '', '', 0, 0, ''),
(177, '177', '', 0, '', '', '', 0, 0, ''),
(178, '178', '', 0, '', '', '', 0, 0, ''),
(179, '179', '', 0, '', '', '', 0, 0, ''),
(180, '180', '', 0, '', '', '', 0, 0, ''),
(181, '181', '', 0, '', '', '', 0, 0, ''),
(182, '182', '', 0, '', '', '', 0, 0, ''),
(183, '183', '', 0, '', '', '', 0, 0, ''),
(184, '184', '', 0, '', '', '', 0, 0, ''),
(185, '185', '', 0, '', '', '', 0, 0, ''),
(186, '186', '', 0, '', '', '', 0, 0, ''),
(187, '187', '', 0, '', '', '', 0, 0, ''),
(188, '188', '', 0, '', '', '', 0, 0, ''),
(189, '189', '', 0, '', '', '', 0, 0, ''),
(190, '190', '', 0, '', '', '', 0, 0, ''),
(191, '191', '', 0, '', '', '', 0, 0, ''),
(192, '192', '', 0, '', '', '', 0, 0, ''),
(193, '193', '', 0, '', '', '', 0, 0, ''),
(194, '194', '', 0, '', '', '', 0, 0, ''),
(195, '195', '', 0, '', '', '', 0, 0, ''),
(196, '196', '', 0, '', '', '', 0, 0, ''),
(197, '197', '', 0, '', '', '', 0, 0, ''),
(198, '198', '', 0, '', '', '', 0, 0, ''),
(199, '199', '', 0, '', '', '', 0, 0, ''),
(200, '200', '', 0, '', '', '', 0, 0, ''),
(201, '201', 'SIULI SUTINAH', 0, '81315596815', '', '', 0, 0, ''),
(202, '202', 'IDA WIJADINATA', 0, '', '', '', 0, 0, ''),
(203, '203', 'IDA WIJADINATA', 0, '', '', '', 0, 0, ''),
(204, '204', 'IDA WIJADINATA', 0, '', '', '', 0, 0, ''),
(205, '205', 'IDA WIJADINATA', 0, '', '', '', 0, 0, ''),
(206, '206', 'IDA WIJADINATA', 0, '', '', '', 0, 0, ''),
(207, '207', 'KRISTIN JAYA PRANOTO', 0, '8161150128', '', '', 0, 0, ''),
(208, '208', '', 0, '', '', '', 0, 0, ''),
(209, '209', '', 0, '', '', '', 0, 0, ''),
(210, '210', '', 0, '', '', '', 0, 0, ''),
(211, '211', '', 0, '', '', '', 0, 0, ''),
(212, '212', '', 0, '', '', '', 0, 0, ''),
(213, '213', '', 0, '', '', '', 0, 0, ''),
(214, '214', '', 0, '', '', '', 0, 0, ''),
(215, '215', '', 0, '', '', '', 0, 0, ''),
(216, '216', '', 0, '', '', '', 0, 0, ''),
(217, '217', '', 0, '', '', '', 0, 0, ''),
(218, '218', '', 0, '', '', '', 0, 0, ''),
(219, '219', '', 0, '', '', '', 0, 0, ''),
(220, '220', '', 0, '', '', '', 0, 0, ''),
(221, '221', '', 0, '', '', '', 0, 0, ''),
(222, '222', '', 0, '', '', '', 0, 0, ''),
(223, '223', '', 0, '', '', '', 0, 0, ''),
(224, '224', '', 0, '', '', '', 0, 0, ''),
(225, '225', '', 0, '', '', '', 0, 0, ''),
(226, '226', '', 0, '', '', '', 0, 0, ''),
(227, '227', '', 0, '', '', '', 0, 0, ''),
(228, '228', '', 0, '', '', '', 0, 0, ''),
(229, '229', '', 0, '', '', '', 0, 0, ''),
(230, '230', '', 0, '', '', '', 0, 0, ''),
(231, '231', '', 0, '', '', '', 0, 0, ''),
(232, '232', '', 0, '', '', '', 0, 0, '');

-- --------------------------------------------------------

--
-- Table structure for table `tbl_sessions`
--

CREATE TABLE IF NOT EXISTS `tbl_sessions` (
  `session_id` varchar(40) NOT NULL DEFAULT '0',
  `ip_address` varchar(16) NOT NULL DEFAULT '0',
  `user_agent` varchar(120) NOT NULL,
  `last_activity` int(10) unsigned NOT NULL DEFAULT '0',
  `user_data` text NOT NULL,
  PRIMARY KEY (`session_id`),
  KEY `last_activity_idx` (`last_activity`)
) ENGINE=InnoDB DEFAULT CHARSET=latin1;

--
-- Dumping data for table `tbl_sessions`
--

INSERT INTO `tbl_sessions` (`session_id`, `ip_address`, `user_agent`, `last_activity`, `user_data`) VALUES
('c8d8e39bbf21392693372f29d3730f04', '127.0.0.1', 'Mozilla/5.0 (Windows NT 6.3; WOW64; rv:41.0) Gecko/20100101 Firefox/41.0', 1442237735, 'a:9:{s:9:"user_data";s:0:"";s:7:"id_user";s:1:"1";s:12:"nama_lengkap";s:13:"Dito Fityanto";s:8:"username";s:13:"Administrator";s:9:"hash_data";s:32:"2cc2b7bd5038450ab2c0194ff242f694";s:5:"level";s:13:"Administrator";s:2:"sm";s:1:"N";s:8:"id_agent";s:1:"1";s:16:"status_transaksi";s:1:"1";}');

-- --------------------------------------------------------

--
-- Table structure for table `tbl_siteplan`
--

CREATE TABLE IF NOT EXISTS `tbl_siteplan` (
  `id_siteplan` int(11) NOT NULL AUTO_INCREMENT,
  `id_cluster` int(11) NOT NULL,
  `nama_siteplan` varchar(100) NOT NULL,
  `image` varchar(200) NOT NULL DEFAULT 'no_image.jpg',
  `status` enum('Aktif','Tidak Aktif') NOT NULL DEFAULT 'Tidak Aktif',
  PRIMARY KEY (`id_siteplan`),
  KEY `fk_tbl_siteplan_cluster` (`id_cluster`)
) ENGINE=InnoDB  DEFAULT CHARSET=latin1 AUTO_INCREMENT=70 ;

--
-- Dumping data for table `tbl_siteplan`
--

INSERT INTO `tbl_siteplan` (`id_siteplan`, `id_cluster`, `nama_siteplan`, `image`, `status`) VALUES
(1, 1, 'TOWER A FLOOR 1', '1_TOWER_A_FLOOR_1.jpg', 'Aktif'),
(2, 1, 'TOWER A FLOOR 2', '2_TOWER_A_FLOOR_2.jpg', 'Aktif'),
(3, 1, 'TOWER A FLOOR 3', '3_TOWER_A_FLOOR_3.jpg', 'Aktif'),
(4, 1, 'TOWER A FLOOR 5', '4_TOWER_A_FLOOR_5.jpg', 'Aktif'),
(5, 1, 'TOWER A FLOOR 6', '5_TOWER_A_FLOOR_6.jpg', 'Aktif'),
(6, 1, 'TOWER A FLOOR 7', '6_TOWER_A_FLOOR_7.jpg', 'Aktif'),
(7, 1, 'TOWER A FLOOR 8', '7_TOWER_A_FLOOR_8.jpg', 'Aktif'),
(8, 1, 'TOWER A FLOOR 9', '8_TOWER_A_FLOOR_9.jpg', 'Aktif'),
(9, 1, 'TOWER A FLOOR 10', '9_TOWER_A_FLOOR_10.jpg', 'Aktif'),
(10, 1, 'TOWER A FLOOR 11', '10_TOWER_A_FLOOR_11.jpg', 'Aktif'),
(11, 1, 'TOWER A FLOOR 12', '11_TOWER_A_FLOOR_12_15.jpg', 'Aktif'),
(14, 1, 'TOWER A FLOOR 15', '11_TOWER_A_FLOOR_12_15.jpg', 'Aktif'),
(15, 1, 'TOWER A FLOOR 16', '12_TOWER_A_FLOOR_16.jpg', 'Aktif'),
(16, 1, 'TOWER A FLOOR 17', '13_TOWER_A_FLOOR_17.jpg', 'Aktif'),
(17, 1, 'TOWER A FLOOR 18', '14_TOWER_A_FLOOR_18.jpg', 'Aktif'),
(18, 1, 'TOWER A FLOOR 19', '15_TOWER_A_FLOOR_19_20.jpg', 'Aktif'),
(19, 1, 'TOWER A FLOOR 20', '15_TOWER_A_FLOOR_19_20.jpg', 'Aktif'),
(20, 1, 'TOWER A FLOOR 21', '16_TOWER_A_FLOOR_21.jpg', 'Aktif'),
(21, 1, 'TOWER A FLOOR 22', '17_TOWER_A_FLOOR_22.jpg', 'Aktif'),
(22, 1, 'TOWER A FLOOR 23', '18_TOWER_A_FLOOR_23.jpg', 'Aktif'),
(23, 1, 'TOWER A FLOOR 25', '19_TOWER_A_FLOOR_25_26.jpg', 'Aktif'),
(24, 1, 'TOWER A FLOOR 26', '19_TOWER_A_FLOOR_25_26.jpg', 'Aktif'),
(25, 1, 'TOWER A FLOOR 27', '20_TOWER_A_FLOOR_27.jpg', 'Aktif'),
(26, 1, 'TOWER A FLOOR 28', '21_TOWER_A_FLOOR_28.jpg', 'Aktif'),
(27, 1, 'TOWER A FLOOR 29', '22_TOWER_A_FLOOR_29.jpg', 'Aktif'),
(28, 1, 'TOWER A FLOOR 30', '23_TOWER_A_FLOOR_30_31.jpg', 'Aktif'),
(29, 1, 'TOWER A FLOOR 31', '23_TOWER_A_FLOOR_30_31.jpg', 'Aktif'),
(30, 1, 'TOWER A FLOOR 33', '24_TOWER_A_FLOOR_32_-_33_-_35.jpg', 'Aktif'),
(32, 1, 'TOWER A FLOOR 35', '24_TOWER_A_FLOOR_32_-_33_-_35.jpg', 'Aktif'),
(33, 1, 'TOWER A FLOOR 32', '24_TOWER_A_FLOOR_32_-_33_-_35.jpg', 'Aktif'),
(34, 1, 'TOWER A FLOOR 36', '25_TOWER_A_FLOOR_36.jpg', 'Aktif'),
(35, 2, 'TOWER B FLOOR 1', '1_TOWER_A_FLOOR_1.jpg', 'Aktif'),
(36, 2, 'TOWER B FLOOR 2', '2_TOWER_A_FLOOR_2.jpg', 'Aktif'),
(37, 2, 'TOWER B FLOOR 3', '3_TOWER_A_FLOOR_3.jpg', 'Aktif'),
(38, 2, 'TOWER B FLOOR 5', '4_TOWER_A_FLOOR_5.jpg', 'Aktif'),
(39, 2, 'TOWER B FLOOR 6', '5_TOWER_A_FLOOR_6.jpg', 'Aktif'),
(40, 2, 'TOWER B FLOOR 7', '6_TOWER_A_FLOOR_7.jpg', 'Aktif'),
(41, 2, 'TOWER B FLOOR 8', '7_TOWER_A_FLOOR_8.jpg', 'Aktif'),
(42, 2, 'TOWER B FLOOR 9', '8_TOWER_A_FLOOR_9.jpg', 'Aktif'),
(43, 2, 'TOWER B FLOOR 10', '9_TOWER_A_FLOOR_10.jpg', 'Aktif'),
(44, 2, 'TOWER B FLOOR 11', '10_TOWER_A_FLOOR_11.jpg', 'Aktif'),
(45, 2, 'TOWER B FLOOR 12', '11_TOWER_A_FLOOR_12_15.jpg', 'Aktif'),
(46, 2, 'TOWER B FLOOR 13', '11_TOWER_A_FLOOR_12_15.jpg', 'Aktif'),
(47, 2, 'TOWER B FLOOR 14', '11_TOWER_A_FLOOR_12_15.jpg', 'Aktif'),
(48, 2, 'TOWER B FLOOR 15', '11_TOWER_A_FLOOR_12_15.jpg', 'Aktif'),
(49, 2, 'TOWER B FLOOR 16', '12_TOWER_A_FLOOR_16.jpg', 'Aktif'),
(50, 2, 'TOWER B FLOOR 17', '13_TOWER_A_FLOOR_17.jpg', 'Aktif'),
(51, 2, 'TOWER B FLOOR 18', '14_TOWER_A_FLOOR_18.jpg', 'Aktif'),
(52, 2, 'TOWER B FLOOR 19', '15_TOWER_A_FLOOR_19_20.jpg', 'Aktif'),
(53, 2, 'TOWER B FLOOR 20', '15_TOWER_A_FLOOR_19_20.jpg', 'Aktif'),
(54, 2, 'TOWER B FLOOR 21', '16_TOWER_A_FLOOR_21.jpg', 'Aktif'),
(55, 2, 'TOWER B FLOOR 22', '17_TOWER_A_FLOOR_22.jpg', 'Aktif'),
(56, 2, 'TOWER B FLOOR 22', '17_TOWER_A_FLOOR_22.jpg', 'Aktif'),
(57, 2, 'TOWER B  FLOOR 23', '18_TOWER_A_FLOOR_23.jpg', 'Aktif'),
(58, 2, 'TOWER B FLOOR 25', '19_TOWER_A_FLOOR_25_26.jpg', 'Aktif'),
(59, 2, 'TOWER B FLOOR 26', '19_TOWER_A_FLOOR_25_26.jpg', 'Aktif'),
(60, 2, 'TOWER B FLOOR 27', '20_TOWER_A_FLOOR_27.jpg', 'Aktif'),
(61, 2, 'TOWER B FLOOR 28', '21_TOWER_A_FLOOR_28.jpg', 'Aktif'),
(62, 2, 'TOWER B FLOOR 29', '22_TOWER_A_FLOOR_29.jpg', 'Aktif'),
(63, 2, 'TOWER B FLOOR 30', '23_TOWER_A_FLOOR_30_31.jpg', 'Aktif'),
(64, 2, 'TOWER B FLOOR 31', '23_TOWER_A_FLOOR_30_31.jpg', 'Aktif'),
(65, 2, 'TOWER B FLOOR 32', '24_TOWER_A_FLOOR_32_-_33_-_35.jpg', 'Aktif'),
(66, 2, 'TOWER B FLOOR 33', '24_TOWER_A_FLOOR_32_-_33_-_35.jpg', 'Aktif'),
(67, 2, 'TOWER B FLOOR 34', '24_TOWER_A_FLOOR_32_-_33_-_35.jpg', 'Aktif'),
(68, 2, 'TOWER B FLOOR 35', '24_TOWER_A_FLOOR_32_-_33_-_35.jpg', 'Aktif'),
(69, 2, 'TOWER B FLOOR 36', '25_TOWER_A_FLOOR_36.jpg', 'Aktif');

-- --------------------------------------------------------

--
-- Table structure for table `tbl_sk`
--

CREATE TABLE IF NOT EXISTS `tbl_sk` (
  `id_sk` int(11) NOT NULL AUTO_INCREMENT,
  `nama_sk` varchar(50) DEFAULT NULL,
  `persentase_kenaikan` decimal(4,2) DEFAULT NULL,
  `persentase_penurunan` decimal(4,2) DEFAULT NULL,
  `nup_awal` int(11) NOT NULL,
  `nup_akhir` int(11) NOT NULL,
  `status` int(11) NOT NULL,
  `deskripsi` varchar(150) DEFAULT NULL,
  PRIMARY KEY (`id_sk`)
) ENGINE=InnoDB  DEFAULT CHARSET=latin1 AUTO_INCREMENT=7 ;

--
-- Dumping data for table `tbl_sk`
--

INSERT INTO `tbl_sk` (`id_sk`, `nama_sk`, `persentase_kenaikan`, `persentase_penurunan`, `nup_awal`, `nup_akhir`, `status`, `deskripsi`) VALUES
(1, 'Disc 10%', 0.00, 10.00, 1, 56, 1, 'Disc 10%'),
(2, 'Disc 8%', 0.00, 8.00, 57, 100, 1, 'Disc 8%'),
(3, 'Disc 6%', 0.00, 6.00, 101, 150, 1, 'Disc 6%'),
(4, 'Disc 4%', 0.00, 4.00, 151, 200, 1, 'Disc 4%'),
(5, 'Disc 2%', 0.00, 2.00, 201, 250, 1, 'Disc 2%'),
(6, 'Disc 0%', 0.00, 0.00, 251, 300, 1, 'Disc 0%');

-- --------------------------------------------------------

--
-- Table structure for table `tbl_timeout`
--

CREATE TABLE IF NOT EXISTS `tbl_timeout` (
  `id_timeout` int(11) NOT NULL AUTO_INCREMENT,
  `status_pemesanan` varchar(50) NOT NULL,
  `timeout` bigint(100) NOT NULL,
  `status` int(1) NOT NULL,
  PRIMARY KEY (`id_timeout`)
) ENGINE=InnoDB  DEFAULT CHARSET=latin1 AUTO_INCREMENT=10 ;

--
-- Dumping data for table `tbl_timeout`
--

INSERT INTO `tbl_timeout` (`id_timeout`, `status_pemesanan`, `timeout`, `status`) VALUES
(1, 'Tanda Jadi', 432000, 0),
(2, 'Tanda Jadi', 2592000, 1),
(3, 'Booking', 600, 1),
(4, 'Booking', 86400, 0),
(8, 'Locked (Siteplan)', 300, 1),
(9, 'Locked (Siteplan)', 600, 0);

-- --------------------------------------------------------

--
-- Table structure for table `tbl_type`
--

CREATE TABLE IF NOT EXISTS `tbl_type` (
  `id_type` int(11) NOT NULL AUTO_INCREMENT,
  `id_cluster` int(11) NOT NULL,
  `nama_type` varchar(100) NOT NULL,
  `spesifikasi` text,
  `kode_blok` varchar(200) DEFAULT NULL,
  PRIMARY KEY (`id_type`),
  KEY `fk_tbl_type_cluster` (`id_cluster`)
) ENGINE=InnoDB  DEFAULT CHARSET=latin1 AUTO_INCREMENT=43 ;

--
-- Dumping data for table `tbl_type`
--

INSERT INTO `tbl_type` (`id_type`, `id_cluster`, `nama_type`, `spesifikasi`, `kode_blok`) VALUES
(2, 2, 'SEA VIEW', '', '1,2,5,6,7,8,9,10,11,12,15,16,17,18,19,20,21,22,23,25,26,27,28,29,30,31,32,33,35,36'),
(40, 1, 'SEA VIEW', '<p>SPESIFIKASI</p>', '1,2,5,6,7,8,9,10,11,12,15,16,17,18,19,20,21,22,23,25,26,27,28,29,30,31,32,33,35,36'),
(41, 1, 'ANCOL VIEW', '<p><span style="font-size: medium;">spesifikasi</span></p>', '1,2,5,6,7,8,9,10,11,12,15,16,17,18,19,20,21,22,23,25,26,27,28,29,30,31,32,33,35,36'),
(42, 2, 'ANCOL VIEW', '', '1,2,5,6,7,8,9,10,11,12,15,16,17,18,19,20,21,22,23,25,26,27,28,29,30,31,32,33,35,36');

-- --------------------------------------------------------

--
-- Table structure for table `tbl_unit`
--

CREATE TABLE IF NOT EXISTS `tbl_unit` (
  `id_unit` int(11) NOT NULL AUTO_INCREMENT,
  `id_promo` int(11) NOT NULL,
  `id_cluster` int(11) NOT NULL,
  `id_type` int(11) DEFAULT NULL,
  `posisi` varchar(50) NOT NULL,
  `kode_unit` varchar(50) NOT NULL,
  `kategori` varchar(50) NOT NULL DEFAULT '-',
  `luas_tanah` decimal(5,2) NOT NULL DEFAULT '0.00',
  `luas_bangunan` decimal(5,2) NOT NULL DEFAULT '0.00',
  `harga_tanah_m2` decimal(20,0) NOT NULL DEFAULT '0',
  `harga_bangunan_m2` decimal(20,0) NOT NULL DEFAULT '0',
  `diskon_tanah` decimal(4,2) NOT NULL DEFAULT '0.00',
  `diskon_bangunan` decimal(4,2) NOT NULL DEFAULT '0.00',
  `harga_tanah` decimal(20,0) NOT NULL DEFAULT '0',
  `harga_bangunan` decimal(20,0) NOT NULL DEFAULT '0',
  `harga_jual_exc_ppn` decimal(20,0) NOT NULL DEFAULT '0',
  `harga_jual_inc_ppn` decimal(20,0) NOT NULL DEFAULT '0',
  `fs` decimal(4,2) NOT NULL DEFAULT '0.00',
  `keterangan_fs` varchar(200) DEFAULT NULL,
  `tanda_jadi` decimal(20,0) NOT NULL DEFAULT '0',
  `persen_tanda_jadi` decimal(11,9) NOT NULL DEFAULT '0.000000000',
  `uang_muka` decimal(20,0) NOT NULL DEFAULT '0',
  `persen_uang_muka` decimal(11,9) NOT NULL DEFAULT '0.000000000',
  `plafon_kpr` decimal(20,0) NOT NULL DEFAULT '0',
  `kpr_5_tahun` decimal(20,0) NOT NULL DEFAULT '0',
  `kpr_10_tahun` decimal(20,0) NOT NULL DEFAULT '0',
  `kpr_15_tahun` decimal(20,0) NOT NULL DEFAULT '0',
  `suku_bunga` decimal(4,2) NOT NULL DEFAULT '0.00',
  `status_unit` enum('Master','Marketable','Promo') NOT NULL DEFAULT 'Master',
  `status_transaksi` enum('','Booked','Sold') NOT NULL DEFAULT '',
  `tanggal_posting` datetime NOT NULL,
  `kelas_produk` varchar(10) NOT NULL DEFAULT '-',
  `locked` int(1) NOT NULL,
  `tanggal_locked` datetime NOT NULL,
  PRIMARY KEY (`id_unit`),
  KEY `fk_tbl_unit_cluster` (`id_cluster`),
  KEY `fk_tbl_unit_type` (`id_type`)
) ENGINE=InnoDB  DEFAULT CHARSET=latin1 AUTO_INCREMENT=539 ;

--
-- Dumping data for table `tbl_unit`
--

INSERT INTO `tbl_unit` (`id_unit`, `id_promo`, `id_cluster`, `id_type`, `posisi`, `kode_unit`, `kategori`, `luas_tanah`, `luas_bangunan`, `harga_tanah_m2`, `harga_bangunan_m2`, `diskon_tanah`, `diskon_bangunan`, `harga_tanah`, `harga_bangunan`, `harga_jual_exc_ppn`, `harga_jual_inc_ppn`, `fs`, `keterangan_fs`, `tanda_jadi`, `persen_tanda_jadi`, `uang_muka`, `persen_uang_muka`, `plafon_kpr`, `kpr_5_tahun`, `kpr_10_tahun`, `kpr_15_tahun`, `suku_bunga`, `status_unit`, `status_transaksi`, `tanggal_posting`, `kelas_produk`, `locked`, `tanggal_locked`) VALUES
(1, 0, 1, 40, 'STANDAR', 'A/1-1', 'CONDO', 175.00, 156.00, 0, 172864, 0.00, 0.00, 0, 26966806, 0, 4186747000, 1.08, NULL, 20000000, 0.000000000, 0, 0.000000000, 5638371000, 5010199000, 5319217000, 5310811000, 7.25, 'Marketable', '', '2015-05-26 00:00:00', 'HM', 0, '0000-00-00 00:00:00'),
(2, 0, 1, 41, 'STANDAR', 'A/1-2', 'CONDO', 113.00, 101.00, 0, 266998, 0.00, 0.00, 0, 26966806, 0, 2378423000, 0.95, NULL, 20000000, 0.000000000, 0, 0.000000000, 3203066000, 2846212000, 3021760000, 3016985000, 7.25, 'Marketable', '', '2015-05-26 00:00:00', 'HM', 0, '0000-00-00 00:00:00'),
(3, 0, 1, 40, 'STANDAR', 'A/1-3', 'CONDO', 85.00, 74.00, 0, 364416, 0.00, 0.00, 0, 26966806, 0, 1949243000, 1.06, NULL, 20000000, 0.000000000, 0, 0.000000000, 2625082000, 2332621000, 2476492000, 2472579000, 7.25, 'Marketable', '', '2015-05-26 00:00:00', 'HM', 0, '0000-00-00 00:00:00'),
(4, 0, 1, 40, 'STANDAR', 'A/1-5', 'CONDO', 85.00, 74.00, 0, 364416, 0.00, 0.00, 0, 26966806, 0, 1949243000, 1.06, NULL, 20000000, 0.000000000, 0, 0.000000000, 2625082000, 2332621000, 2476492000, 2472579000, 7.25, 'Marketable', 'Booked', '2015-05-26 00:00:00', 'HM', 0, '0000-00-00 00:00:00'),
(5, 0, 1, 41, 'STANDAR', 'A/1-6', 'CONDO', 78.00, 66.00, 0, 408588, 0.00, 0.00, 0, 26966806, 0, 1521497000, 0.93, NULL, 20000000, 0.000000000, 0, 0.000000000, 2049028000, 1820745000, 1933045000, 1929990000, 7.25, 'Marketable', '', '2015-05-26 00:00:00', 'HM', 0, '0000-00-00 00:00:00'),
(6, 0, 1, 40, 'STANDAR', 'A/1-7', 'CONDO', 101.00, 90.00, 0, 299631, 0.00, 0.00, 0, 26966806, 0, 2370701000, 1.06, NULL, 20000000, 0.000000000, 0, 0.000000000, 3192667000, 2836972000, 3011950000, 3007191000, 7.25, 'Marketable', '', '2015-05-26 00:00:00', 'HM', 0, '0000-00-00 00:00:00'),
(7, 0, 1, 41, 'STANDAR', 'A/1-8', 'CONDO', 60.00, 52.00, 0, 518592, 0.00, 0.00, 0, 26966806, 0, 1198755000, 0.93, NULL, 20000000, 0.000000000, 0, 0.000000000, 1614386000, 1434527000, 1523005000, 1520599000, 7.25, 'Marketable', '', '2015-05-26 00:00:00', 'HM', 0, '0000-00-00 00:00:00'),
(8, 0, 1, 40, 'STANDAR', 'A/1-9', 'CONDO', 101.00, 90.00, 0, 299631, 0.00, 0.00, 0, 26966806, 0, 2370701000, 1.06, NULL, 20000000, 0.000000000, 0, 0.000000000, 3192667000, 2836972000, 3011950000, 3007191000, 7.25, 'Marketable', '', '2015-05-26 00:00:00', 'HM', 0, '0000-00-00 00:00:00'),
(9, 0, 1, 41, 'STANDAR', 'A/1-10', 'CONDO', 74.00, 63.00, 0, 428045, 0.00, 0.00, 0, 26966806, 0, 1452338000, 0.93, NULL, 20000000, 0.000000000, 0, 0.000000000, 1955890000, 1737984000, 1845179000, 1842264000, 7.25, 'Marketable', '', '2015-05-26 00:00:00', 'HM', 0, '0000-00-00 00:00:00'),
(10, 0, 1, 40, 'STANDAR', 'A/1-11', 'CONDO', 101.00, 90.00, 0, 299631, 0.00, 0.00, 0, 26966806, 0, 2370701000, 1.06, NULL, 20000000, 0.000000000, 0, 0.000000000, 3192667000, 2836972000, 3011950000, 3007191000, 7.25, 'Marketable', '', '2015-05-26 00:00:00', 'HM', 0, '0000-00-00 00:00:00'),
(11, 0, 1, 41, 'STANDAR', 'A/1-12', 'CONDO', 67.00, 57.00, 0, 473102, 0.00, 0.00, 0, 26966806, 0, 1314020000, 0.93, NULL, 20000000, 0.000000000, 0, 0.000000000, 1769615000, 1572462000, 1669448000, 1666810000, 7.25, 'Marketable', '', '2015-05-26 00:00:00', 'HM', 0, '0000-00-00 00:00:00'),
(12, 0, 1, 40, 'STANDAR', 'A/1-15', 'CONDO', 101.00, 90.00, 0, 299631, 0.00, 0.00, 0, 26966806, 0, 2370701000, 1.06, NULL, 20000000, 0.000000000, 0, 0.000000000, 3192667000, 2836972000, 3011950000, 3007191000, 7.25, 'Marketable', '', '2015-05-26 00:00:00', 'HM', 0, '0000-00-00 00:00:00'),
(13, 0, 1, 41, 'STANDAR', 'A/1-16', 'CONDO', 71.00, 63.00, 0, 428045, 0.00, 0.00, 0, 26966806, 0, 1452338000, 0.93, NULL, 20000000, 0.000000000, 0, 0.000000000, 1955890000, 1737984000, 1845179000, 1842264000, 7.25, 'Marketable', '', '2015-05-26 00:00:00', 'HM', 0, '0000-00-00 00:00:00'),
(14, 0, 1, 40, 'STANDAR', 'A/1-17', 'CONDO', 85.00, 74.00, 0, 364416, 0.00, 0.00, 0, 26966806, 0, 1949243000, 1.06, NULL, 20000000, 0.000000000, 0, 0.000000000, 2625082000, 2332621000, 2476492000, 2472579000, 7.25, 'Marketable', '', '2015-05-26 00:00:00', 'HM', 0, '0000-00-00 00:00:00'),
(15, 0, 1, 41, 'STANDAR', 'A/1-18', 'CONDO', 97.00, 85.00, 0, 317257, 0.00, 0.00, 0, 26966806, 0, 1959503000, 0.93, NULL, 20000000, 0.000000000, 0, 0.000000000, 2638899000, 2344899000, 2489527000, 2485593000, 7.25, 'Marketable', '', '2015-05-26 00:00:00', 'HM', 0, '0000-00-00 00:00:00'),
(16, 0, 1, 40, 'STANDAR', 'A/1-19', 'CONDO', 138.00, 120.00, 0, 224723, 0.00, 0.00, 0, 26966806, 0, 3160935000, 1.06, NULL, 20000000, 0.000000000, 0, 0.000000000, 4256889000, 3782629000, 4015933000, 4009587000, 7.25, 'Marketable', 'Sold', '2015-05-26 00:00:00', 'HM', 0, '0000-00-00 00:00:00'),
(17, 0, 1, 41, 'STANDAR', 'A/1-20', 'CONDO', 60.00, 51.00, 0, 528761, 0.00, 0.00, 0, 26966806, 0, 1175702000, 0.93, NULL, 20000000, 0.000000000, 0, 0.000000000, 1583341000, 1406940000, 1493717000, 1491357000, 7.25, 'Marketable', '', '2015-05-26 00:00:00', 'HM', 0, '0000-00-00 00:00:00'),
(18, 0, 1, 40, 'STANDAR', 'A/1-21', 'CONDO', 132.00, 112.00, 0, 240775, 0.00, 0.00, 0, 26966806, 0, 3061534000, 1.10, NULL, 20000000, 0.000000000, 0, 0.000000000, 4123025000, 3663678000, 3889646000, 3883499000, 7.25, 'Marketable', '', '2015-05-26 00:00:00', 'HM', 0, '0000-00-00 00:00:00'),
(19, 0, 1, 41, 'STANDAR', 'A/1-22', 'CONDO', 81.00, 70.00, 0, 385240, 0.00, 0.00, 0, 26966806, 0, 1683115000, 0.97, NULL, 20000000, 0.000000000, 0, 0.000000000, 2266683000, 2014151000, 2138380000, 2135001000, 7.25, 'Marketable', '', '2015-05-26 00:00:00', 'HM', 0, '0000-00-00 00:00:00'),
(20, 0, 1, 40, 'STANDAR', 'A/2-1', 'CONDO', 175.00, 156.00, 0, 172864, 0.00, 0.00, 0, 26966806, 0, 4186747000, 1.08, NULL, 20000000, 0.000000000, 0, 0.000000000, 5638371000, 5010199000, 5319217000, 5310811000, 7.25, 'Marketable', 'Sold', '2015-05-26 00:00:00', 'HM', 0, '0000-00-00 00:00:00'),
(21, 0, 1, 41, 'STANDAR', 'A/2-2', 'CONDO', 113.00, 101.00, 0, 266998, 0.00, 0.00, 0, 26966806, 0, 2378423000, 0.95, NULL, 20000000, 0.000000000, 0, 0.000000000, 3203066000, 2846212000, 3021760000, 3016985000, 7.25, 'Marketable', 'Booked', '2015-05-26 00:00:00', 'HM', 0, '0000-00-00 00:00:00'),
(22, 0, 1, 40, 'STANDAR', 'A/2-3', 'CONDO', 85.00, 74.00, 0, 364416, 0.00, 0.00, 0, 26966806, 0, 1949243000, 1.06, NULL, 20000000, 0.000000000, 0, 0.000000000, 2625082000, 2332621000, 2476492000, 2472579000, 7.25, 'Marketable', 'Sold', '2015-05-26 00:00:00', 'HM', 0, '0000-00-00 00:00:00'),
(23, 0, 1, 40, 'STANDAR', 'A/2-5', 'CONDO', 85.00, 74.00, 0, 364416, 0.00, 0.00, 0, 26966806, 0, 1949243000, 1.06, NULL, 20000000, 0.000000000, 0, 0.000000000, 2625082000, 2332621000, 2476492000, 2472579000, 7.25, 'Marketable', '', '2015-05-26 00:00:00', 'HM', 0, '0000-00-00 00:00:00'),
(24, 0, 1, 41, 'STANDAR', 'A/2-6', 'CONDO', 78.00, 66.00, 0, 408588, 0.00, 0.00, 0, 26966806, 0, 1521497000, 0.93, NULL, 20000000, 0.000000000, 0, 0.000000000, 2049028000, 1820745000, 1933045000, 1929990000, 7.25, 'Marketable', '', '2015-05-26 00:00:00', 'HM', 0, '0000-00-00 00:00:00'),
(25, 0, 1, 40, 'STANDAR', 'A/2-7', 'CONDO', 101.00, 90.00, 0, 299631, 0.00, 0.00, 0, 26966806, 0, 2370701000, 1.06, NULL, 20000000, 0.000000000, 0, 0.000000000, 3192667000, 2836972000, 3011950000, 3007191000, 7.25, 'Marketable', 'Sold', '2015-05-26 00:00:00', 'HM', 0, '0000-00-00 00:00:00'),
(26, 0, 1, 41, 'STANDAR', 'A/2-8', 'CONDO', 60.00, 52.00, 0, 518592, 0.00, 0.00, 0, 26966806, 0, 1198755000, 0.93, NULL, 20000000, 0.000000000, 0, 0.000000000, 1614386000, 1434527000, 1523005000, 1520599000, 7.25, 'Marketable', 'Sold', '2015-05-26 00:00:00', 'HM', 0, '0000-00-00 00:00:00'),
(27, 0, 1, 40, 'STANDAR', 'A/2-9', 'CONDO', 101.00, 90.00, 0, 299631, 0.00, 0.00, 0, 26966806, 0, 2370701000, 1.06, NULL, 20000000, 0.000000000, 0, 0.000000000, 3192667000, 2836972000, 3011950000, 3007191000, 7.25, 'Marketable', '', '2015-05-26 00:00:00', 'HM', 0, '0000-00-00 00:00:00'),
(28, 0, 1, 41, 'STANDAR', 'A/2-10', 'CONDO', 74.00, 63.00, 0, 428045, 0.00, 0.00, 0, 26966806, 0, 1452338000, 0.93, NULL, 20000000, 0.000000000, 0, 0.000000000, 1955890000, 1737984000, 1845179000, 1842264000, 7.25, 'Marketable', '', '2015-05-26 00:00:00', 'HM', 0, '0000-00-00 00:00:00'),
(29, 0, 1, 40, 'STANDAR', 'A/2-11', 'CONDO', 101.00, 90.00, 0, 299631, 0.00, 0.00, 0, 26966806, 0, 2370701000, 1.06, NULL, 20000000, 0.000000000, 0, 0.000000000, 3192667000, 2836972000, 3011950000, 3007191000, 7.25, 'Marketable', '', '2015-05-26 00:00:00', 'HM', 0, '0000-00-00 00:00:00'),
(30, 0, 1, 41, 'STANDAR', 'A/2-12', 'CONDO', 67.00, 57.00, 0, 473102, 0.00, 0.00, 0, 26966806, 0, 1314020000, 0.93, NULL, 20000000, 0.000000000, 0, 0.000000000, 1769615000, 1572462000, 1669448000, 1666810000, 7.25, 'Marketable', '', '2015-05-26 00:00:00', 'HM', 0, '0000-00-00 00:00:00'),
(31, 0, 1, 40, 'STANDAR', 'A/2-15', 'CONDO', 101.00, 90.00, 0, 299631, 0.00, 0.00, 0, 26966806, 0, 2370701000, 1.06, NULL, 20000000, 0.000000000, 0, 0.000000000, 3192667000, 2836972000, 3011950000, 3007191000, 7.25, 'Marketable', '', '2015-05-26 00:00:00', 'HM', 0, '0000-00-00 00:00:00'),
(32, 0, 1, 41, 'STANDAR', 'A/2-16', 'CONDO', 71.00, 63.00, 0, 428045, 0.00, 0.00, 0, 26966806, 0, 1452338000, 0.93, NULL, 20000000, 0.000000000, 0, 0.000000000, 1955890000, 1737984000, 1845179000, 1842264000, 7.25, 'Marketable', '', '2015-05-26 00:00:00', 'HM', 0, '0000-00-00 00:00:00'),
(33, 0, 1, 40, 'STANDAR', 'A/2-17', 'CONDO', 85.00, 74.00, 0, 364416, 0.00, 0.00, 0, 26966806, 0, 1949243000, 1.06, NULL, 20000000, 0.000000000, 0, 0.000000000, 2625082000, 2332621000, 2476492000, 2472579000, 7.25, 'Marketable', '', '2015-05-26 00:00:00', 'HM', 0, '0000-00-00 00:00:00'),
(34, 0, 1, 41, 'STANDAR', 'A/2-18', 'CONDO', 97.00, 85.00, 0, 317257, 0.00, 0.00, 0, 26966806, 0, 1959503000, 0.93, NULL, 20000000, 0.000000000, 0, 0.000000000, 2638899000, 2344899000, 2489527000, 2485593000, 7.25, 'Marketable', '', '2015-05-26 00:00:00', 'HM', 0, '0000-00-00 00:00:00'),
(35, 0, 1, 40, 'STANDAR', 'A/2-19', 'CONDO', 138.00, 120.00, 0, 224723, 0.00, 0.00, 0, 26966806, 0, 3160935000, 1.06, NULL, 20000000, 0.000000000, 0, 0.000000000, 4256889000, 3782629000, 4015933000, 4009587000, 7.25, 'Marketable', 'Sold', '2015-05-26 00:00:00', 'HM', 0, '0000-00-00 00:00:00'),
(36, 0, 1, 41, 'STANDAR', 'A/2-20', 'CONDO', 60.00, 51.00, 0, 528761, 0.00, 0.00, 0, 26966806, 0, 1175702000, 0.93, NULL, 20000000, 0.000000000, 0, 0.000000000, 1583341000, 1406940000, 1493717000, 1491357000, 7.25, 'Marketable', '', '2015-05-26 00:00:00', 'HM', 0, '0000-00-00 00:00:00'),
(37, 0, 1, 40, 'STANDAR', 'A/2-21', 'CONDO', 132.00, 112.00, 0, 240775, 0.00, 0.00, 0, 26966806, 0, 3061534000, 1.10, NULL, 20000000, 0.000000000, 0, 0.000000000, 4123025000, 3663678000, 3889646000, 3883499000, 7.25, 'Marketable', '', '2015-05-26 00:00:00', 'HM', 0, '0000-00-00 00:00:00'),
(38, 0, 1, 41, 'STANDAR', 'A/2-22', 'CONDO', 81.00, 70.00, 0, 385240, 0.00, 0.00, 0, 26966806, 0, 1683115000, 0.97, NULL, 20000000, 0.000000000, 0, 0.000000000, 2266683000, 2014151000, 2138380000, 2135001000, 7.25, 'Marketable', '', '2015-05-26 00:00:00', 'HM', 0, '0000-00-00 00:00:00'),
(39, 0, 1, 40, 'STANDAR', 'A/3-1', 'CONDO', 175.00, 156.00, 0, 172864, 0.00, 0.00, 0, 26966806, 0, 4218070000, 1.08, NULL, 20000000, 0.000000000, 0, 0.000000000, 5680553000, 5047682000, 5359012000, 5350543000, 7.25, 'Marketable', '', '2015-05-26 00:00:00', 'HM', 0, '0000-00-00 00:00:00'),
(40, 0, 1, 41, 'STANDAR', 'A/3-2', 'CONDO', 113.00, 101.00, 0, 266998, 0.00, 0.00, 0, 26966806, 0, 2402207000, 0.95, NULL, 20000000, 0.000000000, 0, 0.000000000, 3235097000, 2874674000, 3051978000, 3047155000, 7.25, 'Marketable', '', '2015-05-26 00:00:00', 'HM', 0, '0000-00-00 00:00:00'),
(41, 0, 1, 40, 'STANDAR', 'A/3-3', 'CONDO', 85.00, 74.00, 0, 364416, 0.00, 0.00, 0, 26966806, 0, 1963826000, 1.06, NULL, 20000000, 0.000000000, 0, 0.000000000, 2644722000, 2350072000, 2495020000, 2491077000, 7.25, 'Marketable', 'Sold', '2015-05-26 00:00:00', 'HM', 0, '0000-00-00 00:00:00'),
(42, 0, 1, 40, 'STANDAR', 'A/3-5', 'CONDO', 85.00, 74.00, 0, 364416, 0.00, 0.00, 0, 26966806, 0, 1963826000, 1.06, NULL, 20000000, 0.000000000, 0, 0.000000000, 2644722000, 2350072000, 2495020000, 2491077000, 7.25, 'Marketable', 'Sold', '2015-05-26 00:00:00', 'HM', 0, '0000-00-00 00:00:00'),
(43, 0, 1, 41, 'STANDAR', 'A/3-6', 'CONDO', 78.00, 66.00, 0, 408588, 0.00, 0.00, 0, 26966806, 0, 1536712000, 0.93, NULL, 20000000, 0.000000000, 0, 0.000000000, 2069518000, 1838953000, 1952375000, 1949291000, 7.25, 'Marketable', '', '2015-05-26 00:00:00', 'HM', 0, '0000-00-00 00:00:00'),
(44, 0, 1, 40, 'STANDAR', 'A/3-7', 'CONDO', 101.00, 90.00, 0, 299631, 0.00, 0.00, 0, 26966806, 0, 2388437000, 1.06, NULL, 20000000, 0.000000000, 0, 0.000000000, 3216552000, 2858196000, 3034483000, 3029688000, 7.25, 'Marketable', 'Sold', '2015-05-26 00:00:00', 'HM', 0, '0000-00-00 00:00:00'),
(45, 0, 1, 41, 'STANDAR', 'A/3-8', 'CONDO', 60.00, 52.00, 0, 518592, 0.00, 0.00, 0, 26966806, 0, 1210743000, 0.93, NULL, 20000000, 0.000000000, 0, 0.000000000, 1630530000, 1448872000, 1538235000, 1535805000, 7.25, 'Marketable', 'Booked', '2015-05-26 00:00:00', 'HM', 0, '0000-00-00 00:00:00'),
(46, 0, 1, 40, 'STANDAR', 'A/3-9', 'CONDO', 101.00, 90.00, 0, 299631, 0.00, 0.00, 0, 26966806, 0, 2388437000, 1.06, NULL, 20000000, 0.000000000, 0, 0.000000000, 3216552000, 2858196000, 3034483000, 3029688000, 7.25, 'Marketable', '', '2015-05-26 00:00:00', 'HM', 0, '0000-00-00 00:00:00'),
(47, 0, 1, 41, 'STANDAR', 'A/3-10', 'CONDO', 74.00, 63.00, 0, 428045, 0.00, 0.00, 0, 26966806, 0, 1466861000, 0.93, NULL, 20000000, 0.000000000, 0, 0.000000000, 1975449000, 1755364000, 1863631000, 1860686000, 7.25, 'Marketable', 'Booked', '2015-05-26 00:00:00', 'HM', 0, '0000-00-00 00:00:00'),
(48, 0, 1, 40, 'STANDAR', 'A/3-11', 'CONDO', 101.00, 90.00, 0, 299631, 0.00, 0.00, 0, 26966806, 0, 2388437000, 1.06, NULL, 20000000, 0.000000000, 0, 0.000000000, 3216552000, 2858196000, 3034483000, 3029688000, 7.25, 'Marketable', '', '2015-05-26 00:00:00', 'HM', 0, '0000-00-00 00:00:00'),
(49, 0, 1, 41, 'STANDAR', 'A/3-12', 'CONDO', 67.00, 57.00, 0, 473102, 0.00, 0.00, 0, 26966806, 0, 1327160000, 0.93, NULL, 20000000, 0.000000000, 0, 0.000000000, 1787311000, 1588187000, 1686142000, 1683479000, 7.25, 'Marketable', '', '2015-05-26 00:00:00', 'HM', 0, '0000-00-00 00:00:00'),
(50, 0, 1, 40, 'STANDAR', 'A/3-15', 'CONDO', 101.00, 90.00, 0, 299631, 0.00, 0.00, 0, 26966806, 0, 2388437000, 1.06, NULL, 20000000, 0.000000000, 0, 0.000000000, 3216552000, 2858196000, 3034483000, 3029688000, 7.25, 'Marketable', 'Sold', '2015-05-26 00:00:00', 'HM', 0, '0000-00-00 00:00:00'),
(51, 0, 1, 40, 'STANDAR', 'A/3-17', 'CONDO', 85.00, 74.00, 0, 364416, 0.00, 0.00, 0, 26966806, 0, 1963826000, 1.06, NULL, 20000000, 0.000000000, 0, 0.000000000, 2644722000, 2350072000, 2495020000, 2491077000, 7.25, 'Marketable', 'Sold', '2015-05-26 00:00:00', 'HM', 0, '0000-00-00 00:00:00'),
(52, 0, 1, 41, 'STANDAR', 'A/3-18', 'CONDO', 97.00, 85.00, 0, 317257, 0.00, 0.00, 0, 26966806, 0, 1979098000, 0.93, NULL, 20000000, 0.000000000, 0, 0.000000000, 2665289000, 2368348000, 2514423000, 2510449000, 7.25, 'Marketable', '', '2015-05-26 00:00:00', 'HM', 0, '0000-00-00 00:00:00'),
(53, 0, 1, 40, 'STANDAR', 'A/3-19', 'CONDO', 138.00, 120.00, 0, 224723, 0.00, 0.00, 0, 26966806, 0, 3184583000, 1.06, NULL, 20000000, 0.000000000, 0, 0.000000000, 4288737000, 3810928000, 4045978000, 4039584000, 7.25, 'Marketable', 'Sold', '2015-05-26 00:00:00', 'HM', 0, '0000-00-00 00:00:00'),
(54, 0, 1, 41, 'STANDAR', 'A/3-20', 'CONDO', 60.00, 51.00, 0, 528761, 0.00, 0.00, 0, 26966806, 0, 1187459000, 0.93, NULL, 20000000, 0.000000000, 0, 0.000000000, 1599174000, 1421009000, 1508654000, 1506270000, 7.25, 'Marketable', '', '2015-05-26 00:00:00', 'HM', 0, '0000-00-00 00:00:00'),
(55, 0, 1, 40, 'STANDAR', 'A/3-21', 'CONDO', 132.00, 112.00, 0, 240775, 0.00, 0.00, 0, 26966806, 0, 3084439000, 1.10, NULL, 20000000, 0.000000000, 0, 0.000000000, 4153871000, 3691087000, 3918746000, 3912553000, 7.25, 'Marketable', '', '2015-05-26 00:00:00', 'HM', 0, '0000-00-00 00:00:00'),
(56, 0, 1, 41, 'STANDAR', 'A/3-22', 'CONDO', 81.00, 70.00, 0, 385240, 0.00, 0.00, 0, 26966806, 0, 1699946000, 0.97, NULL, 20000000, 0.000000000, 0, 0.000000000, 2289349000, 2034293000, 2159763000, 2156351000, 7.25, 'Marketable', '', '2015-05-26 00:00:00', 'HM', 0, '0000-00-00 00:00:00'),
(57, 0, 1, 40, 'STANDAR', 'A/5-1', 'CONDO', 175.00, 156.00, 0, 172864, 0.00, 0.00, 0, 26966806, 0, 4176307000, 1.08, NULL, 20000000, 0.000000000, 0, 0.000000000, 5624310000, 4997705000, 5305952000, 5297568000, 7.25, 'Marketable', 'Sold', '2015-05-26 00:00:00', 'HM', 0, '0000-00-00 00:00:00'),
(58, 0, 1, 41, 'STANDAR', 'A/5-2', 'CONDO', 113.00, 101.00, 0, 266998, 0.00, 0.00, 0, 26966806, 0, 2378423000, 0.95, NULL, 20000000, 0.000000000, 0, 0.000000000, 3203066000, 2846212000, 3021760000, 3016985000, 7.25, 'Marketable', '', '2015-05-26 00:00:00', 'HM', 0, '0000-00-00 00:00:00'),
(59, 0, 1, 40, 'STANDAR', 'A/5-3', 'CONDO', 85.00, 74.00, 0, 364416, 0.00, 0.00, 0, 26966806, 0, 1944382000, 1.06, NULL, 20000000, 0.000000000, 0, 0.000000000, 2618537000, 2326804000, 2470317000, 2466413000, 7.25, 'Marketable', 'Sold', '2015-05-26 00:00:00', 'HM', 0, '0000-00-00 00:00:00'),
(60, 0, 1, 40, 'STANDAR', 'A/5-5', 'CONDO', 85.00, 74.00, 0, 364416, 0.00, 0.00, 0, 26966806, 0, 1944382000, 1.06, NULL, 20000000, 0.000000000, 0, 0.000000000, 2618537000, 2326804000, 2470317000, 2466413000, 7.25, 'Marketable', '', '2015-05-26 00:00:00', 'HM', 0, '0000-00-00 00:00:00'),
(61, 0, 1, 41, 'STANDAR', 'A/5-6', 'CONDO', 78.00, 66.00, 0, 408588, 0.00, 0.00, 0, 26966806, 0, 1521497000, 0.93, NULL, 20000000, 0.000000000, 0, 0.000000000, 2049028000, 1820745000, 1933045000, 1929990000, 7.25, 'Marketable', '', '2015-05-26 00:00:00', 'HM', 0, '0000-00-00 00:00:00'),
(62, 0, 1, 40, 'STANDAR', 'A/5-7', 'CONDO', 101.00, 90.00, 0, 299631, 0.00, 0.00, 0, 26966806, 0, 2364789000, 1.06, NULL, 20000000, 0.000000000, 0, 0.000000000, 3184706000, 2829897000, 3004439000, 2999691000, 7.25, 'Marketable', 'Sold', '2015-05-26 00:00:00', 'HM', 0, '0000-00-00 00:00:00'),
(63, 0, 1, 41, 'STANDAR', 'A/5-8', 'CONDO', 60.00, 52.00, 0, 518592, 0.00, 0.00, 0, 26966806, 0, 1198755000, 0.93, NULL, 20000000, 0.000000000, 0, 0.000000000, 1614386000, 1434527000, 1523005000, 1520599000, 7.25, 'Marketable', 'Sold', '2015-05-26 00:00:00', 'HM', 0, '0000-00-00 00:00:00'),
(64, 0, 1, 40, 'STANDAR', 'A/5-9', 'CONDO', 101.00, 90.00, 0, 299631, 0.00, 0.00, 0, 26966806, 0, 2364789000, 1.06, NULL, 20000000, 0.000000000, 0, 0.000000000, 3184706000, 2829897000, 3004439000, 2999691000, 7.25, 'Marketable', 'Sold', '2015-05-26 00:00:00', 'HM', 0, '0000-00-00 00:00:00'),
(65, 0, 1, 41, 'STANDAR', 'A/5-10', 'CONDO', 74.00, 63.00, 0, 428045, 0.00, 0.00, 0, 26966806, 0, 1452338000, 0.93, NULL, 20000000, 0.000000000, 0, 0.000000000, 1955890000, 1737984000, 1845179000, 1842264000, 7.25, 'Marketable', '', '2015-05-26 00:00:00', 'HM', 0, '0000-00-00 00:00:00'),
(66, 0, 1, 40, 'STANDAR', 'A/5-11', 'CONDO', 101.00, 90.00, 0, 299631, 0.00, 0.00, 0, 26966806, 0, 2364789000, 1.06, NULL, 20000000, 0.000000000, 0, 0.000000000, 3184706000, 2829897000, 3004439000, 2999691000, 7.25, 'Marketable', 'Sold', '2015-05-26 00:00:00', 'HM', 0, '0000-00-00 00:00:00'),
(67, 0, 1, 41, 'STANDAR', 'A/5-12', 'CONDO', 67.00, 57.00, 0, 473102, 0.00, 0.00, 0, 26966806, 0, 1314020000, 0.93, NULL, 20000000, 0.000000000, 0, 0.000000000, 1769615000, 1572462000, 1669448000, 1666810000, 7.25, 'Marketable', '', '2015-05-26 00:00:00', 'HM', 0, '0000-00-00 00:00:00'),
(68, 0, 1, 40, 'STANDAR', 'A/5-15', 'CONDO', 101.00, 90.00, 0, 299631, 0.00, 0.00, 0, 26966806, 0, 2364789000, 1.06, NULL, 20000000, 0.000000000, 0, 0.000000000, 3184706000, 2829897000, 3004439000, 2999691000, 7.25, 'Marketable', 'Sold', '2015-05-26 00:00:00', 'HM', 0, '0000-00-00 00:00:00'),
(69, 0, 1, 40, 'STANDAR', 'A/5-17', 'CONDO', 85.00, 74.00, 0, 364416, 0.00, 0.00, 0, 26966806, 0, 1944382000, 1.06, NULL, 20000000, 0.000000000, 0, 0.000000000, 2618537000, 2326804000, 2470317000, 2466413000, 7.25, 'Marketable', 'Sold', '2015-05-26 00:00:00', 'HM', 0, '0000-00-00 00:00:00'),
(70, 0, 1, 41, 'STANDAR', 'A/5-18', 'CONDO', 97.00, 85.00, 0, 317257, 0.00, 0.00, 0, 26966806, 0, 1959503000, 0.93, NULL, 20000000, 0.000000000, 0, 0.000000000, 2638899000, 2344899000, 2489527000, 2485593000, 7.25, 'Marketable', '', '2015-05-26 00:00:00', 'HM', 0, '0000-00-00 00:00:00'),
(71, 0, 1, 40, 'STANDAR', 'A/5-19', 'CONDO', 138.00, 120.00, 0, 224723, 0.00, 0.00, 0, 26966806, 0, 3153052000, 1.06, NULL, 20000000, 0.000000000, 0, 0.000000000, 4246274000, 3773196000, 4005918000, 3999588000, 7.25, 'Marketable', 'Sold', '2015-05-26 00:00:00', 'HM', 0, '0000-00-00 00:00:00'),
(72, 0, 1, 41, 'STANDAR', 'A/5-20', 'CONDO', 60.00, 51.00, 0, 528761, 0.00, 0.00, 0, 26966806, 0, 1175702000, 0.93, NULL, 20000000, 0.000000000, 0, 0.000000000, 1583341000, 1406940000, 1493717000, 1491357000, 7.25, 'Marketable', '', '2015-05-26 00:00:00', 'HM', 0, '0000-00-00 00:00:00'),
(73, 0, 1, 40, 'STANDAR', 'A/5-21', 'CONDO', 132.00, 112.00, 0, 240775, 0.00, 0.00, 0, 26966806, 0, 3053900000, 1.10, NULL, 20000000, 0.000000000, 0, 0.000000000, 4112743000, 3654542000, 3879946000, 3873815000, 7.25, 'Marketable', 'Sold', '2015-05-26 00:00:00', 'HM', 0, '0000-00-00 00:00:00'),
(74, 0, 1, 41, 'STANDAR', 'A/5-22', 'CONDO', 81.00, 70.00, 0, 385240, 0.00, 0.00, 0, 26966806, 0, 1683115000, 0.97, NULL, 20000000, 0.000000000, 0, 0.000000000, 2266683000, 2014151000, 2138380000, 2135001000, 7.25, 'Marketable', '', '2015-05-26 00:00:00', 'HM', 0, '0000-00-00 00:00:00'),
(75, 0, 1, 40, 'STANDAR', 'A/6-1', 'CONDO', 175.00, 156.00, 0, 172864, 0.00, 0.00, 0, 26966806, 0, 4218070000, 1.08, NULL, 20000000, 0.000000000, 0, 0.000000000, 5680553000, 5047682000, 5359012000, 5350543000, 7.25, 'Marketable', '', '2015-05-26 00:00:00', 'HM', 0, '0000-00-00 00:00:00'),
(76, 0, 1, 41, 'STANDAR', 'A/6-2', 'CONDO', 113.00, 101.00, 0, 266998, 0.00, 0.00, 0, 26966806, 0, 2402207000, 0.95, NULL, 20000000, 0.000000000, 0, 0.000000000, 3235097000, 2874674000, 3051978000, 3047155000, 7.25, 'Marketable', '', '2015-05-26 00:00:00', 'HM', 0, '0000-00-00 00:00:00'),
(77, 0, 1, 40, 'STANDAR', 'A/6-3', 'CONDO', 85.00, 74.00, 0, 364416, 0.00, 0.00, 0, 26966806, 0, 1963826000, 1.06, NULL, 20000000, 0.000000000, 0, 0.000000000, 2644722000, 2350072000, 2495020000, 2491077000, 7.25, 'Marketable', 'Sold', '2015-05-26 00:00:00', 'HM', 0, '0000-00-00 00:00:00'),
(78, 0, 1, 40, 'STANDAR', 'A/6-5', 'CONDO', 85.00, 74.00, 0, 364416, 0.00, 0.00, 0, 26966806, 0, 1963826000, 1.06, NULL, 20000000, 0.000000000, 0, 0.000000000, 2644722000, 2350072000, 2495020000, 2491077000, 7.25, 'Marketable', 'Sold', '2015-05-26 00:00:00', 'HM', 0, '0000-00-00 00:00:00'),
(79, 0, 1, 41, 'STANDAR', 'A/6-6', 'CONDO', 78.00, 66.00, 0, 408588, 0.00, 0.00, 0, 26966806, 0, 1536712000, 0.93, NULL, 20000000, 0.000000000, 0, 0.000000000, 2069518000, 1838953000, 1952375000, 1949291000, 7.25, 'Marketable', '', '2015-05-26 00:00:00', 'HM', 0, '0000-00-00 00:00:00'),
(80, 0, 1, 40, 'STANDAR', 'A/6-7', 'CONDO', 101.00, 90.00, 0, 299631, 0.00, 0.00, 0, 26966806, 0, 2388437000, 1.06, NULL, 20000000, 0.000000000, 0, 0.000000000, 3216552000, 2858196000, 3034483000, 3029688000, 7.25, 'Marketable', 'Sold', '2015-05-26 00:00:00', 'HM', 0, '0000-00-00 00:00:00'),
(81, 0, 1, 41, 'STANDAR', 'A/6-8', 'CONDO', 60.00, 52.00, 0, 518592, 0.00, 0.00, 0, 26966806, 0, 1210743000, 0.93, NULL, 20000000, 0.000000000, 0, 0.000000000, 1630530000, 1448872000, 1538235000, 1535805000, 7.25, 'Marketable', '', '2015-05-26 00:00:00', 'HM', 0, '0000-00-00 00:00:00'),
(82, 0, 1, 40, 'STANDAR', 'A/6-9', 'CONDO', 101.00, 90.00, 0, 299631, 0.00, 0.00, 0, 26966806, 0, 2388437000, 1.06, NULL, 20000000, 0.000000000, 0, 0.000000000, 3216552000, 2858196000, 3034483000, 3029688000, 7.25, 'Marketable', 'Sold', '2015-05-26 00:00:00', 'HM', 0, '0000-00-00 00:00:00'),
(83, 0, 1, 41, 'STANDAR', 'A/6-10', 'CONDO', 74.00, 63.00, 0, 428045, 0.00, 0.00, 0, 26966806, 0, 1466861000, 0.93, NULL, 20000000, 0.000000000, 0, 0.000000000, 1975449000, 1755364000, 1863631000, 1860686000, 7.25, 'Marketable', 'Sold', '2015-05-26 00:00:00', 'HM', 0, '0000-00-00 00:00:00'),
(84, 0, 1, 40, 'STANDAR', 'A/6-11', 'CONDO', 101.00, 90.00, 0, 299631, 0.00, 0.00, 0, 26966806, 0, 2388437000, 1.06, NULL, 20000000, 0.000000000, 0, 0.000000000, 3216552000, 2858196000, 3034483000, 3029688000, 7.25, 'Marketable', '', '2015-05-26 00:00:00', 'HM', 0, '0000-00-00 00:00:00'),
(85, 0, 1, 41, 'STANDAR', 'A/6-12', 'CONDO', 67.00, 57.00, 0, 473102, 0.00, 0.00, 0, 26966806, 0, 1327160000, 0.93, NULL, 20000000, 0.000000000, 0, 0.000000000, 1787311000, 1588187000, 1686142000, 1683479000, 7.25, 'Marketable', '', '2015-05-26 00:00:00', 'HM', 0, '0000-00-00 00:00:00'),
(86, 0, 1, 41, 'STANDAR', 'A/6-18', 'CONDO', 97.00, 85.00, 0, 317257, 0.00, 0.00, 0, 26966806, 0, 1979098000, 0.93, NULL, 20000000, 0.000000000, 0, 0.000000000, 2665289000, 2368348000, 2514423000, 2510449000, 7.25, 'Marketable', '', '2015-05-26 00:00:00', 'HM', 0, '0000-00-00 00:00:00'),
(87, 0, 1, 40, 'STANDAR', 'A/6-19', 'CONDO', 138.00, 120.00, 0, 224723, 0.00, 0.00, 0, 26966806, 0, 3184583000, 1.06, NULL, 20000000, 0.000000000, 0, 0.000000000, 4288737000, 3810928000, 4045978000, 4039584000, 7.25, 'Marketable', 'Sold', '2015-05-26 00:00:00', 'HM', 0, '0000-00-00 00:00:00'),
(88, 0, 1, 41, 'STANDAR', 'A/6-20', 'CONDO', 60.00, 51.00, 0, 528761, 0.00, 0.00, 0, 26966806, 0, 1187459000, 0.93, NULL, 20000000, 0.000000000, 0, 0.000000000, 1599174000, 1421009000, 1508654000, 1506270000, 7.25, 'Marketable', '', '2015-05-26 00:00:00', 'HM', 0, '0000-00-00 00:00:00'),
(89, 0, 1, 40, 'STANDAR', 'A/6-21', 'CONDO', 132.00, 112.00, 0, 240775, 0.00, 0.00, 0, 26966806, 0, 3084439000, 1.10, NULL, 20000000, 0.000000000, 0, 0.000000000, 4153871000, 3691087000, 3918746000, 3912553000, 7.25, 'Marketable', '', '2015-05-26 00:00:00', 'HM', 0, '0000-00-00 00:00:00'),
(90, 0, 1, 41, 'STANDAR', 'A/6-22', 'CONDO', 81.00, 70.00, 0, 385240, 0.00, 0.00, 0, 26966806, 0, 1699946000, 0.97, NULL, 20000000, 0.000000000, 0, 0.000000000, 2289349000, 2034293000, 2159763000, 2156351000, 7.25, 'Marketable', '', '2015-05-26 00:00:00', 'HM', 0, '0000-00-00 00:00:00'),
(91, 0, 1, 40, 'STANDAR', 'A/7-1', 'CONDO', 175.00, 156.00, 0, 172864, 0.00, 0.00, 0, 26966806, 0, 4176307000, 1.08, NULL, 20000000, 0.000000000, 0, 0.000000000, 5624310000, 4997705000, 5305952000, 5297568000, 7.25, 'Marketable', '', '2015-05-26 00:00:00', 'HM', 0, '0000-00-00 00:00:00'),
(92, 0, 1, 41, 'STANDAR', 'A/7-2', 'CONDO', 113.00, 101.00, 0, 266998, 0.00, 0.00, 0, 26966806, 0, 2378423000, 0.95, NULL, 20000000, 0.000000000, 0, 0.000000000, 3203066000, 2846212000, 3021760000, 3016985000, 7.25, 'Marketable', '', '2015-05-26 00:00:00', 'HM', 0, '0000-00-00 00:00:00'),
(93, 0, 1, 40, 'STANDAR', 'A/7-3', 'CONDO', 85.00, 74.00, 0, 364416, 0.00, 0.00, 0, 26966806, 0, 1944382000, 1.06, NULL, 20000000, 0.000000000, 0, 0.000000000, 2618537000, 2326804000, 2470317000, 2466413000, 7.25, 'Marketable', '', '2015-05-26 00:00:00', 'HM', 0, '0000-00-00 00:00:00'),
(94, 0, 1, 40, 'STANDAR', 'A/7-5', 'CONDO', 85.00, 74.00, 0, 364416, 0.00, 0.00, 0, 26966806, 0, 1944382000, 1.06, NULL, 20000000, 0.000000000, 0, 0.000000000, 2618537000, 2326804000, 2470317000, 2466413000, 7.25, 'Marketable', 'Sold', '2015-05-26 00:00:00', 'HM', 0, '0000-00-00 00:00:00'),
(95, 0, 1, 41, 'STANDAR', 'A/7-6', 'CONDO', 78.00, 66.00, 0, 408588, 0.00, 0.00, 0, 26966806, 0, 1521497000, 0.93, NULL, 20000000, 0.000000000, 0, 0.000000000, 2049028000, 1820745000, 1933045000, 1929990000, 7.25, 'Marketable', '', '2015-05-26 00:00:00', 'HM', 0, '0000-00-00 00:00:00'),
(96, 0, 1, 40, 'STANDAR', 'A/7-7', 'CONDO', 101.00, 90.00, 0, 299631, 0.00, 0.00, 0, 26966806, 0, 2364789000, 1.06, NULL, 20000000, 0.000000000, 0, 0.000000000, 3184706000, 2829897000, 3004439000, 2999691000, 7.25, 'Marketable', '', '2015-05-26 00:00:00', 'HM', 0, '0000-00-00 00:00:00'),
(97, 0, 1, 41, 'STANDAR', 'A/7-8', 'CONDO', 60.00, 52.00, 0, 518592, 0.00, 0.00, 0, 26966806, 0, 1198755000, 0.93, NULL, 20000000, 0.000000000, 0, 0.000000000, 1614386000, 1434527000, 1523005000, 1520599000, 7.25, 'Marketable', 'Sold', '2015-05-26 00:00:00', 'HM', 0, '0000-00-00 00:00:00'),
(98, 0, 1, 40, 'STANDAR', 'A/7-9', 'CONDO', 101.00, 90.00, 0, 299631, 0.00, 0.00, 0, 26966806, 0, 2364789000, 1.06, NULL, 20000000, 0.000000000, 0, 0.000000000, 3184706000, 2829897000, 3004439000, 2999691000, 7.25, 'Marketable', '', '2015-05-26 00:00:00', 'HM', 0, '0000-00-00 00:00:00'),
(99, 0, 1, 41, 'STANDAR', 'A/7-10', 'CONDO', 74.00, 63.00, 0, 428045, 0.00, 0.00, 0, 26966806, 0, 1452338000, 0.93, NULL, 20000000, 0.000000000, 0, 0.000000000, 1955890000, 1737984000, 1845179000, 1842264000, 7.25, 'Marketable', '', '2015-05-26 00:00:00', 'HM', 0, '0000-00-00 00:00:00'),
(100, 0, 1, 40, 'STANDAR', 'A/7-11', 'CONDO', 101.00, 90.00, 0, 299631, 0.00, 0.00, 0, 26966806, 0, 2364789000, 1.06, NULL, 20000000, 0.000000000, 0, 0.000000000, 3184706000, 2829897000, 3004439000, 2999691000, 7.25, 'Marketable', 'Booked', '2015-05-26 00:00:00', 'HM', 0, '0000-00-00 00:00:00'),
(101, 0, 1, 41, 'STANDAR', 'A/7-12', 'CONDO', 67.00, 57.00, 0, 473102, 0.00, 0.00, 0, 26966806, 0, 1314020000, 0.93, NULL, 20000000, 0.000000000, 0, 0.000000000, 1769615000, 1572462000, 1669448000, 1666810000, 7.25, 'Marketable', '', '2015-05-26 00:00:00', 'HM', 0, '0000-00-00 00:00:00'),
(102, 0, 1, 41, 'STANDAR', 'A/7-16', 'CONDO', 71.00, 63.00, 0, 428045, 0.00, 0.00, 0, 26966806, 0, 1452338000, 0.93, NULL, 20000000, 0.000000000, 0, 0.000000000, 1955890000, 1737984000, 1845179000, 1842264000, 7.25, 'Marketable', '', '2015-05-26 00:00:00', 'HM', 0, '0000-00-00 00:00:00'),
(103, 0, 1, 41, 'STANDAR', 'A/7-18', 'CONDO', 97.00, 85.00, 0, 317257, 0.00, 0.00, 0, 26966806, 0, 1959503000, 0.93, NULL, 20000000, 0.000000000, 0, 0.000000000, 2638899000, 2344899000, 2489527000, 2485593000, 7.25, 'Marketable', '', '2015-05-26 00:00:00', 'HM', 0, '0000-00-00 00:00:00'),
(104, 0, 1, 40, 'STANDAR', 'A/7-19', 'CONDO', 138.00, 120.00, 0, 224723, 0.00, 0.00, 0, 26966806, 0, 3153052000, 1.06, NULL, 20000000, 0.000000000, 0, 0.000000000, 4246274000, 3773196000, 4005918000, 3999588000, 7.25, 'Marketable', '', '2015-05-26 00:00:00', 'HM', 0, '0000-00-00 00:00:00'),
(105, 0, 1, 41, 'STANDAR', 'A/7-20', 'CONDO', 60.00, 51.00, 0, 528761, 0.00, 0.00, 0, 26966806, 0, 1175702000, 0.93, NULL, 20000000, 0.000000000, 0, 0.000000000, 1583341000, 1406940000, 1493717000, 1491357000, 7.25, 'Marketable', '', '2015-05-26 00:00:00', 'HM', 0, '0000-00-00 00:00:00'),
(106, 0, 1, 40, 'STANDAR', 'A/7-21', 'CONDO', 132.00, 112.00, 0, 240775, 0.00, 0.00, 0, 26966806, 0, 3053900000, 1.10, NULL, 20000000, 0.000000000, 0, 0.000000000, 4112743000, 3654542000, 3879946000, 3873815000, 7.25, 'Marketable', '', '2015-05-26 00:00:00', 'HM', 0, '0000-00-00 00:00:00'),
(107, 0, 1, 41, 'STANDAR', 'A/7-22', 'CONDO', 81.00, 70.00, 0, 385240, 0.00, 0.00, 0, 26966806, 0, 1683115000, 0.97, NULL, 20000000, 0.000000000, 0, 0.000000000, 2266683000, 2014151000, 2138380000, 2135001000, 7.25, 'Marketable', '', '2015-05-26 00:00:00', 'HM', 0, '0000-00-00 00:00:00'),
(108, 0, 1, 40, 'STANDAR', 'A/8-1', 'CONDO', 175.00, 156.00, 0, 172864, 0.00, 0.00, 0, 26966806, 0, 4176307000, 1.08, NULL, 20000000, 0.000000000, 0, 0.000000000, 5624310000, 4997705000, 5305952000, 5297568000, 7.25, 'Marketable', '', '2015-05-26 00:00:00', 'HM', 0, '0000-00-00 00:00:00'),
(109, 0, 1, 41, 'STANDAR', 'A/8-2', 'CONDO', 113.00, 101.00, 0, 266998, 0.00, 0.00, 0, 26966806, 0, 2378423000, 0.95, NULL, 20000000, 0.000000000, 0, 0.000000000, 3203066000, 2846212000, 3021760000, 3016985000, 7.25, 'Marketable', '', '2015-05-26 00:00:00', 'HM', 0, '0000-00-00 00:00:00'),
(110, 0, 1, 40, 'STANDAR', 'A/8-3', 'CONDO', 85.00, 74.00, 0, 364416, 0.00, 0.00, 0, 26966806, 0, 1944382000, 1.06, NULL, 20000000, 0.000000000, 0, 0.000000000, 2618537000, 2326804000, 2470317000, 2466413000, 7.25, 'Marketable', 'Sold', '2015-05-26 00:00:00', 'HM', 0, '0000-00-00 00:00:00'),
(111, 0, 1, 40, 'STANDAR', 'A/8-5', 'CONDO', 85.00, 74.00, 0, 364416, 0.00, 0.00, 0, 26966806, 0, 1944382000, 1.06, NULL, 20000000, 0.000000000, 0, 0.000000000, 2618537000, 2326804000, 2470317000, 2466413000, 7.25, 'Marketable', 'Sold', '2015-05-26 00:00:00', 'HM', 0, '0000-00-00 00:00:00'),
(112, 0, 1, 41, 'STANDAR', 'A/8-6', 'CONDO', 78.00, 66.00, 0, 408588, 0.00, 0.00, 0, 26966806, 0, 1521497000, 0.93, NULL, 20000000, 0.000000000, 0, 0.000000000, 2049028000, 1820745000, 1933045000, 1929990000, 7.25, 'Marketable', '', '2015-05-26 00:00:00', 'HM', 0, '0000-00-00 00:00:00'),
(113, 0, 1, 40, 'STANDAR', 'A/8-7', 'CONDO', 101.00, 90.00, 0, 299631, 0.00, 0.00, 0, 26966806, 0, 2364789000, 1.06, NULL, 20000000, 0.000000000, 0, 0.000000000, 3184706000, 2829897000, 3004439000, 2999691000, 7.25, 'Marketable', '', '2015-05-26 00:00:00', 'HM', 0, '0000-00-00 00:00:00'),
(114, 0, 1, 41, 'STANDAR', 'A/8-8', 'CONDO', 60.00, 52.00, 0, 518592, 0.00, 0.00, 0, 26966806, 0, 1198755000, 0.93, NULL, 20000000, 0.000000000, 0, 0.000000000, 1614386000, 1434527000, 1523005000, 1520599000, 7.25, 'Marketable', 'Sold', '2015-05-26 00:00:00', 'HM', 0, '0000-00-00 00:00:00'),
(115, 0, 1, 40, 'STANDAR', 'A/8-9', 'CONDO', 101.00, 90.00, 0, 299631, 0.00, 0.00, 0, 26966806, 0, 2364789000, 1.06, NULL, 20000000, 0.000000000, 0, 0.000000000, 3184706000, 2829897000, 3004439000, 2999691000, 7.25, 'Marketable', 'Sold', '2015-05-26 00:00:00', 'HM', 0, '0000-00-00 00:00:00'),
(116, 0, 1, 41, 'STANDAR', 'A/8-10', 'CONDO', 74.00, 63.00, 0, 428045, 0.00, 0.00, 0, 26966806, 0, 1452338000, 0.93, NULL, 20000000, 0.000000000, 0, 0.000000000, 1955890000, 1737984000, 1845179000, 1842264000, 7.25, 'Marketable', '', '2015-05-26 00:00:00', 'HM', 0, '0000-00-00 00:00:00'),
(117, 0, 1, 40, 'STANDAR', 'A/8-11', 'CONDO', 101.00, 90.00, 0, 299631, 0.00, 0.00, 0, 26966806, 0, 2364789000, 1.06, NULL, 20000000, 0.000000000, 0, 0.000000000, 3184706000, 2829897000, 3004439000, 2999691000, 7.25, 'Marketable', '', '2015-05-26 00:00:00', 'HM', 0, '0000-00-00 00:00:00'),
(118, 0, 1, 41, 'STANDAR', 'A/8-12', 'CONDO', 67.00, 57.00, 0, 473102, 0.00, 0.00, 0, 26966806, 0, 1314020000, 0.93, NULL, 20000000, 0.000000000, 0, 0.000000000, 1769615000, 1572462000, 1669448000, 1666810000, 7.25, 'Marketable', '', '2015-05-26 00:00:00', 'HM', 0, '0000-00-00 00:00:00'),
(119, 0, 1, 41, 'STANDAR', 'A/8-16', 'CONDO', 71.00, 63.00, 0, 428045, 0.00, 0.00, 0, 26966806, 0, 1452338000, 0.93, NULL, 20000000, 0.000000000, 0, 0.000000000, 1955890000, 1737984000, 1845179000, 1842264000, 7.25, 'Marketable', '', '2015-05-26 00:00:00', 'HM', 0, '0000-00-00 00:00:00'),
(120, 0, 1, 41, 'STANDAR', 'A/8-18', 'CONDO', 97.00, 85.00, 0, 317257, 0.00, 0.00, 0, 26966806, 0, 1959503000, 0.93, NULL, 20000000, 0.000000000, 0, 0.000000000, 2638899000, 2344899000, 2489527000, 2485593000, 7.25, 'Marketable', '', '2015-05-26 00:00:00', 'HM', 0, '0000-00-00 00:00:00'),
(121, 0, 1, 40, 'STANDAR', 'A/8-19', 'CONDO', 138.00, 120.00, 0, 224723, 0.00, 0.00, 0, 26966806, 0, 3153052000, 1.06, NULL, 20000000, 0.000000000, 0, 0.000000000, 4246274000, 3773196000, 4005918000, 3999588000, 7.25, 'Marketable', 'Sold', '2015-05-26 00:00:00', 'HM', 0, '0000-00-00 00:00:00'),
(122, 0, 1, 41, 'STANDAR', 'A/8-20', 'CONDO', 60.00, 51.00, 0, 528761, 0.00, 0.00, 0, 26966806, 0, 1175702000, 0.93, NULL, 20000000, 0.000000000, 0, 0.000000000, 1583341000, 1406940000, 1493717000, 1491357000, 7.25, 'Marketable', '', '2015-05-26 00:00:00', 'HM', 0, '0000-00-00 00:00:00'),
(123, 0, 1, 40, 'STANDAR', 'A/8-21', 'CONDO', 132.00, 112.00, 0, 240775, 0.00, 0.00, 0, 26966806, 0, 3053900000, 1.10, NULL, 20000000, 0.000000000, 0, 0.000000000, 4112743000, 3654542000, 3879946000, 3873815000, 7.25, 'Marketable', 'Booked', '2015-05-26 00:00:00', 'HM', 0, '0000-00-00 00:00:00'),
(124, 0, 1, 41, 'STANDAR', 'A/8-22', 'CONDO', 81.00, 70.00, 0, 385240, 0.00, 0.00, 0, 26966806, 0, 1683115000, 0.97, NULL, 20000000, 0.000000000, 0, 0.000000000, 2266683000, 2014151000, 2138380000, 2135001000, 7.25, 'Marketable', '', '2015-05-26 00:00:00', 'HM', 0, '0000-00-00 00:00:00'),
(125, 0, 1, 40, 'STANDAR', 'A/9-1', 'CONDO', 175.00, 156.00, 0, 172864, 0.00, 0.00, 0, 26966806, 0, 4218070000, 1.08, NULL, 20000000, 0.000000000, 0, 0.000000000, 5680553000, 5047682000, 5359012000, 5350543000, 7.25, 'Marketable', '', '2015-05-26 00:00:00', 'HM', 0, '0000-00-00 00:00:00'),
(126, 0, 1, 41, 'STANDAR', 'A/9-2', 'CONDO', 113.00, 101.00, 0, 266998, 0.00, 0.00, 0, 26966806, 0, 2402207000, 0.95, NULL, 20000000, 0.000000000, 0, 0.000000000, 3235097000, 2874674000, 3051978000, 3047155000, 7.25, 'Marketable', '', '2015-05-26 00:00:00', 'HM', 0, '0000-00-00 00:00:00'),
(127, 0, 1, 40, 'STANDAR', 'A/9-3', 'CONDO', 85.00, 74.00, 0, 364416, 0.00, 0.00, 0, 26966806, 0, 1963826000, 1.06, NULL, 20000000, 0.000000000, 0, 0.000000000, 2644722000, 2350072000, 2495020000, 2491077000, 7.25, 'Marketable', '', '2015-05-26 00:00:00', 'HM', 0, '0000-00-00 00:00:00'),
(128, 0, 1, 40, 'STANDAR', 'A/9-5', 'CONDO', 85.00, 74.00, 0, 364416, 0.00, 0.00, 0, 26966806, 0, 1963826000, 1.06, NULL, 20000000, 0.000000000, 0, 0.000000000, 2644722000, 2350072000, 2495020000, 2491077000, 7.25, 'Marketable', '', '2015-05-26 00:00:00', 'HM', 0, '0000-00-00 00:00:00'),
(129, 0, 1, 41, 'STANDAR', 'A/9-6', 'CONDO', 78.00, 66.00, 0, 408588, 0.00, 0.00, 0, 26966806, 0, 1536712000, 0.93, NULL, 20000000, 0.000000000, 0, 0.000000000, 2069518000, 1838953000, 1952375000, 1949291000, 7.25, 'Marketable', 'Sold', '2015-05-26 00:00:00', 'HM', 0, '0000-00-00 00:00:00'),
(130, 0, 1, 40, 'STANDAR', 'A/9-7', 'CONDO', 101.00, 90.00, 0, 299631, 0.00, 0.00, 0, 26966806, 0, 2388437000, 1.06, NULL, 20000000, 0.000000000, 0, 0.000000000, 3216552000, 2858196000, 3034483000, 3029688000, 7.25, 'Marketable', 'Sold', '2015-05-26 00:00:00', 'HM', 0, '0000-00-00 00:00:00'),
(131, 0, 1, 40, 'STANDAR', 'A/9-9', 'CONDO', 101.00, 90.00, 0, 299631, 0.00, 0.00, 0, 26966806, 0, 2388437000, 1.06, NULL, 20000000, 0.000000000, 0, 0.000000000, 3216552000, 2858196000, 3034483000, 3029688000, 7.25, 'Marketable', 'Sold', '2015-05-26 00:00:00', 'HM', 0, '0000-00-00 00:00:00'),
(132, 0, 1, 41, 'STANDAR', 'A/9-10', 'CONDO', 74.00, 63.00, 0, 428045, 0.00, 0.00, 0, 26966806, 0, 1466861000, 0.93, NULL, 20000000, 0.000000000, 0, 0.000000000, 1975449000, 1755364000, 1863631000, 1860686000, 7.25, 'Marketable', '', '2015-05-26 00:00:00', 'HM', 0, '0000-00-00 00:00:00'),
(133, 0, 1, 40, 'STANDAR', 'A/9-11', 'CONDO', 101.00, 90.00, 0, 299631, 0.00, 0.00, 0, 26966806, 0, 2388437000, 1.06, NULL, 20000000, 0.000000000, 0, 0.000000000, 3216552000, 2858196000, 3034483000, 3029688000, 7.25, 'Marketable', '', '2015-05-26 00:00:00', 'HM', 0, '0000-00-00 00:00:00'),
(134, 0, 1, 41, 'STANDAR', 'A/9-12', 'CONDO', 67.00, 57.00, 0, 473102, 0.00, 0.00, 0, 26966806, 0, 1327160000, 0.93, NULL, 20000000, 0.000000000, 0, 0.000000000, 1787311000, 1588187000, 1686142000, 1683479000, 7.25, 'Marketable', '', '2015-05-26 00:00:00', 'HM', 0, '0000-00-00 00:00:00'),
(135, 0, 1, 40, 'STANDAR', 'A/9-15', 'CONDO', 101.00, 90.00, 0, 299631, 0.00, 0.00, 0, 26966806, 0, 2388437000, 1.06, NULL, 20000000, 0.000000000, 0, 0.000000000, 3216552000, 2858196000, 3034483000, 3029688000, 7.25, 'Marketable', 'Booked', '2015-05-26 00:00:00', 'HM', 0, '0000-00-00 00:00:00'),
(136, 0, 1, 41, 'STANDAR', 'A/9-16', 'CONDO', 71.00, 63.00, 0, 428045, 0.00, 0.00, 0, 26966806, 0, 1466861000, 0.93, NULL, 20000000, 0.000000000, 0, 0.000000000, 1975449000, 1755364000, 1863631000, 1860686000, 7.25, 'Marketable', '', '2015-05-26 00:00:00', 'HM', 0, '0000-00-00 00:00:00'),
(137, 0, 1, 40, 'STANDAR', 'A/9-17', 'CONDO', 85.00, 74.00, 0, 364416, 0.00, 0.00, 0, 26966806, 0, 1963826000, 1.06, NULL, 20000000, 0.000000000, 0, 0.000000000, 2644722000, 2350072000, 2495020000, 2491077000, 7.25, 'Marketable', '', '2015-05-26 00:00:00', 'HM', 0, '0000-00-00 00:00:00'),
(138, 0, 1, 41, 'STANDAR', 'A/9-18', 'CONDO', 97.00, 85.00, 0, 317257, 0.00, 0.00, 0, 26966806, 0, 1979098000, 0.93, NULL, 20000000, 0.000000000, 0, 0.000000000, 2665289000, 2368348000, 2514423000, 2510449000, 7.25, 'Marketable', '', '2015-05-26 00:00:00', 'HM', 0, '0000-00-00 00:00:00'),
(139, 0, 1, 40, 'STANDAR', 'A/9-19', 'CONDO', 138.00, 120.00, 0, 224723, 0.00, 0.00, 0, 26966806, 0, 3184583000, 1.06, NULL, 20000000, 0.000000000, 0, 0.000000000, 4288737000, 3810928000, 4045978000, 4039584000, 7.25, 'Marketable', 'Sold', '2015-05-26 00:00:00', 'HM', 0, '0000-00-00 00:00:00'),
(140, 0, 1, 41, 'STANDAR', 'A/9-20', 'CONDO', 60.00, 51.00, 0, 528761, 0.00, 0.00, 0, 26966806, 0, 1187459000, 0.93, NULL, 20000000, 0.000000000, 0, 0.000000000, 1599174000, 1421009000, 1508654000, 1506270000, 7.25, 'Marketable', '', '2015-05-26 00:00:00', 'HM', 0, '0000-00-00 00:00:00'),
(141, 0, 1, 40, 'STANDAR', 'A/9-21', 'CONDO', 132.00, 112.00, 0, 240775, 0.00, 0.00, 0, 26966806, 0, 3084439000, 1.10, NULL, 20000000, 0.000000000, 0, 0.000000000, 4153871000, 3691087000, 3918746000, 3912553000, 7.25, 'Marketable', '', '2015-05-26 00:00:00', 'HM', 0, '0000-00-00 00:00:00'),
(142, 0, 1, 41, 'STANDAR', 'A/9-22', 'CONDO', 81.00, 70.00, 0, 385240, 0.00, 0.00, 0, 26966806, 0, 1699946000, 0.97, NULL, 20000000, 0.000000000, 0, 0.000000000, 2289349000, 2034293000, 2159763000, 2156351000, 7.25, 'Marketable', '', '2015-05-26 00:00:00', 'HM', 0, '0000-00-00 00:00:00'),
(143, 0, 1, 40, 'STANDAR', 'A/10-1', 'CONDO', 175.00, 156.00, 0, 172864, 0.00, 0.00, 0, 26966806, 0, 4218070000, 1.08, NULL, 20000000, 0.000000000, 0, 0.000000000, 5680553000, 5047682000, 5359012000, 5350543000, 7.25, 'Marketable', '', '2015-05-26 00:00:00', 'HM', 0, '0000-00-00 00:00:00'),
(144, 0, 1, 41, 'STANDAR', 'A/10-2', 'CONDO', 113.00, 101.00, 0, 266998, 0.00, 0.00, 0, 26966806, 0, 2402207000, 0.95, NULL, 20000000, 0.000000000, 0, 0.000000000, 3235097000, 2874674000, 3051978000, 3047155000, 7.25, 'Marketable', '', '2015-05-26 00:00:00', 'HM', 0, '0000-00-00 00:00:00'),
(145, 0, 1, 40, 'STANDAR', 'A/10-3', 'CONDO', 85.00, 74.00, 0, 364416, 0.00, 0.00, 0, 26966806, 0, 1963826000, 1.06, NULL, 20000000, 0.000000000, 0, 0.000000000, 2644722000, 2350072000, 2495020000, 2491077000, 7.25, 'Marketable', '', '2015-05-26 00:00:00', 'HM', 0, '0000-00-00 00:00:00'),
(146, 0, 1, 40, 'STANDAR', 'A/10-5', 'CONDO', 85.00, 74.00, 0, 364416, 0.00, 0.00, 0, 26966806, 0, 1963826000, 1.06, NULL, 20000000, 0.000000000, 0, 0.000000000, 2644722000, 2350072000, 2495020000, 2491077000, 7.25, 'Marketable', 'Sold', '2015-05-26 00:00:00', 'HM', 0, '0000-00-00 00:00:00'),
(147, 0, 1, 41, 'STANDAR', 'A/10-6', 'CONDO', 78.00, 66.00, 0, 408588, 0.00, 0.00, 0, 26966806, 0, 1536712000, 0.93, NULL, 20000000, 0.000000000, 0, 0.000000000, 2069518000, 1838953000, 1952375000, 1949291000, 7.25, 'Marketable', 'Sold', '2015-05-26 00:00:00', 'HM', 0, '0000-00-00 00:00:00'),
(148, 0, 1, 40, 'STANDAR', 'A/10-7', 'CONDO', 101.00, 90.00, 0, 299631, 0.00, 0.00, 0, 26966806, 0, 2388437000, 1.06, NULL, 20000000, 0.000000000, 0, 0.000000000, 3216552000, 2858196000, 3034483000, 3029688000, 7.25, 'Marketable', 'Sold', '2015-05-26 00:00:00', 'HM', 0, '0000-00-00 00:00:00'),
(149, 0, 1, 40, 'STANDAR', 'A/10-9', 'CONDO', 101.00, 90.00, 0, 299631, 0.00, 0.00, 0, 26966806, 0, 2388437000, 1.06, NULL, 20000000, 0.000000000, 0, 0.000000000, 3216552000, 2858196000, 3034483000, 3029688000, 7.25, 'Marketable', '', '2015-05-26 00:00:00', 'HM', 0, '0000-00-00 00:00:00'),
(150, 0, 1, 41, 'STANDAR', 'A/10-10', 'CONDO', 74.00, 63.00, 0, 428045, 0.00, 0.00, 0, 26966806, 0, 1466861000, 0.93, NULL, 20000000, 0.000000000, 0, 0.000000000, 1975449000, 1755364000, 1863631000, 1860686000, 7.25, 'Marketable', '', '2015-05-26 00:00:00', 'HM', 0, '0000-00-00 00:00:00'),
(151, 0, 1, 40, 'STANDAR', 'A/10-11', 'CONDO', 101.00, 90.00, 0, 299631, 0.00, 0.00, 0, 26966806, 0, 2388437000, 1.06, NULL, 20000000, 0.000000000, 0, 0.000000000, 3216552000, 2858196000, 3034483000, 3029688000, 7.25, 'Marketable', '', '2015-05-26 00:00:00', 'HM', 0, '0000-00-00 00:00:00'),
(152, 0, 1, 41, 'STANDAR', 'A/10-12', 'CONDO', 67.00, 57.00, 0, 473102, 0.00, 0.00, 0, 26966806, 0, 1327160000, 0.93, NULL, 20000000, 0.000000000, 0, 0.000000000, 1787311000, 1588187000, 1686142000, 1683479000, 7.25, 'Marketable', '', '2015-05-26 00:00:00', 'HM', 0, '0000-00-00 00:00:00'),
(153, 0, 1, 40, 'STANDAR', 'A/10-15', 'CONDO', 101.00, 90.00, 0, 299631, 0.00, 0.00, 0, 26966806, 0, 2388437000, 1.06, NULL, 20000000, 0.000000000, 0, 0.000000000, 3216552000, 2858196000, 3034483000, 3029688000, 7.25, 'Marketable', '', '2015-05-26 00:00:00', 'HM', 0, '0000-00-00 00:00:00'),
(154, 0, 1, 41, 'STANDAR', 'A/10-16', 'CONDO', 71.00, 63.00, 0, 428045, 0.00, 0.00, 0, 26966806, 0, 1466861000, 0.93, NULL, 20000000, 0.000000000, 0, 0.000000000, 1975449000, 1755364000, 1863631000, 1860686000, 7.25, 'Marketable', '', '2015-05-26 00:00:00', 'HM', 0, '0000-00-00 00:00:00'),
(155, 0, 1, 40, 'STANDAR', 'A/10-17', 'CONDO', 85.00, 74.00, 0, 364416, 0.00, 0.00, 0, 26966806, 0, 1963826000, 1.06, NULL, 20000000, 0.000000000, 0, 0.000000000, 2644722000, 2350072000, 2495020000, 2491077000, 7.25, 'Marketable', 'Sold', '2015-05-26 00:00:00', 'HM', 0, '0000-00-00 00:00:00'),
(156, 0, 1, 41, 'STANDAR', 'A/10-18', 'CONDO', 97.00, 85.00, 0, 317257, 0.00, 0.00, 0, 26966806, 0, 1979098000, 0.93, NULL, 20000000, 0.000000000, 0, 0.000000000, 2665289000, 2368348000, 2514423000, 2510449000, 7.25, 'Marketable', '', '2015-05-26 00:00:00', 'HM', 0, '0000-00-00 00:00:00'),
(157, 0, 1, 40, 'STANDAR', 'A/10-19', 'CONDO', 138.00, 120.00, 0, 224723, 0.00, 0.00, 0, 26966806, 0, 3184583000, 1.06, NULL, 20000000, 0.000000000, 0, 0.000000000, 4288737000, 3810928000, 4045978000, 4039584000, 7.25, 'Marketable', '', '2015-05-26 00:00:00', 'HM', 0, '0000-00-00 00:00:00'),
(158, 0, 1, 41, 'STANDAR', 'A/10-20', 'CONDO', 60.00, 51.00, 0, 528761, 0.00, 0.00, 0, 26966806, 0, 1187459000, 0.93, NULL, 20000000, 0.000000000, 0, 0.000000000, 1599174000, 1421009000, 1508654000, 1506270000, 7.25, 'Marketable', '', '2015-05-26 00:00:00', 'HM', 0, '0000-00-00 00:00:00'),
(159, 0, 1, 40, 'STANDAR', 'A/10-21', 'CONDO', 132.00, 112.00, 0, 240775, 0.00, 0.00, 0, 26966806, 0, 3084439000, 1.10, NULL, 20000000, 0.000000000, 0, 0.000000000, 4153871000, 3691087000, 3918746000, 3912553000, 7.25, 'Marketable', '', '2015-05-26 00:00:00', 'HM', 0, '0000-00-00 00:00:00'),
(160, 0, 1, 41, 'STANDAR', 'A/10-22', 'CONDO', 81.00, 70.00, 0, 385240, 0.00, 0.00, 0, 26966806, 0, 1699946000, 0.97, NULL, 20000000, 0.000000000, 0, 0.000000000, 2289349000, 2034293000, 2159763000, 2156351000, 7.25, 'Marketable', '', '2015-05-26 00:00:00', 'HM', 0, '0000-00-00 00:00:00'),
(161, 0, 1, 40, 'STANDAR', 'A/11-1', 'CONDO', 175.00, 156.00, 0, 172864, 0.00, 0.00, 0, 26966806, 0, 4259833000, 1.08, NULL, 20000000, 0.000000000, 0, 0.000000000, 5736796000, 5097659000, 5412071000, 5403519000, 7.25, 'Marketable', 'Sold', '2015-05-26 00:00:00', 'HM', 0, '0000-00-00 00:00:00'),
(162, 0, 1, 41, 'STANDAR', 'A/11-2', 'CONDO', 113.00, 101.00, 0, 266998, 0.00, 0.00, 0, 26966806, 0, 2425991000, 0.95, NULL, 20000000, 0.000000000, 0, 0.000000000, 3267127000, 2903136000, 3082195000, 3077325000, 7.25, 'Marketable', '', '2015-05-26 00:00:00', 'HM', 0, '0000-00-00 00:00:00'),
(163, 0, 1, 40, 'STANDAR', 'A/11-3', 'CONDO', 85.00, 74.00, 0, 364416, 0.00, 0.00, 0, 26966806, 0, 1983270000, 1.06, NULL, 20000000, 0.000000000, 0, 0.000000000, 2670907000, 2373340000, 2519723000, 2515741000, 7.25, 'Marketable', 'Sold', '2015-05-26 00:00:00', 'HM', 0, '0000-00-00 00:00:00'),
(164, 0, 1, 41, 'STANDAR', 'A/11-6', 'CONDO', 78.00, 66.00, 0, 408588, 0.00, 0.00, 0, 26966806, 0, 1551927000, 0.93, NULL, 20000000, 0.000000000, 0, 0.000000000, 2090009000, 1857160000, 1971706000, 1968590000, 7.25, 'Marketable', '', '2015-05-26 00:00:00', 'HM', 0, '0000-00-00 00:00:00'),
(165, 0, 1, 40, 'STANDAR', 'A/11-9', 'CONDO', 101.00, 90.00, 0, 299631, 0.00, 0.00, 0, 26966806, 0, 2412085000, 1.06, NULL, 20000000, 0.000000000, 0, 0.000000000, 3248400000, 2886495000, 3064528000, 3059685000, 7.25, 'Marketable', 'Sold', '2015-05-26 00:00:00', 'HM', 0, '0000-00-00 00:00:00'),
(166, 0, 1, 41, 'STANDAR', 'A/11-10', 'CONDO', 74.00, 63.00, 0, 428045, 0.00, 0.00, 0, 26966806, 0, 1481384000, 0.93, NULL, 20000000, 0.000000000, 0, 0.000000000, 1995008000, 1772744000, 1882083000, 1879109000, 7.25, 'Marketable', '', '2015-05-26 00:00:00', 'HM', 0, '0000-00-00 00:00:00'),
(167, 0, 1, 40, 'STANDAR', 'A/11-11', 'CONDO', 101.00, 90.00, 0, 299631, 0.00, 0.00, 0, 26966806, 0, 2412085000, 1.06, NULL, 20000000, 0.000000000, 0, 0.000000000, 3248400000, 2886495000, 3064528000, 3059685000, 7.25, 'Marketable', '', '2015-05-26 00:00:00', 'HM', 0, '0000-00-00 00:00:00'),
(168, 0, 1, 41, 'STANDAR', 'A/11-12', 'CONDO', 67.00, 57.00, 0, 473102, 0.00, 0.00, 0, 26966806, 0, 1340300000, 0.93, NULL, 20000000, 0.000000000, 0, 0.000000000, 1805008000, 1603911000, 1702837000, 1700146000, 7.25, 'Marketable', '', '2015-05-26 00:00:00', 'HM', 0, '0000-00-00 00:00:00'),
(169, 0, 1, 40, 'STANDAR', 'A/11-15', 'CONDO', 101.00, 90.00, 0, 299631, 0.00, 0.00, 0, 26966806, 0, 2412085000, 1.06, NULL, 20000000, 0.000000000, 0, 0.000000000, 3248400000, 2886495000, 3064528000, 3059685000, 7.25, 'Marketable', 'Sold', '2015-05-26 00:00:00', 'HM', 0, '0000-00-00 00:00:00'),
(170, 0, 1, 41, 'STANDAR', 'A/11-16', 'CONDO', 71.00, 63.00, 0, 428045, 0.00, 0.00, 0, 26966806, 0, 1481384000, 0.93, NULL, 20000000, 0.000000000, 0, 0.000000000, 1995008000, 1772744000, 1882083000, 1879109000, 7.25, 'Marketable', 'Booked', '2015-05-26 00:00:00', 'HM', 0, '0000-00-00 00:00:00');
INSERT INTO `tbl_unit` (`id_unit`, `id_promo`, `id_cluster`, `id_type`, `posisi`, `kode_unit`, `kategori`, `luas_tanah`, `luas_bangunan`, `harga_tanah_m2`, `harga_bangunan_m2`, `diskon_tanah`, `diskon_bangunan`, `harga_tanah`, `harga_bangunan`, `harga_jual_exc_ppn`, `harga_jual_inc_ppn`, `fs`, `keterangan_fs`, `tanda_jadi`, `persen_tanda_jadi`, `uang_muka`, `persen_uang_muka`, `plafon_kpr`, `kpr_5_tahun`, `kpr_10_tahun`, `kpr_15_tahun`, `suku_bunga`, `status_unit`, `status_transaksi`, `tanggal_posting`, `kelas_produk`, `locked`, `tanggal_locked`) VALUES
(171, 0, 1, 40, 'STANDAR', 'A/11-17', 'CONDO', 85.00, 74.00, 0, 364416, 0.00, 0.00, 0, 26966806, 0, 1983270000, 1.06, NULL, 20000000, 0.000000000, 0, 0.000000000, 2670907000, 2373340000, 2519723000, 2515741000, 7.25, 'Marketable', 'Sold', '2015-05-26 00:00:00', 'HM', 0, '0000-00-00 00:00:00'),
(172, 0, 1, 41, 'STANDAR', 'A/11-18', 'CONDO', 97.00, 85.00, 0, 317257, 0.00, 0.00, 0, 26966806, 0, 1998693000, 0.93, NULL, 20000000, 0.000000000, 0, 0.000000000, 2691678000, 2391797000, 2539318000, 2535305000, 7.25, 'Marketable', '', '2015-05-26 00:00:00', 'HM', 0, '0000-00-00 00:00:00'),
(173, 0, 1, 40, 'STANDAR', 'A/11-19', 'CONDO', 138.00, 120.00, 0, 224723, 0.00, 0.00, 0, 26966806, 0, 3216113000, 1.06, NULL, 20000000, 0.000000000, 0, 0.000000000, 4331200000, 3848660000, 4086037000, 4079580000, 7.25, 'Marketable', 'Sold', '2015-05-26 00:00:00', 'HM', 0, '0000-00-00 00:00:00'),
(174, 0, 1, 41, 'STANDAR', 'A/11-20', 'CONDO', 60.00, 51.00, 0, 528761, 0.00, 0.00, 0, 26966806, 0, 1199216000, 0.93, NULL, 20000000, 0.000000000, 0, 0.000000000, 1615007000, 1435078000, 1523591000, 1521183000, 7.25, 'Marketable', '', '2015-05-26 00:00:00', 'HM', 0, '0000-00-00 00:00:00'),
(175, 0, 1, 40, 'STANDAR', 'A/11-21', 'CONDO', 132.00, 112.00, 0, 240775, 0.00, 0.00, 0, 26966806, 0, 3114978000, 1.10, NULL, 20000000, 0.000000000, 0, 0.000000000, 4194998000, 3727633000, 3957545000, 3951291000, 7.25, 'Marketable', '', '2015-05-26 00:00:00', 'HM', 0, '0000-00-00 00:00:00'),
(176, 0, 1, 41, 'STANDAR', 'A/11-22', 'CONDO', 81.00, 70.00, 0, 385240, 0.00, 0.00, 0, 26966806, 0, 1716778000, 0.97, NULL, 20000000, 0.000000000, 0, 0.000000000, 2312016000, 2054434000, 2181147000, 2177701000, 7.25, 'Marketable', '', '2015-05-26 00:00:00', 'HM', 0, '0000-00-00 00:00:00'),
(177, 0, 1, 40, 'STANDAR', 'A/12-1', 'CONDO', 175.00, 156.00, 0, 172864, 0.00, 0.00, 0, 26966806, 0, 4218070000, 1.08, NULL, 20000000, 0.000000000, 0, 0.000000000, 5680553000, 5047682000, 5359012000, 5350543000, 7.25, 'Marketable', '', '2015-05-26 00:00:00', 'HM', 0, '0000-00-00 00:00:00'),
(178, 0, 1, 41, 'STANDAR', 'A/12-2', 'CONDO', 113.00, 101.00, 0, 266998, 0.00, 0.00, 0, 26966806, 0, 2402207000, 0.95, NULL, 20000000, 0.000000000, 0, 0.000000000, 3235097000, 2874674000, 3051978000, 3047155000, 7.25, 'Marketable', '', '2015-05-26 00:00:00', 'HM', 0, '0000-00-00 00:00:00'),
(179, 0, 1, 40, 'STANDAR', 'A/12-3', 'CONDO', 85.00, 74.00, 0, 364416, 0.00, 0.00, 0, 26966806, 0, 1963826000, 1.06, NULL, 20000000, 0.000000000, 0, 0.000000000, 2644722000, 2350072000, 2495020000, 2491077000, 7.25, 'Marketable', '', '2015-05-26 00:00:00', 'HM', 0, '0000-00-00 00:00:00'),
(180, 0, 1, 41, 'STANDAR', 'A/12-6', 'CONDO', 78.00, 66.00, 0, 408588, 0.00, 0.00, 0, 26966806, 0, 1536712000, 0.93, NULL, 20000000, 0.000000000, 0, 0.000000000, 2069518000, 1838953000, 1952375000, 1949291000, 7.25, 'Marketable', '', '2015-05-26 00:00:00', 'HM', 0, '0000-00-00 00:00:00'),
(181, 0, 1, 41, 'STANDAR', 'A/12-8', 'CONDO', 60.00, 52.00, 0, 518592, 0.00, 0.00, 0, 26966806, 0, 1210743000, 0.93, NULL, 20000000, 0.000000000, 0, 0.000000000, 1630530000, 1448872000, 1538235000, 1535805000, 7.25, 'Marketable', 'Sold', '2015-05-26 00:00:00', 'HM', 0, '0000-00-00 00:00:00'),
(182, 0, 1, 40, 'STANDAR', 'A/12-9', 'CONDO', 101.00, 90.00, 0, 299631, 0.00, 0.00, 0, 26966806, 0, 2388437000, 1.06, NULL, 20000000, 0.000000000, 0, 0.000000000, 3216552000, 2858196000, 3034483000, 3029688000, 7.25, 'Marketable', 'Sold', '2015-05-26 00:00:00', 'HM', 0, '0000-00-00 00:00:00'),
(183, 0, 1, 41, 'STANDAR', 'A/12-10', 'CONDO', 74.00, 63.00, 0, 428045, 0.00, 0.00, 0, 26966806, 0, 1466861000, 0.93, NULL, 20000000, 0.000000000, 0, 0.000000000, 1975449000, 1755364000, 1863631000, 1860686000, 7.25, 'Marketable', '', '2015-05-26 00:00:00', 'HM', 0, '0000-00-00 00:00:00'),
(184, 0, 1, 40, 'STANDAR', 'A/12-11', 'CONDO', 101.00, 90.00, 0, 299631, 0.00, 0.00, 0, 26966806, 0, 2388437000, 1.06, NULL, 20000000, 0.000000000, 0, 0.000000000, 3216552000, 2858196000, 3034483000, 3029688000, 7.25, 'Marketable', '', '2015-05-26 00:00:00', 'HM', 0, '0000-00-00 00:00:00'),
(185, 0, 1, 41, 'STANDAR', 'A/12-12', 'CONDO', 67.00, 57.00, 0, 473102, 0.00, 0.00, 0, 26966806, 0, 1327160000, 0.93, NULL, 20000000, 0.000000000, 0, 0.000000000, 1787311000, 1588187000, 1686142000, 1683479000, 7.25, 'Marketable', '', '2015-05-26 00:00:00', 'HM', 0, '0000-00-00 00:00:00'),
(186, 0, 1, 40, 'STANDAR', 'A/12-15', 'CONDO', 101.00, 90.00, 0, 299631, 0.00, 0.00, 0, 26966806, 0, 2388437000, 1.06, NULL, 20000000, 0.000000000, 0, 0.000000000, 3216552000, 2858196000, 3034483000, 3029688000, 7.25, 'Marketable', '', '2015-05-26 00:00:00', 'HM', 0, '0000-00-00 00:00:00'),
(187, 0, 1, 41, 'STANDAR', 'A/12-16', 'CONDO', 71.00, 63.00, 0, 428045, 0.00, 0.00, 0, 26966806, 0, 1466861000, 0.93, NULL, 20000000, 0.000000000, 0, 0.000000000, 1975449000, 1755364000, 1863631000, 1860686000, 7.25, 'Marketable', '', '2015-05-26 00:00:00', 'HM', 0, '0000-00-00 00:00:00'),
(188, 0, 1, 40, 'STANDAR', 'A/12-17', 'CONDO', 85.00, 74.00, 0, 364416, 0.00, 0.00, 0, 26966806, 0, 1963826000, 1.06, NULL, 20000000, 0.000000000, 0, 0.000000000, 2644722000, 2350072000, 2495020000, 2491077000, 7.25, 'Marketable', 'Booked', '2015-05-26 00:00:00', 'HM', 0, '0000-00-00 00:00:00'),
(189, 0, 1, 41, 'STANDAR', 'A/12-18', 'CONDO', 97.00, 85.00, 0, 317257, 0.00, 0.00, 0, 26966806, 0, 1979098000, 0.93, NULL, 20000000, 0.000000000, 0, 0.000000000, 2665289000, 2368348000, 2514423000, 2510449000, 7.25, 'Marketable', '', '2015-05-26 00:00:00', 'HM', 0, '0000-00-00 00:00:00'),
(190, 0, 1, 40, 'STANDAR', 'A/12-19', 'CONDO', 138.00, 120.00, 0, 224723, 0.00, 0.00, 0, 26966806, 0, 3184583000, 1.06, NULL, 20000000, 0.000000000, 0, 0.000000000, 4288737000, 3810928000, 4045978000, 4039584000, 7.25, 'Marketable', '', '2015-05-26 00:00:00', 'HM', 0, '0000-00-00 00:00:00'),
(191, 0, 1, 41, 'STANDAR', 'A/12-20', 'CONDO', 60.00, 51.00, 0, 528761, 0.00, 0.00, 0, 26966806, 0, 1187459000, 0.93, NULL, 20000000, 0.000000000, 0, 0.000000000, 1599174000, 1421009000, 1508654000, 1506270000, 7.25, 'Marketable', '', '2015-05-26 00:00:00', 'HM', 0, '0000-00-00 00:00:00'),
(192, 0, 1, 40, 'STANDAR', 'A/12-21', 'CONDO', 132.00, 112.00, 0, 240775, 0.00, 0.00, 0, 26966806, 0, 3084439000, 1.10, NULL, 20000000, 0.000000000, 0, 0.000000000, 4153871000, 3691087000, 3918746000, 3912553000, 7.25, 'Marketable', '', '2015-05-26 00:00:00', 'HM', 0, '0000-00-00 00:00:00'),
(193, 0, 1, 41, 'STANDAR', 'A/12-22', 'CONDO', 81.00, 70.00, 0, 385240, 0.00, 0.00, 0, 26966806, 0, 1699946000, 0.97, NULL, 20000000, 0.000000000, 0, 0.000000000, 2289349000, 2034293000, 2159763000, 2156351000, 7.25, 'Marketable', '', '2015-05-26 00:00:00', 'HM', 0, '0000-00-00 00:00:00'),
(194, 0, 1, 40, 'STANDAR', 'A/15-1', 'CONDO', 175.00, 156.00, 0, 172864, 0.00, 0.00, 0, 26966806, 0, 4218070000, 1.08, NULL, 20000000, 0.000000000, 0, 0.000000000, 5680553000, 5047682000, 5359012000, 5350543000, 7.25, 'Marketable', '', '2015-05-26 00:00:00', 'HM', 0, '0000-00-00 00:00:00'),
(195, 0, 1, 41, 'STANDAR', 'A/15-2', 'CONDO', 113.00, 101.00, 0, 266998, 0.00, 0.00, 0, 26966806, 0, 2402207000, 0.95, NULL, 20000000, 0.000000000, 0, 0.000000000, 3235097000, 2874674000, 3051978000, 3047155000, 7.25, 'Marketable', '', '2015-05-26 00:00:00', 'HM', 0, '0000-00-00 00:00:00'),
(196, 0, 1, 40, 'STANDAR', 'A/15-3', 'CONDO', 85.00, 74.00, 0, 364416, 0.00, 0.00, 0, 26966806, 0, 1963826000, 1.06, NULL, 20000000, 0.000000000, 0, 0.000000000, 2644722000, 2350072000, 2495020000, 2491077000, 7.25, 'Marketable', '', '2015-05-26 00:00:00', 'HM', 0, '0000-00-00 00:00:00'),
(197, 0, 1, 41, 'STANDAR', 'A/15-6', 'CONDO', 78.00, 66.00, 0, 408588, 0.00, 0.00, 0, 26966806, 0, 1536712000, 0.93, NULL, 20000000, 0.000000000, 0, 0.000000000, 2069518000, 1838953000, 1952375000, 1949291000, 7.25, 'Marketable', '', '2015-05-26 00:00:00', 'HM', 0, '0000-00-00 00:00:00'),
(198, 0, 1, 41, 'STANDAR', 'A/15-8', 'CONDO', 60.00, 52.00, 0, 518592, 0.00, 0.00, 0, 26966806, 0, 1210743000, 0.93, NULL, 20000000, 0.000000000, 0, 0.000000000, 1630530000, 1448872000, 1538235000, 1535805000, 7.25, 'Marketable', '', '2015-05-26 00:00:00', 'HM', 0, '0000-00-00 00:00:00'),
(199, 0, 1, 40, 'STANDAR', 'A/15-9', 'CONDO', 101.00, 90.00, 0, 299631, 0.00, 0.00, 0, 26966806, 0, 2388437000, 1.06, NULL, 20000000, 0.000000000, 0, 0.000000000, 3216552000, 2858196000, 3034483000, 3029688000, 7.25, 'Marketable', '', '2015-05-26 00:00:00', 'HM', 0, '0000-00-00 00:00:00'),
(200, 0, 1, 41, 'STANDAR', 'A/15-10', 'CONDO', 74.00, 63.00, 0, 428045, 0.00, 0.00, 0, 26966806, 0, 1466861000, 0.93, NULL, 20000000, 0.000000000, 0, 0.000000000, 1975449000, 1755364000, 1863631000, 1860686000, 7.25, 'Marketable', '', '2015-05-26 00:00:00', 'HM', 0, '0000-00-00 00:00:00'),
(201, 0, 1, 40, 'STANDAR', 'A/15-11', 'CONDO', 101.00, 90.00, 0, 299631, 0.00, 0.00, 0, 26966806, 0, 2388437000, 1.06, NULL, 20000000, 0.000000000, 0, 0.000000000, 3216552000, 2858196000, 3034483000, 3029688000, 7.25, 'Marketable', '', '2015-05-26 00:00:00', 'HM', 0, '0000-00-00 00:00:00'),
(202, 0, 1, 41, 'STANDAR', 'A/15-12', 'CONDO', 67.00, 57.00, 0, 473102, 0.00, 0.00, 0, 26966806, 0, 1327160000, 0.93, NULL, 20000000, 0.000000000, 0, 0.000000000, 1787311000, 1588187000, 1686142000, 1683479000, 7.25, 'Marketable', '', '2015-05-26 00:00:00', 'HM', 0, '0000-00-00 00:00:00'),
(203, 0, 1, 40, 'STANDAR', 'A/15-15', 'CONDO', 101.00, 90.00, 0, 299631, 0.00, 0.00, 0, 26966806, 0, 2388437000, 1.06, NULL, 20000000, 0.000000000, 0, 0.000000000, 3216552000, 2858196000, 3034483000, 3029688000, 7.25, 'Marketable', 'Sold', '2015-05-26 00:00:00', 'HM', 0, '0000-00-00 00:00:00'),
(204, 0, 1, 41, 'STANDAR', 'A/15-16', 'CONDO', 71.00, 63.00, 0, 428045, 0.00, 0.00, 0, 26966806, 0, 1466861000, 0.93, NULL, 20000000, 0.000000000, 0, 0.000000000, 1975449000, 1755364000, 1863631000, 1860686000, 7.25, 'Marketable', '', '2015-05-26 00:00:00', 'HM', 0, '0000-00-00 00:00:00'),
(205, 0, 1, 40, 'STANDAR', 'A/15-17', 'CONDO', 85.00, 74.00, 0, 364416, 0.00, 0.00, 0, 26966806, 0, 1963826000, 1.06, NULL, 20000000, 0.000000000, 0, 0.000000000, 2644722000, 2350072000, 2495020000, 2491077000, 7.25, 'Marketable', 'Sold', '2015-05-26 00:00:00', 'HM', 0, '0000-00-00 00:00:00'),
(206, 0, 1, 41, 'STANDAR', 'A/15-18', 'CONDO', 97.00, 85.00, 0, 317257, 0.00, 0.00, 0, 26966806, 0, 1979098000, 0.93, NULL, 20000000, 0.000000000, 0, 0.000000000, 2665289000, 2368348000, 2514423000, 2510449000, 7.25, 'Marketable', '', '2015-05-26 00:00:00', 'HM', 0, '0000-00-00 00:00:00'),
(207, 0, 1, 40, 'STANDAR', 'A/15-19', 'CONDO', 138.00, 120.00, 0, 224723, 0.00, 0.00, 0, 26966806, 0, 3184583000, 1.06, NULL, 20000000, 0.000000000, 0, 0.000000000, 4288737000, 3810928000, 4045978000, 4039584000, 7.25, 'Marketable', '', '2015-05-26 00:00:00', 'HM', 0, '0000-00-00 00:00:00'),
(208, 0, 1, 41, 'STANDAR', 'A/15-20', 'CONDO', 60.00, 51.00, 0, 528761, 0.00, 0.00, 0, 26966806, 0, 1187459000, 0.93, NULL, 20000000, 0.000000000, 0, 0.000000000, 1599174000, 1421009000, 1508654000, 1506270000, 7.25, 'Marketable', '', '2015-05-26 00:00:00', 'HM', 0, '0000-00-00 00:00:00'),
(209, 0, 1, 40, 'STANDAR', 'A/15-21', 'CONDO', 132.00, 112.00, 0, 240775, 0.00, 0.00, 0, 26966806, 0, 3084439000, 1.10, NULL, 20000000, 0.000000000, 0, 0.000000000, 4153871000, 3691087000, 3918746000, 3912553000, 7.25, 'Marketable', '', '2015-05-26 00:00:00', 'HM', 0, '0000-00-00 00:00:00'),
(210, 0, 1, 41, 'STANDAR', 'A/15-22', 'CONDO', 81.00, 70.00, 0, 385240, 0.00, 0.00, 0, 26966806, 0, 1699946000, 0.97, NULL, 20000000, 0.000000000, 0, 0.000000000, 2289349000, 2034293000, 2159763000, 2156351000, 7.25, 'Marketable', '', '2015-05-26 00:00:00', 'HM', 0, '0000-00-00 00:00:00'),
(211, 0, 1, 40, 'STANDAR', 'A/16-1', 'CONDO', 175.00, 156.00, 0, 172864, 0.00, 0.00, 0, 26966806, 0, 4259833000, 1.08, NULL, 20000000, 0.000000000, 0, 0.000000000, 5736796000, 5097659000, 5412071000, 5403519000, 7.25, 'Marketable', '', '2015-05-26 00:00:00', 'HM', 0, '0000-00-00 00:00:00'),
(212, 0, 1, 41, 'STANDAR', 'A/16-2', 'CONDO', 113.00, 101.00, 0, 266998, 0.00, 0.00, 0, 26966806, 0, 2425991000, 0.95, NULL, 20000000, 0.000000000, 0, 0.000000000, 3267127000, 2903136000, 3082195000, 3077325000, 7.25, 'Marketable', '', '2015-05-26 00:00:00', 'HM', 0, '0000-00-00 00:00:00'),
(213, 0, 1, 40, 'STANDAR', 'A/16-3', 'CONDO', 85.00, 74.00, 0, 364416, 0.00, 0.00, 0, 26966806, 0, 1983270000, 1.06, NULL, 20000000, 0.000000000, 0, 0.000000000, 2670907000, 2373340000, 2519723000, 2515741000, 7.25, 'Marketable', '', '2015-05-26 00:00:00', 'HM', 0, '0000-00-00 00:00:00'),
(214, 0, 1, 40, 'STANDAR', 'A/16-5', 'CONDO', 85.00, 74.00, 0, 364416, 0.00, 0.00, 0, 26966806, 0, 1983270000, 1.06, NULL, 20000000, 0.000000000, 0, 0.000000000, 2670907000, 2373340000, 2519723000, 2515741000, 7.25, 'Marketable', '', '2015-05-26 00:00:00', 'HM', 0, '0000-00-00 00:00:00'),
(215, 0, 1, 41, 'STANDAR', 'A/16-6', 'CONDO', 78.00, 66.00, 0, 408588, 0.00, 0.00, 0, 26966806, 0, 1551927000, 0.93, NULL, 20000000, 0.000000000, 0, 0.000000000, 2090009000, 1857160000, 1971706000, 1968590000, 7.25, 'Marketable', '', '2015-05-26 00:00:00', 'HM', 0, '0000-00-00 00:00:00'),
(216, 0, 1, 40, 'STANDAR', 'A/16-7', 'CONDO', 101.00, 90.00, 0, 299631, 0.00, 0.00, 0, 26966806, 0, 2412085000, 1.06, NULL, 20000000, 0.000000000, 0, 0.000000000, 3248400000, 2886495000, 3064528000, 3059685000, 7.25, 'Marketable', '', '2015-05-26 00:00:00', 'HM', 0, '0000-00-00 00:00:00'),
(217, 0, 1, 41, 'STANDAR', 'A/16-8', 'CONDO', 60.00, 52.00, 0, 518592, 0.00, 0.00, 0, 26966806, 0, 1222730000, 0.93, NULL, 20000000, 0.000000000, 0, 0.000000000, 1646673000, 1463217000, 1553465000, 1551011000, 7.25, 'Marketable', '', '2015-05-26 00:00:00', 'HM', 0, '0000-00-00 00:00:00'),
(218, 0, 1, 40, 'STANDAR', 'A/16-9', 'CONDO', 101.00, 90.00, 0, 299631, 0.00, 0.00, 0, 26966806, 0, 2412085000, 1.06, NULL, 20000000, 0.000000000, 0, 0.000000000, 3248400000, 2886495000, 3064528000, 3059685000, 7.25, 'Marketable', '', '2015-05-26 00:00:00', 'HM', 0, '0000-00-00 00:00:00'),
(219, 0, 1, 41, 'STANDAR', 'A/16-10', 'CONDO', 74.00, 63.00, 0, 428045, 0.00, 0.00, 0, 26966806, 0, 1481384000, 0.93, NULL, 20000000, 0.000000000, 0, 0.000000000, 1995008000, 1772744000, 1882083000, 1879109000, 7.25, 'Marketable', '', '2015-05-26 00:00:00', 'HM', 0, '0000-00-00 00:00:00'),
(220, 0, 1, 40, 'STANDAR', 'A/16-11', 'CONDO', 101.00, 90.00, 0, 299631, 0.00, 0.00, 0, 26966806, 0, 2412085000, 1.06, NULL, 20000000, 0.000000000, 0, 0.000000000, 3248400000, 2886495000, 3064528000, 3059685000, 7.25, 'Marketable', 'Booked', '2015-05-26 00:00:00', 'HM', 0, '0000-00-00 00:00:00'),
(221, 0, 1, 41, 'STANDAR', 'A/16-12', 'CONDO', 67.00, 57.00, 0, 473102, 0.00, 0.00, 0, 26966806, 0, 1340300000, 0.93, NULL, 20000000, 0.000000000, 0, 0.000000000, 1805008000, 1603911000, 1702837000, 1700146000, 7.25, 'Marketable', '', '2015-05-26 00:00:00', 'HM', 0, '0000-00-00 00:00:00'),
(222, 0, 1, 40, 'STANDAR', 'A/16-15', 'CONDO', 101.00, 90.00, 0, 299631, 0.00, 0.00, 0, 26966806, 0, 2412085000, 1.06, NULL, 20000000, 0.000000000, 0, 0.000000000, 3248400000, 2886495000, 3064528000, 3059685000, 7.25, 'Marketable', '', '2015-05-26 00:00:00', 'HM', 0, '0000-00-00 00:00:00'),
(223, 0, 1, 41, 'STANDAR', 'A/16-16', 'CONDO', 71.00, 63.00, 0, 428045, 0.00, 0.00, 0, 26966806, 0, 1481384000, 0.93, NULL, 20000000, 0.000000000, 0, 0.000000000, 1995008000, 1772744000, 1882083000, 1879109000, 7.25, 'Marketable', 'Sold', '2015-05-26 00:00:00', 'HM', 0, '0000-00-00 00:00:00'),
(224, 0, 1, 40, 'STANDAR', 'A/16-17', 'CONDO', 85.00, 74.00, 0, 364416, 0.00, 0.00, 0, 26966806, 0, 1983270000, 1.06, NULL, 20000000, 0.000000000, 0, 0.000000000, 2670907000, 2373340000, 2519723000, 2515741000, 7.25, 'Marketable', 'Sold', '2015-05-26 00:00:00', 'HM', 0, '0000-00-00 00:00:00'),
(225, 0, 1, 41, 'STANDAR', 'A/16-18', 'CONDO', 97.00, 85.00, 0, 317257, 0.00, 0.00, 0, 26966806, 0, 1998693000, 0.93, NULL, 20000000, 0.000000000, 0, 0.000000000, 2691678000, 2391797000, 2539318000, 2535305000, 7.25, 'Marketable', '', '2015-05-26 00:00:00', 'HM', 0, '0000-00-00 00:00:00'),
(226, 0, 1, 40, 'STANDAR', 'A/16-19', 'CONDO', 138.00, 120.00, 0, 224723, 0.00, 0.00, 0, 26966806, 0, 3216113000, 1.06, NULL, 20000000, 0.000000000, 0, 0.000000000, 4331200000, 3848660000, 4086037000, 4079580000, 7.25, 'Marketable', 'Sold', '2015-05-26 00:00:00', 'HM', 0, '0000-00-00 00:00:00'),
(227, 0, 1, 40, 'STANDAR', 'A/16-21', 'CONDO', 132.00, 112.00, 0, 240775, 0.00, 0.00, 0, 26966806, 0, 3114978000, 1.10, NULL, 20000000, 0.000000000, 0, 0.000000000, 4194998000, 3727633000, 3957545000, 3951291000, 7.25, 'Marketable', 'Sold', '2015-05-26 00:00:00', 'HM', 0, '0000-00-00 00:00:00'),
(228, 0, 1, 40, 'STANDAR', 'A/17-1', 'CONDO', 175.00, 156.00, 0, 172864, 0.00, 0.00, 0, 26966806, 0, 4218070000, 1.08, NULL, 20000000, 0.000000000, 0, 0.000000000, 5680553000, 5047682000, 5359012000, 5350543000, 7.25, 'Marketable', '', '2015-05-26 00:00:00', 'HM', 0, '0000-00-00 00:00:00'),
(229, 0, 1, 41, 'STANDAR', 'A/17-2', 'CONDO', 113.00, 101.00, 0, 266998, 0.00, 0.00, 0, 26966806, 0, 2402207000, 0.95, NULL, 20000000, 0.000000000, 0, 0.000000000, 3235097000, 2874674000, 3051978000, 3047155000, 7.25, 'Marketable', '', '2015-05-26 00:00:00', 'HM', 0, '0000-00-00 00:00:00'),
(230, 0, 1, 40, 'STANDAR', 'A/17-3', 'CONDO', 85.00, 74.00, 0, 364416, 0.00, 0.00, 0, 26966806, 0, 1963826000, 1.06, NULL, 20000000, 0.000000000, 0, 0.000000000, 2644722000, 2350072000, 2495020000, 2491077000, 7.25, 'Marketable', '', '2015-05-26 00:00:00', 'HM', 0, '0000-00-00 00:00:00'),
(231, 0, 1, 40, 'STANDAR', 'A/17-5', 'CONDO', 85.00, 74.00, 0, 364416, 0.00, 0.00, 0, 26966806, 0, 1963826000, 1.06, NULL, 20000000, 0.000000000, 0, 0.000000000, 2644722000, 2350072000, 2495020000, 2491077000, 7.25, 'Marketable', '', '2015-05-26 00:00:00', 'HM', 0, '0000-00-00 00:00:00'),
(232, 0, 1, 41, 'STANDAR', 'A/17-6', 'CONDO', 78.00, 66.00, 0, 408588, 0.00, 0.00, 0, 26966806, 0, 1536712000, 0.93, NULL, 20000000, 0.000000000, 0, 0.000000000, 2069518000, 1838953000, 1952375000, 1949291000, 7.25, 'Marketable', '', '2015-05-26 00:00:00', 'HM', 0, '0000-00-00 00:00:00'),
(233, 0, 1, 40, 'STANDAR', 'A/17-7', 'CONDO', 101.00, 90.00, 0, 299631, 0.00, 0.00, 0, 26966806, 0, 2388437000, 1.06, NULL, 20000000, 0.000000000, 0, 0.000000000, 3216552000, 2858196000, 3034483000, 3029688000, 7.25, 'Marketable', '', '2015-05-26 00:00:00', 'HM', 0, '0000-00-00 00:00:00'),
(234, 0, 1, 41, 'STANDAR', 'A/17-8', 'CONDO', 60.00, 52.00, 0, 518592, 0.00, 0.00, 0, 26966806, 0, 1210743000, 0.93, NULL, 20000000, 0.000000000, 0, 0.000000000, 1630530000, 1448872000, 1538235000, 1535805000, 7.25, 'Marketable', 'Sold', '2015-05-26 00:00:00', 'HM', 0, '0000-00-00 00:00:00'),
(235, 0, 1, 40, 'STANDAR', 'A/17-9', 'CONDO', 101.00, 90.00, 0, 299631, 0.00, 0.00, 0, 26966806, 0, 2388437000, 1.06, NULL, 20000000, 0.000000000, 0, 0.000000000, 3216552000, 2858196000, 3034483000, 3029688000, 7.25, 'Marketable', '', '2015-05-26 00:00:00', 'HM', 0, '0000-00-00 00:00:00'),
(236, 0, 1, 41, 'STANDAR', 'A/17-10', 'CONDO', 74.00, 63.00, 0, 428045, 0.00, 0.00, 0, 26966806, 0, 1466861000, 0.93, NULL, 20000000, 0.000000000, 0, 0.000000000, 1975449000, 1755364000, 1863631000, 1860686000, 7.25, 'Marketable', '', '2015-05-26 00:00:00', 'HM', 0, '0000-00-00 00:00:00'),
(237, 0, 1, 40, 'STANDAR', 'A/17-11', 'CONDO', 101.00, 90.00, 0, 299631, 0.00, 0.00, 0, 26966806, 0, 2388437000, 1.06, NULL, 20000000, 0.000000000, 0, 0.000000000, 3216552000, 2858196000, 3034483000, 3029688000, 7.25, 'Marketable', '', '2015-05-26 00:00:00', 'HM', 0, '0000-00-00 00:00:00'),
(238, 0, 1, 41, 'STANDAR', 'A/17-12', 'CONDO', 67.00, 57.00, 0, 473102, 0.00, 0.00, 0, 26966806, 0, 1327160000, 0.93, NULL, 20000000, 0.000000000, 0, 0.000000000, 1787311000, 1588187000, 1686142000, 1683479000, 7.25, 'Marketable', '', '2015-05-26 00:00:00', 'HM', 0, '0000-00-00 00:00:00'),
(239, 0, 1, 40, 'STANDAR', 'A/17-15', 'CONDO', 101.00, 90.00, 0, 299631, 0.00, 0.00, 0, 26966806, 0, 2388437000, 1.06, NULL, 20000000, 0.000000000, 0, 0.000000000, 3216552000, 2858196000, 3034483000, 3029688000, 7.25, 'Marketable', '', '2015-05-26 00:00:00', 'HM', 0, '0000-00-00 00:00:00'),
(240, 0, 1, 41, 'STANDAR', 'A/17-16', 'CONDO', 71.00, 63.00, 0, 428045, 0.00, 0.00, 0, 26966806, 0, 1466861000, 0.93, NULL, 20000000, 0.000000000, 0, 0.000000000, 1975449000, 1755364000, 1863631000, 1860686000, 7.25, 'Marketable', '', '2015-05-26 00:00:00', 'HM', 0, '0000-00-00 00:00:00'),
(241, 0, 1, 40, 'STANDAR', 'A/17-17', 'CONDO', 85.00, 74.00, 0, 364416, 0.00, 0.00, 0, 26966806, 0, 1963826000, 1.06, NULL, 20000000, 0.000000000, 0, 0.000000000, 2644722000, 2350072000, 2495020000, 2491077000, 7.25, 'Marketable', 'Booked', '2015-05-26 00:00:00', 'HM', 0, '0000-00-00 00:00:00'),
(242, 0, 1, 41, 'STANDAR', 'A/17-18', 'CONDO', 97.00, 85.00, 0, 317257, 0.00, 0.00, 0, 26966806, 0, 1979098000, 0.93, NULL, 20000000, 0.000000000, 0, 0.000000000, 2665289000, 2368348000, 2514423000, 2510449000, 7.25, 'Marketable', 'Booked', '2015-05-26 00:00:00', 'HM', 0, '0000-00-00 00:00:00'),
(243, 0, 1, 40, 'STANDAR', 'A/17-19', 'CONDO', 138.00, 120.00, 0, 224723, 0.00, 0.00, 0, 26966806, 0, 3184583000, 1.06, NULL, 20000000, 0.000000000, 0, 0.000000000, 4288737000, 3810928000, 4045978000, 4039584000, 7.25, 'Marketable', '', '2015-05-26 00:00:00', 'HM', 0, '0000-00-00 00:00:00'),
(244, 0, 1, 40, 'STANDAR', 'A/17-21', 'CONDO', 132.00, 112.00, 0, 240775, 0.00, 0.00, 0, 26966806, 0, 3084439000, 1.10, NULL, 20000000, 0.000000000, 0, 0.000000000, 4153871000, 3691087000, 3918746000, 3912553000, 7.25, 'Marketable', '', '2015-05-26 00:00:00', 'HM', 0, '0000-00-00 00:00:00'),
(245, 0, 1, 40, 'STANDAR', 'A/18-1', 'CONDO', 175.00, 156.00, 0, 172864, 0.00, 0.00, 0, 26966806, 0, 4259833000, 1.08, NULL, 20000000, 0.000000000, 0, 0.000000000, 5736796000, 5097659000, 5412071000, 5403519000, 7.25, 'Marketable', 'Sold', '2015-05-26 00:00:00', 'HM', 0, '0000-00-00 00:00:00'),
(246, 0, 1, 41, 'STANDAR', 'A/18-2', 'CONDO', 113.00, 101.00, 0, 266998, 0.00, 0.00, 0, 26966806, 0, 2425991000, 0.95, NULL, 20000000, 0.000000000, 0, 0.000000000, 3267127000, 2903136000, 3082195000, 3077325000, 7.25, 'Marketable', '', '2015-05-26 00:00:00', 'HM', 0, '0000-00-00 00:00:00'),
(247, 0, 1, 40, 'STANDAR', 'A/18-3', 'CONDO', 85.00, 74.00, 0, 364416, 0.00, 0.00, 0, 26966806, 0, 1983270000, 1.06, NULL, 20000000, 0.000000000, 0, 0.000000000, 2670907000, 2373340000, 2519723000, 2515741000, 7.25, 'Marketable', 'Sold', '2015-05-26 00:00:00', 'HM', 0, '0000-00-00 00:00:00'),
(248, 0, 1, 40, 'STANDAR', 'A/18-5', 'CONDO', 85.00, 74.00, 0, 364416, 0.00, 0.00, 0, 26966806, 0, 1983270000, 1.06, NULL, 20000000, 0.000000000, 0, 0.000000000, 2670907000, 2373340000, 2519723000, 2515741000, 7.25, 'Marketable', '', '2015-05-26 00:00:00', 'HM', 0, '0000-00-00 00:00:00'),
(249, 0, 1, 41, 'STANDAR', 'A/18-6', 'CONDO', 78.00, 66.00, 0, 408588, 0.00, 0.00, 0, 26966806, 0, 1551927000, 0.93, NULL, 20000000, 0.000000000, 0, 0.000000000, 2090009000, 1857160000, 1971706000, 1968590000, 7.25, 'Marketable', '', '2015-05-26 00:00:00', 'HM', 0, '0000-00-00 00:00:00'),
(250, 0, 1, 40, 'STANDAR', 'A/18-7', 'CONDO', 101.00, 90.00, 0, 299631, 0.00, 0.00, 0, 26966806, 0, 2412085000, 1.06, NULL, 20000000, 0.000000000, 0, 0.000000000, 3248400000, 2886495000, 3064528000, 3059685000, 7.25, 'Marketable', 'Sold', '2015-05-26 00:00:00', 'HM', 0, '0000-00-00 00:00:00'),
(251, 0, 1, 41, 'STANDAR', 'A/18-8', 'CONDO', 60.00, 52.00, 0, 518592, 0.00, 0.00, 0, 26966806, 0, 1222730000, 0.93, NULL, 20000000, 0.000000000, 0, 0.000000000, 1646673000, 1463217000, 1553465000, 1551011000, 7.25, 'Marketable', 'Sold', '2015-05-26 00:00:00', 'HM', 0, '0000-00-00 00:00:00'),
(252, 0, 1, 40, 'STANDAR', 'A/18-9', 'CONDO', 101.00, 90.00, 0, 299631, 0.00, 0.00, 0, 26966806, 0, 2412085000, 1.06, NULL, 20000000, 0.000000000, 0, 0.000000000, 3248400000, 2886495000, 3064528000, 3059685000, 7.25, 'Marketable', '', '2015-05-26 00:00:00', 'HM', 0, '0000-00-00 00:00:00'),
(253, 0, 1, 41, 'STANDAR', 'A/18-10', 'CONDO', 74.00, 63.00, 0, 428045, 0.00, 0.00, 0, 26966806, 0, 1481384000, 0.93, NULL, 20000000, 0.000000000, 0, 0.000000000, 1995008000, 1772744000, 1882083000, 1879109000, 7.25, 'Marketable', 'Booked', '2015-05-26 00:00:00', 'HM', 0, '0000-00-00 00:00:00'),
(254, 0, 1, 40, 'STANDAR', 'A/18-11', 'CONDO', 101.00, 90.00, 0, 299631, 0.00, 0.00, 0, 26966806, 0, 2412085000, 1.06, NULL, 20000000, 0.000000000, 0, 0.000000000, 3248400000, 2886495000, 3064528000, 3059685000, 7.25, 'Marketable', 'Sold', '2015-05-26 00:00:00', 'HM', 0, '0000-00-00 00:00:00'),
(255, 0, 1, 41, 'STANDAR', 'A/18-12', 'CONDO', 67.00, 57.00, 0, 473102, 0.00, 0.00, 0, 26966806, 0, 1340300000, 0.93, NULL, 20000000, 0.000000000, 0, 0.000000000, 1805008000, 1603911000, 1702837000, 1700146000, 7.25, 'Marketable', '', '2015-05-26 00:00:00', 'HM', 0, '0000-00-00 00:00:00'),
(256, 0, 1, 40, 'STANDAR', 'A/18-15', 'CONDO', 101.00, 90.00, 0, 299631, 0.00, 0.00, 0, 26966806, 0, 2412085000, 1.06, NULL, 20000000, 0.000000000, 0, 0.000000000, 3248400000, 2886495000, 3064528000, 3059685000, 7.25, 'Marketable', 'Sold', '2015-05-26 00:00:00', 'HM', 0, '0000-00-00 00:00:00'),
(257, 0, 1, 41, 'STANDAR', 'A/18-16', 'CONDO', 71.00, 63.00, 0, 428045, 0.00, 0.00, 0, 26966806, 0, 1481384000, 0.93, NULL, 20000000, 0.000000000, 0, 0.000000000, 1995008000, 1772744000, 1882083000, 1879109000, 7.25, 'Marketable', '', '2015-05-26 00:00:00', 'HM', 0, '0000-00-00 00:00:00'),
(258, 0, 1, 40, 'STANDAR', 'A/18-17', 'CONDO', 85.00, 74.00, 0, 364416, 0.00, 0.00, 0, 26966806, 0, 1983270000, 1.06, NULL, 20000000, 0.000000000, 0, 0.000000000, 2670907000, 2373340000, 2519723000, 2515741000, 7.25, 'Marketable', 'Sold', '2015-05-26 00:00:00', 'HM', 0, '0000-00-00 00:00:00'),
(259, 0, 1, 41, 'STANDAR', 'A/18-18', 'CONDO', 97.00, 85.00, 0, 317257, 0.00, 0.00, 0, 26966806, 0, 1998693000, 0.93, NULL, 20000000, 0.000000000, 0, 0.000000000, 2691678000, 2391797000, 2539318000, 2535305000, 7.25, 'Marketable', 'Booked', '2015-05-26 00:00:00', 'HM', 0, '0000-00-00 00:00:00'),
(260, 0, 1, 40, 'STANDAR', 'A/19-1', 'CONDO', 175.00, 156.00, 0, 172864, 0.00, 0.00, 0, 26966806, 0, 4218070000, 1.08, NULL, 20000000, 0.000000000, 0, 0.000000000, 5680553000, 5047682000, 5359012000, 5350543000, 7.25, 'Marketable', '', '2015-05-26 00:00:00', 'HM', 0, '0000-00-00 00:00:00'),
(261, 0, 1, 41, 'STANDAR', 'A/19-2', 'CONDO', 113.00, 101.00, 0, 266998, 0.00, 0.00, 0, 26966806, 0, 2402207000, 0.95, NULL, 20000000, 0.000000000, 0, 0.000000000, 3235097000, 2874674000, 3051978000, 3047155000, 7.25, 'Marketable', '', '2015-05-26 00:00:00', 'HM', 0, '0000-00-00 00:00:00'),
(262, 0, 1, 40, 'STANDAR', 'A/19-3', 'CONDO', 85.00, 74.00, 0, 364416, 0.00, 0.00, 0, 26966806, 0, 1963826000, 1.06, NULL, 20000000, 0.000000000, 0, 0.000000000, 2644722000, 2350072000, 2495020000, 2491077000, 7.25, 'Marketable', '', '2015-05-26 00:00:00', 'HM', 0, '0000-00-00 00:00:00'),
(263, 0, 1, 40, 'STANDAR', 'A/19-5', 'CONDO', 85.00, 74.00, 0, 364416, 0.00, 0.00, 0, 26966806, 0, 1963826000, 1.06, NULL, 20000000, 0.000000000, 0, 0.000000000, 2644722000, 2350072000, 2495020000, 2491077000, 7.25, 'Marketable', '', '2015-05-26 00:00:00', 'HM', 0, '0000-00-00 00:00:00'),
(264, 0, 1, 41, 'STANDAR', 'A/19-6', 'CONDO', 78.00, 66.00, 0, 408588, 0.00, 0.00, 0, 26966806, 0, 1536712000, 0.93, NULL, 20000000, 0.000000000, 0, 0.000000000, 2069518000, 1838953000, 1952375000, 1949291000, 7.25, 'Marketable', '', '2015-05-26 00:00:00', 'HM', 0, '0000-00-00 00:00:00'),
(265, 0, 1, 40, 'STANDAR', 'A/19-7', 'CONDO', 101.00, 90.00, 0, 299631, 0.00, 0.00, 0, 26966806, 0, 2388437000, 1.06, NULL, 20000000, 0.000000000, 0, 0.000000000, 3216552000, 2858196000, 3034483000, 3029688000, 7.25, 'Marketable', '', '2015-05-26 00:00:00', 'HM', 0, '0000-00-00 00:00:00'),
(266, 0, 1, 41, 'STANDAR', 'A/19-8', 'CONDO', 60.00, 52.00, 0, 518592, 0.00, 0.00, 0, 26966806, 0, 1210743000, 0.93, NULL, 20000000, 0.000000000, 0, 0.000000000, 1630530000, 1448872000, 1538235000, 1535805000, 7.25, 'Marketable', '', '2015-05-26 00:00:00', 'HM', 0, '0000-00-00 00:00:00'),
(267, 0, 1, 40, 'STANDAR', 'A/19-9', 'CONDO', 101.00, 90.00, 0, 299631, 0.00, 0.00, 0, 26966806, 0, 2388437000, 1.06, NULL, 20000000, 0.000000000, 0, 0.000000000, 3216552000, 2858196000, 3034483000, 3029688000, 7.25, 'Marketable', 'Booked', '2015-05-26 00:00:00', 'HM', 0, '0000-00-00 00:00:00'),
(268, 0, 1, 41, 'STANDAR', 'A/19-10', 'CONDO', 74.00, 63.00, 0, 428045, 0.00, 0.00, 0, 26966806, 0, 1466861000, 0.93, NULL, 20000000, 0.000000000, 0, 0.000000000, 1975449000, 1755364000, 1863631000, 1860686000, 7.25, 'Marketable', '', '2015-05-26 00:00:00', 'HM', 0, '0000-00-00 00:00:00'),
(269, 0, 1, 40, 'STANDAR', 'A/19-11', 'CONDO', 101.00, 90.00, 0, 299631, 0.00, 0.00, 0, 26966806, 0, 2388437000, 1.06, NULL, 20000000, 0.000000000, 0, 0.000000000, 3216552000, 2858196000, 3034483000, 3029688000, 7.25, 'Marketable', '', '2015-05-26 00:00:00', 'HM', 0, '0000-00-00 00:00:00'),
(270, 0, 1, 41, 'STANDAR', 'A/19-12', 'CONDO', 67.00, 57.00, 0, 473102, 0.00, 0.00, 0, 26966806, 0, 1327160000, 0.93, NULL, 20000000, 0.000000000, 0, 0.000000000, 1787311000, 1588187000, 1686142000, 1683479000, 7.25, 'Marketable', '', '2015-05-26 00:00:00', 'HM', 0, '0000-00-00 00:00:00'),
(271, 0, 1, 40, 'STANDAR', 'A/19-15', 'CONDO', 101.00, 90.00, 0, 299631, 0.00, 0.00, 0, 26966806, 0, 2388437000, 1.06, NULL, 20000000, 0.000000000, 0, 0.000000000, 3216552000, 2858196000, 3034483000, 3029688000, 7.25, 'Marketable', '', '2015-05-26 00:00:00', 'HM', 0, '0000-00-00 00:00:00'),
(272, 0, 1, 41, 'STANDAR', 'A/19-16', 'CONDO', 71.00, 63.00, 0, 428045, 0.00, 0.00, 0, 26966806, 0, 1466861000, 0.93, NULL, 20000000, 0.000000000, 0, 0.000000000, 1975449000, 1755364000, 1863631000, 1860686000, 7.25, 'Marketable', '', '2015-05-26 00:00:00', 'HM', 0, '0000-00-00 00:00:00'),
(273, 0, 1, 40, 'STANDAR', 'A/19-17', 'CONDO', 85.00, 74.00, 0, 364416, 0.00, 0.00, 0, 26966806, 0, 1963826000, 1.06, NULL, 20000000, 0.000000000, 0, 0.000000000, 2644722000, 2350072000, 2495020000, 2491077000, 7.25, 'Marketable', 'Sold', '2015-05-26 00:00:00', 'HM', 0, '0000-00-00 00:00:00'),
(274, 0, 1, 41, 'STANDAR', 'A/19-18', 'CONDO', 97.00, 85.00, 0, 317257, 0.00, 0.00, 0, 26966806, 0, 1979098000, 0.93, NULL, 20000000, 0.000000000, 0, 0.000000000, 2665289000, 2368348000, 2514423000, 2510449000, 7.25, 'Marketable', '', '2015-05-26 00:00:00', 'HM', 0, '0000-00-00 00:00:00'),
(275, 0, 1, 41, 'STANDAR', 'A/19-20', 'CONDO', 60.00, 51.00, 0, 528761, 0.00, 0.00, 0, 26966806, 0, 1187459000, 0.93, NULL, 20000000, 0.000000000, 0, 0.000000000, 1599174000, 1421009000, 1508654000, 1506270000, 7.25, 'Marketable', '', '2015-05-26 00:00:00', 'HM', 0, '0000-00-00 00:00:00'),
(276, 0, 1, 41, 'STANDAR', 'A/19-22', 'CONDO', 81.00, 70.00, 0, 385240, 0.00, 0.00, 0, 26966806, 0, 1699946000, 0.97, NULL, 20000000, 0.000000000, 0, 0.000000000, 2289349000, 2034293000, 2159763000, 2156351000, 7.25, 'Marketable', '', '2015-05-26 00:00:00', 'HM', 0, '0000-00-00 00:00:00'),
(277, 0, 1, 40, 'STANDAR', 'A/20-1', 'CONDO', 175.00, 156.00, 0, 172864, 0.00, 0.00, 0, 26966806, 0, 4259833000, 1.08, NULL, 20000000, 0.000000000, 0, 0.000000000, 5736796000, 5097659000, 5412071000, 5403519000, 7.25, 'Marketable', '', '2015-05-26 00:00:00', 'HM', 0, '0000-00-00 00:00:00'),
(278, 0, 1, 41, 'STANDAR', 'A/20-2', 'CONDO', 113.00, 101.00, 0, 266998, 0.00, 0.00, 0, 26966806, 0, 2425991000, 0.95, NULL, 20000000, 0.000000000, 0, 0.000000000, 3267127000, 2903136000, 3082195000, 3077325000, 7.25, 'Marketable', '', '2015-05-26 00:00:00', 'HM', 0, '0000-00-00 00:00:00'),
(279, 0, 1, 40, 'STANDAR', 'A/20-3', 'CONDO', 85.00, 74.00, 0, 364416, 0.00, 0.00, 0, 26966806, 0, 1983270000, 1.06, NULL, 20000000, 0.000000000, 0, 0.000000000, 2670907000, 2373340000, 2519723000, 2515741000, 7.25, 'Marketable', '', '2015-05-26 00:00:00', 'HM', 0, '0000-00-00 00:00:00'),
(280, 0, 1, 40, 'STANDAR', 'A/20-5', 'CONDO', 85.00, 74.00, 0, 364416, 0.00, 0.00, 0, 26966806, 0, 1983270000, 1.06, NULL, 20000000, 0.000000000, 0, 0.000000000, 2670907000, 2373340000, 2519723000, 2515741000, 7.25, 'Marketable', 'Booked', '2015-05-26 00:00:00', 'HM', 0, '0000-00-00 00:00:00'),
(281, 0, 1, 41, 'STANDAR', 'A/20-6', 'CONDO', 78.00, 66.00, 0, 408588, 0.00, 0.00, 0, 26966806, 0, 1551927000, 0.93, NULL, 20000000, 0.000000000, 0, 0.000000000, 2090009000, 1857160000, 1971706000, 1968590000, 7.25, 'Marketable', '', '2015-05-26 00:00:00', 'HM', 0, '0000-00-00 00:00:00'),
(282, 0, 1, 40, 'STANDAR', 'A/20-7', 'CONDO', 101.00, 90.00, 0, 299631, 0.00, 0.00, 0, 26966806, 0, 2412085000, 1.06, NULL, 20000000, 0.000000000, 0, 0.000000000, 3248400000, 2886495000, 3064528000, 3059685000, 7.25, 'Marketable', '', '2015-05-26 00:00:00', 'HM', 0, '0000-00-00 00:00:00'),
(283, 0, 1, 41, 'STANDAR', 'A/20-8', 'CONDO', 60.00, 52.00, 0, 518592, 0.00, 0.00, 0, 26966806, 0, 1222730000, 0.93, NULL, 20000000, 0.000000000, 0, 0.000000000, 1646673000, 1463217000, 1553465000, 1551011000, 7.25, 'Marketable', '', '2015-05-26 00:00:00', 'HM', 0, '0000-00-00 00:00:00'),
(284, 0, 1, 40, 'STANDAR', 'A/20-9', 'CONDO', 101.00, 90.00, 0, 299631, 0.00, 0.00, 0, 26966806, 0, 2412085000, 1.06, NULL, 20000000, 0.000000000, 0, 0.000000000, 3248400000, 2886495000, 3064528000, 3059685000, 7.25, 'Marketable', 'Booked', '2015-05-26 00:00:00', 'HM', 0, '0000-00-00 00:00:00'),
(285, 0, 1, 41, 'STANDAR', 'A/20-10', 'CONDO', 74.00, 63.00, 0, 428045, 0.00, 0.00, 0, 26966806, 0, 1481384000, 0.93, NULL, 20000000, 0.000000000, 0, 0.000000000, 1995008000, 1772744000, 1882083000, 1879109000, 7.25, 'Marketable', '', '2015-05-26 00:00:00', 'HM', 0, '0000-00-00 00:00:00'),
(286, 0, 1, 40, 'STANDAR', 'A/20-11', 'CONDO', 101.00, 90.00, 0, 299631, 0.00, 0.00, 0, 26966806, 0, 2412085000, 1.06, NULL, 20000000, 0.000000000, 0, 0.000000000, 3248400000, 2886495000, 3064528000, 3059685000, 7.25, 'Marketable', '', '2015-05-26 00:00:00', 'HM', 0, '0000-00-00 00:00:00'),
(287, 0, 1, 41, 'STANDAR', 'A/20-12', 'CONDO', 67.00, 57.00, 0, 473102, 0.00, 0.00, 0, 26966806, 0, 1340300000, 0.93, NULL, 20000000, 0.000000000, 0, 0.000000000, 1805008000, 1603911000, 1702837000, 1700146000, 7.25, 'Marketable', '', '2015-05-26 00:00:00', 'HM', 0, '0000-00-00 00:00:00'),
(288, 0, 1, 40, 'STANDAR', 'A/20-15', 'CONDO', 101.00, 90.00, 0, 299631, 0.00, 0.00, 0, 26966806, 0, 2412085000, 1.06, NULL, 20000000, 0.000000000, 0, 0.000000000, 3248400000, 2886495000, 3064528000, 3059685000, 7.25, 'Marketable', '', '2015-05-26 00:00:00', 'HM', 0, '0000-00-00 00:00:00'),
(289, 0, 1, 41, 'STANDAR', 'A/20-16', 'CONDO', 71.00, 63.00, 0, 428045, 0.00, 0.00, 0, 26966806, 0, 1481384000, 0.93, NULL, 20000000, 0.000000000, 0, 0.000000000, 1995008000, 1772744000, 1882083000, 1879109000, 7.25, 'Marketable', '', '2015-05-26 00:00:00', 'HM', 0, '0000-00-00 00:00:00'),
(290, 0, 1, 40, 'STANDAR', 'A/20-17', 'CONDO', 85.00, 74.00, 0, 364416, 0.00, 0.00, 0, 26966806, 0, 1983270000, 1.06, NULL, 20000000, 0.000000000, 0, 0.000000000, 2670907000, 2373340000, 2519723000, 2515741000, 7.25, 'Marketable', 'Booked', '2015-05-26 00:00:00', 'HM', 0, '0000-00-00 00:00:00'),
(291, 0, 1, 41, 'STANDAR', 'A/20-18', 'CONDO', 97.00, 85.00, 0, 317257, 0.00, 0.00, 0, 26966806, 0, 1998693000, 0.93, NULL, 20000000, 0.000000000, 0, 0.000000000, 2691678000, 2391797000, 2539318000, 2535305000, 7.25, 'Marketable', '', '2015-05-26 00:00:00', 'HM', 0, '0000-00-00 00:00:00'),
(292, 0, 1, 41, 'STANDAR', 'A/20-20', 'CONDO', 60.00, 51.00, 0, 528761, 0.00, 0.00, 0, 26966806, 0, 1199216000, 0.93, NULL, 20000000, 0.000000000, 0, 0.000000000, 1615007000, 1435078000, 1523591000, 1521183000, 7.25, 'Marketable', '', '2015-05-26 00:00:00', 'HM', 0, '0000-00-00 00:00:00'),
(293, 0, 1, 41, 'STANDAR', 'A/20-22', 'CONDO', 81.00, 70.00, 0, 385240, 0.00, 0.00, 0, 26966806, 0, 1716778000, 0.97, NULL, 20000000, 0.000000000, 0, 0.000000000, 2312016000, 2054434000, 2181147000, 2177701000, 7.25, 'Marketable', '', '2015-05-26 00:00:00', 'HM', 0, '0000-00-00 00:00:00'),
(294, 0, 1, 40, 'STANDAR', 'A/21-1', 'CONDO', 175.00, 156.00, 0, 172864, 0.00, 0.00, 0, 26966806, 0, 4301596000, 1.08, NULL, 20000000, 0.000000000, 0, 0.000000000, 5793039000, 5147636000, 5465131000, 5456495000, 7.25, 'Marketable', '', '2015-05-26 00:00:00', 'HM', 0, '0000-00-00 00:00:00'),
(295, 0, 1, 40, 'STANDAR', 'A/21-3', 'CONDO', 85.00, 74.00, 0, 364416, 0.00, 0.00, 0, 26966806, 0, 2002714000, 1.06, NULL, 20000000, 0.000000000, 0, 0.000000000, 2697092000, 2396609000, 2544426000, 2540406000, 7.25, 'Marketable', 'Booked', '2015-05-26 00:00:00', 'HM', 0, '0000-00-00 00:00:00'),
(296, 0, 1, 40, 'STANDAR', 'A/21-5', 'CONDO', 85.00, 74.00, 0, 364416, 0.00, 0.00, 0, 26966806, 0, 2002714000, 1.06, NULL, 20000000, 0.000000000, 0, 0.000000000, 2697092000, 2396609000, 2544426000, 2540406000, 7.25, 'Marketable', '', '2015-05-26 00:00:00', 'HM', 0, '0000-00-00 00:00:00'),
(297, 0, 1, 41, 'STANDAR', 'A/21-6', 'CONDO', 78.00, 66.00, 0, 408588, 0.00, 0.00, 0, 26966806, 0, 1567142000, 0.93, NULL, 20000000, 0.000000000, 0, 0.000000000, 2110499000, 1875368000, 1991036000, 1987891000, 7.25, 'Marketable', '', '2015-05-26 00:00:00', 'HM', 0, '0000-00-00 00:00:00'),
(298, 0, 1, 40, 'STANDAR', 'A/21-7', 'CONDO', 101.00, 90.00, 0, 299631, 0.00, 0.00, 0, 26966806, 0, 2435733000, 1.06, NULL, 20000000, 0.000000000, 0, 0.000000000, 3280247000, 2914794000, 3094572000, 3089682000, 7.25, 'Marketable', '', '2015-05-26 00:00:00', 'HM', 0, '0000-00-00 00:00:00'),
(299, 0, 1, 41, 'STANDAR', 'A/21-8', 'CONDO', 60.00, 52.00, 0, 518592, 0.00, 0.00, 0, 26966806, 0, 1234718000, 0.93, NULL, 20000000, 0.000000000, 0, 0.000000000, 1662817000, 1477562000, 1568695000, 1566216000, 7.25, 'Marketable', 'Sold', '2015-05-26 00:00:00', 'HM', 0, '0000-00-00 00:00:00'),
(300, 0, 1, 40, 'STANDAR', 'A/21-9', 'CONDO', 101.00, 90.00, 0, 299631, 0.00, 0.00, 0, 26966806, 0, 2435733000, 1.06, NULL, 20000000, 0.000000000, 0, 0.000000000, 3280247000, 2914794000, 3094572000, 3089682000, 7.25, 'Marketable', 'Sold', '2015-05-26 00:00:00', 'HM', 0, '0000-00-00 00:00:00'),
(301, 0, 1, 41, 'STANDAR', 'A/21-10', 'CONDO', 74.00, 63.00, 0, 428045, 0.00, 0.00, 0, 26966806, 0, 1495908000, 0.93, NULL, 20000000, 0.000000000, 0, 0.000000000, 2014568000, 1790124000, 1900535000, 1897532000, 7.25, 'Marketable', '', '2015-05-26 00:00:00', 'HM', 0, '0000-00-00 00:00:00'),
(302, 0, 1, 40, 'STANDAR', 'A/21-11', 'CONDO', 101.00, 90.00, 0, 299631, 0.00, 0.00, 0, 26966806, 0, 2435733000, 1.06, NULL, 20000000, 0.000000000, 0, 0.000000000, 3280247000, 2914794000, 3094572000, 3089682000, 7.25, 'Marketable', 'Sold', '2015-05-26 00:00:00', 'HM', 0, '0000-00-00 00:00:00'),
(303, 0, 1, 41, 'STANDAR', 'A/21-12', 'CONDO', 67.00, 57.00, 0, 473102, 0.00, 0.00, 0, 26966806, 0, 1353440000, 0.93, NULL, 20000000, 0.000000000, 0, 0.000000000, 1822703000, 1619636000, 1719531000, 1716815000, 7.25, 'Marketable', '', '2015-05-26 00:00:00', 'HM', 0, '0000-00-00 00:00:00'),
(304, 0, 1, 40, 'STANDAR', 'A/21-15', 'CONDO', 101.00, 90.00, 0, 299631, 0.00, 0.00, 0, 26966806, 0, 2435733000, 1.06, NULL, 20000000, 0.000000000, 0, 0.000000000, 3280247000, 2914794000, 3094572000, 3089682000, 7.25, 'Marketable', '', '2015-05-26 00:00:00', 'HM', 0, '0000-00-00 00:00:00'),
(305, 0, 1, 41, 'STANDAR', 'A/21-16', 'CONDO', 71.00, 63.00, 0, 428045, 0.00, 0.00, 0, 26966806, 0, 1495908000, 0.93, NULL, 20000000, 0.000000000, 0, 0.000000000, 2014568000, 1790124000, 1900535000, 1897532000, 7.25, 'Marketable', '', '2015-05-26 00:00:00', 'HM', 0, '0000-00-00 00:00:00'),
(306, 0, 1, 40, 'STANDAR', 'A/21-17', 'CONDO', 85.00, 74.00, 0, 364416, 0.00, 0.00, 0, 26966806, 0, 2002714000, 1.06, NULL, 20000000, 0.000000000, 0, 0.000000000, 2697092000, 2396609000, 2544426000, 2540406000, 7.25, 'Marketable', 'Sold', '2015-05-26 00:00:00', 'HM', 0, '0000-00-00 00:00:00'),
(307, 0, 1, 41, 'STANDAR', 'A/21-18', 'CONDO', 97.00, 85.00, 0, 317257, 0.00, 0.00, 0, 26966806, 0, 2018288000, 0.93, NULL, 20000000, 0.000000000, 0, 0.000000000, 2718066000, 2415246000, 2564213000, 2560161000, 7.25, 'Marketable', '', '2015-05-26 00:00:00', 'HM', 0, '0000-00-00 00:00:00'),
(308, 0, 1, 40, 'STANDAR', 'A/21-19', 'CONDO', 138.00, 120.00, 0, 224723, 0.00, 0.00, 0, 26966806, 0, 3247644000, 1.06, NULL, 20000000, 0.000000000, 0, 0.000000000, 4373662000, 3886392000, 4126096000, 4119576000, 7.25, 'Marketable', 'Sold', '2015-05-26 00:00:00', 'HM', 0, '0000-00-00 00:00:00'),
(309, 0, 1, 41, 'STANDAR', 'A/21-20', 'CONDO', 60.00, 51.00, 0, 528761, 0.00, 0.00, 0, 26966806, 0, 1210973000, 0.93, NULL, 20000000, 0.000000000, 0, 0.000000000, 1630840000, 1449148000, 1538528000, 1536097000, 7.25, 'Marketable', '', '2015-05-26 00:00:00', 'HM', 0, '0000-00-00 00:00:00'),
(310, 0, 1, 40, 'STANDAR', 'A/21-21', 'CONDO', 132.00, 112.00, 0, 240775, 0.00, 0.00, 0, 26966806, 0, 3145517000, 1.10, NULL, 20000000, 0.000000000, 0, 0.000000000, 4236126000, 3764178000, 3996345000, 3990029000, 7.25, 'Marketable', 'Sold', '2015-05-26 00:00:00', 'HM', 0, '0000-00-00 00:00:00'),
(311, 0, 1, 41, 'STANDAR', 'A/21-22', 'CONDO', 81.00, 70.00, 0, 385240, 0.00, 0.00, 0, 26966806, 0, 1733609000, 0.97, NULL, 20000000, 0.000000000, 0, 0.000000000, 2334683000, 2074576000, 2202531000, 2199051000, 7.25, 'Marketable', 'Sold', '2015-05-26 00:00:00', 'HM', 0, '0000-00-00 00:00:00'),
(312, 0, 1, 40, 'STANDAR', 'A/22-1', 'CONDO', 175.00, 156.00, 0, 172864, 0.00, 0.00, 0, 26966806, 0, 4259833000, 1.08, NULL, 20000000, 0.000000000, 0, 0.000000000, 5736796000, 5097659000, 5412071000, 5403519000, 7.25, 'Marketable', '', '2015-05-26 00:00:00', 'HM', 0, '0000-00-00 00:00:00'),
(313, 0, 1, 40, 'STANDAR', 'A/22-3', 'CONDO', 85.00, 74.00, 0, 364416, 0.00, 0.00, 0, 26966806, 0, 1983270000, 1.06, NULL, 20000000, 0.000000000, 0, 0.000000000, 2670907000, 2373340000, 2519723000, 2515741000, 7.25, 'Marketable', '', '2015-05-26 00:00:00', 'HM', 0, '0000-00-00 00:00:00'),
(314, 0, 1, 40, 'STANDAR', 'A/22-5', 'CONDO', 85.00, 74.00, 0, 364416, 0.00, 0.00, 0, 26966806, 0, 1983270000, 1.06, NULL, 20000000, 0.000000000, 0, 0.000000000, 2670907000, 2373340000, 2519723000, 2515741000, 7.25, 'Marketable', '', '2015-05-26 00:00:00', 'HM', 0, '0000-00-00 00:00:00'),
(315, 0, 1, 41, 'STANDAR', 'A/22-6', 'CONDO', 78.00, 66.00, 0, 408588, 0.00, 0.00, 0, 26966806, 0, 1551927000, 0.93, NULL, 20000000, 0.000000000, 0, 0.000000000, 2090009000, 1857160000, 1971706000, 1968590000, 7.25, 'Marketable', '', '2015-05-26 00:00:00', 'HM', 0, '0000-00-00 00:00:00'),
(316, 0, 1, 40, 'STANDAR', 'A/22-7', 'CONDO', 101.00, 90.00, 0, 299631, 0.00, 0.00, 0, 26966806, 0, 2412085000, 1.06, NULL, 20000000, 0.000000000, 0, 0.000000000, 3248400000, 2886495000, 3064528000, 3059685000, 7.25, 'Marketable', '', '2015-05-26 00:00:00', 'HM', 0, '0000-00-00 00:00:00'),
(317, 0, 1, 41, 'STANDAR', 'A/22-8', 'CONDO', 60.00, 52.00, 0, 518592, 0.00, 0.00, 0, 26966806, 0, 1222730000, 0.93, NULL, 20000000, 0.000000000, 0, 0.000000000, 1646673000, 1463217000, 1553465000, 1551011000, 7.25, 'Marketable', '', '2015-05-26 00:00:00', 'HM', 0, '0000-00-00 00:00:00'),
(318, 0, 1, 40, 'STANDAR', 'A/22-9', 'CONDO', 101.00, 90.00, 0, 299631, 0.00, 0.00, 0, 26966806, 0, 2412085000, 1.06, NULL, 20000000, 0.000000000, 0, 0.000000000, 3248400000, 2886495000, 3064528000, 3059685000, 7.25, 'Marketable', 'Sold', '2015-05-26 00:00:00', 'HM', 0, '0000-00-00 00:00:00'),
(319, 0, 1, 41, 'STANDAR', 'A/22-10', 'CONDO', 74.00, 63.00, 0, 428045, 0.00, 0.00, 0, 26966806, 0, 1481384000, 0.93, NULL, 20000000, 0.000000000, 0, 0.000000000, 1995008000, 1772744000, 1882083000, 1879109000, 7.25, 'Marketable', '', '2015-05-26 00:00:00', 'HM', 0, '0000-00-00 00:00:00'),
(320, 0, 1, 40, 'STANDAR', 'A/22-11', 'CONDO', 101.00, 90.00, 0, 299631, 0.00, 0.00, 0, 26966806, 0, 2412085000, 1.06, NULL, 20000000, 0.000000000, 0, 0.000000000, 3248400000, 2886495000, 3064528000, 3059685000, 7.25, 'Marketable', '', '2015-05-26 00:00:00', 'HM', 0, '0000-00-00 00:00:00'),
(321, 0, 1, 41, 'STANDAR', 'A/22-12', 'CONDO', 67.00, 57.00, 0, 473102, 0.00, 0.00, 0, 26966806, 0, 1340300000, 0.93, NULL, 20000000, 0.000000000, 0, 0.000000000, 1805008000, 1603911000, 1702837000, 1700146000, 7.25, 'Marketable', '', '2015-05-26 00:00:00', 'HM', 0, '0000-00-00 00:00:00'),
(322, 0, 1, 40, 'STANDAR', 'A/22-15', 'CONDO', 101.00, 90.00, 0, 299631, 0.00, 0.00, 0, 26966806, 0, 2412085000, 1.06, NULL, 20000000, 0.000000000, 0, 0.000000000, 3248400000, 2886495000, 3064528000, 3059685000, 7.25, 'Marketable', '', '2015-05-26 00:00:00', 'HM', 0, '0000-00-00 00:00:00'),
(323, 0, 1, 41, 'STANDAR', 'A/22-16', 'CONDO', 71.00, 63.00, 0, 428045, 0.00, 0.00, 0, 26966806, 0, 1481384000, 0.93, NULL, 20000000, 0.000000000, 0, 0.000000000, 1995008000, 1772744000, 1882083000, 1879109000, 7.25, 'Marketable', '', '2015-05-26 00:00:00', 'HM', 0, '0000-00-00 00:00:00'),
(324, 0, 1, 40, 'STANDAR', 'A/22-17', 'CONDO', 85.00, 74.00, 0, 364416, 0.00, 0.00, 0, 26966806, 0, 1983270000, 1.06, NULL, 20000000, 0.000000000, 0, 0.000000000, 2670907000, 2373340000, 2519723000, 2515741000, 7.25, 'Marketable', '', '2015-05-26 00:00:00', 'HM', 0, '0000-00-00 00:00:00'),
(325, 0, 1, 41, 'STANDAR', 'A/22-18', 'CONDO', 97.00, 85.00, 0, 317257, 0.00, 0.00, 0, 26966806, 0, 1998693000, 0.93, NULL, 20000000, 0.000000000, 0, 0.000000000, 2691678000, 2391797000, 2539318000, 2535305000, 7.25, 'Marketable', '', '2015-05-26 00:00:00', 'HM', 0, '0000-00-00 00:00:00'),
(326, 0, 1, 40, 'STANDAR', 'A/22-19', 'CONDO', 138.00, 120.00, 0, 224723, 0.00, 0.00, 0, 26966806, 0, 3216113000, 1.06, NULL, 20000000, 0.000000000, 0, 0.000000000, 4331200000, 3848660000, 4086037000, 4079580000, 7.25, 'Marketable', '', '2015-05-26 00:00:00', 'HM', 0, '0000-00-00 00:00:00'),
(327, 0, 1, 41, 'STANDAR', 'A/22-20', 'CONDO', 60.00, 51.00, 0, 528761, 0.00, 0.00, 0, 26966806, 0, 1199216000, 0.93, NULL, 20000000, 0.000000000, 0, 0.000000000, 1615007000, 1435078000, 1523591000, 1521183000, 7.25, 'Marketable', '', '2015-05-26 00:00:00', 'HM', 0, '0000-00-00 00:00:00'),
(328, 0, 1, 40, 'STANDAR', 'A/22-21', 'CONDO', 132.00, 112.00, 0, 240775, 0.00, 0.00, 0, 26966806, 0, 3114978000, 1.10, NULL, 20000000, 0.000000000, 0, 0.000000000, 4194998000, 3727633000, 3957545000, 3951291000, 7.25, 'Marketable', 'Sold', '2015-05-26 00:00:00', 'HM', 0, '0000-00-00 00:00:00'),
(329, 0, 1, 41, 'STANDAR', 'A/22-22', 'CONDO', 81.00, 70.00, 0, 385240, 0.00, 0.00, 0, 26966806, 0, 1716778000, 0.97, NULL, 20000000, 0.000000000, 0, 0.000000000, 2312016000, 2054434000, 2181147000, 2177701000, 7.25, 'Marketable', '', '2015-05-26 00:00:00', 'HM', 0, '0000-00-00 00:00:00'),
(330, 0, 1, 40, 'STANDAR', 'A/23-3', 'CONDO', 85.00, 74.00, 0, 364416, 0.00, 0.00, 0, 26966806, 0, 2002714000, 1.06, NULL, 20000000, 0.000000000, 0, 0.000000000, 2697092000, 2396609000, 2544426000, 2540406000, 7.25, 'Marketable', '', '2015-05-26 00:00:00', 'HM', 0, '0000-00-00 00:00:00'),
(331, 0, 1, 40, 'STANDAR', 'A/23-5', 'CONDO', 85.00, 74.00, 0, 364416, 0.00, 0.00, 0, 26966806, 0, 2002714000, 1.06, NULL, 20000000, 0.000000000, 0, 0.000000000, 2697092000, 2396609000, 2544426000, 2540406000, 7.25, 'Marketable', '', '2015-05-26 00:00:00', 'HM', 0, '0000-00-00 00:00:00'),
(332, 0, 1, 41, 'STANDAR', 'A/23-6', 'CONDO', 78.00, 66.00, 0, 408588, 0.00, 0.00, 0, 26966806, 0, 1567142000, 0.93, NULL, 20000000, 0.000000000, 0, 0.000000000, 2110499000, 1875368000, 1991036000, 1987891000, 7.25, 'Marketable', '', '2015-05-26 00:00:00', 'HM', 0, '0000-00-00 00:00:00'),
(333, 0, 1, 40, 'STANDAR', 'A/23-7', 'CONDO', 101.00, 90.00, 0, 299631, 0.00, 0.00, 0, 26966806, 0, 2435733000, 1.06, NULL, 20000000, 0.000000000, 0, 0.000000000, 3280247000, 2914794000, 3094572000, 3089682000, 7.25, 'Marketable', '', '2015-05-26 00:00:00', 'HM', 0, '0000-00-00 00:00:00'),
(334, 0, 1, 41, 'STANDAR', 'A/23-8', 'CONDO', 60.00, 52.00, 0, 518592, 0.00, 0.00, 0, 26966806, 0, 1234718000, 0.93, NULL, 20000000, 0.000000000, 0, 0.000000000, 1662817000, 1477562000, 1568695000, 1566216000, 7.25, 'Marketable', 'Sold', '2015-05-26 00:00:00', 'HM', 0, '0000-00-00 00:00:00'),
(335, 0, 1, 40, 'STANDAR', 'A/23-9', 'CONDO', 101.00, 90.00, 0, 299631, 0.00, 0.00, 0, 26966806, 0, 2435733000, 1.06, NULL, 20000000, 0.000000000, 0, 0.000000000, 3280247000, 2914794000, 3094572000, 3089682000, 7.25, 'Marketable', '', '2015-05-26 00:00:00', 'HM', 0, '0000-00-00 00:00:00'),
(336, 0, 1, 41, 'STANDAR', 'A/23-10', 'CONDO', 74.00, 63.00, 0, 428045, 0.00, 0.00, 0, 26966806, 0, 1495908000, 0.93, NULL, 20000000, 0.000000000, 0, 0.000000000, 2014568000, 1790124000, 1900535000, 1897532000, 7.25, 'Marketable', '', '2015-05-26 00:00:00', 'HM', 0, '0000-00-00 00:00:00'),
(337, 0, 1, 40, 'STANDAR', 'A/23-11', 'CONDO', 101.00, 90.00, 0, 299631, 0.00, 0.00, 0, 26966806, 0, 2435733000, 1.06, NULL, 20000000, 0.000000000, 0, 0.000000000, 3280247000, 2914794000, 3094572000, 3089682000, 7.25, 'Marketable', '', '2015-05-26 00:00:00', 'HM', 0, '0000-00-00 00:00:00'),
(338, 0, 1, 41, 'STANDAR', 'A/23-12', 'CONDO', 67.00, 57.00, 0, 473102, 0.00, 0.00, 0, 26966806, 0, 1353440000, 0.93, NULL, 20000000, 0.000000000, 0, 0.000000000, 1822703000, 1619636000, 1719531000, 1716815000, 7.25, 'Marketable', '', '2015-05-26 00:00:00', 'HM', 0, '0000-00-00 00:00:00'),
(339, 0, 1, 40, 'STANDAR', 'A/23-15', 'CONDO', 101.00, 90.00, 0, 299631, 0.00, 0.00, 0, 26966806, 0, 2435733000, 1.06, NULL, 20000000, 0.000000000, 0, 0.000000000, 3280247000, 2914794000, 3094572000, 3089682000, 7.25, 'Marketable', '', '2015-05-26 00:00:00', 'HM', 0, '0000-00-00 00:00:00'),
(340, 0, 1, 41, 'STANDAR', 'A/23-16', 'CONDO', 71.00, 63.00, 0, 428045, 0.00, 0.00, 0, 26966806, 0, 1495908000, 0.93, NULL, 20000000, 0.000000000, 0, 0.000000000, 2014568000, 1790124000, 1900535000, 1897532000, 7.25, 'Marketable', '', '2015-05-26 00:00:00', 'HM', 0, '0000-00-00 00:00:00');
INSERT INTO `tbl_unit` (`id_unit`, `id_promo`, `id_cluster`, `id_type`, `posisi`, `kode_unit`, `kategori`, `luas_tanah`, `luas_bangunan`, `harga_tanah_m2`, `harga_bangunan_m2`, `diskon_tanah`, `diskon_bangunan`, `harga_tanah`, `harga_bangunan`, `harga_jual_exc_ppn`, `harga_jual_inc_ppn`, `fs`, `keterangan_fs`, `tanda_jadi`, `persen_tanda_jadi`, `uang_muka`, `persen_uang_muka`, `plafon_kpr`, `kpr_5_tahun`, `kpr_10_tahun`, `kpr_15_tahun`, `suku_bunga`, `status_unit`, `status_transaksi`, `tanggal_posting`, `kelas_produk`, `locked`, `tanggal_locked`) VALUES
(341, 0, 1, 40, 'STANDAR', 'A/23-17', 'CONDO', 85.00, 74.00, 0, 364416, 0.00, 0.00, 0, 26966806, 0, 2002714000, 1.06, NULL, 20000000, 0.000000000, 0, 0.000000000, 2697092000, 2396609000, 2544426000, 2540406000, 7.25, 'Marketable', '', '2015-05-26 00:00:00', 'HM', 0, '0000-00-00 00:00:00'),
(342, 0, 1, 41, 'STANDAR', 'A/23-18', 'CONDO', 97.00, 85.00, 0, 317257, 0.00, 0.00, 0, 26966806, 0, 2018288000, 0.93, NULL, 20000000, 0.000000000, 0, 0.000000000, 2718066000, 2415246000, 2564213000, 2560161000, 7.25, 'Marketable', '', '2015-05-26 00:00:00', 'HM', 0, '0000-00-00 00:00:00'),
(343, 0, 1, 40, 'STANDAR', 'A/23-19', 'CONDO', 138.00, 120.00, 0, 224723, 0.00, 0.00, 0, 26966806, 0, 3247644000, 1.06, NULL, 20000000, 0.000000000, 0, 0.000000000, 4373662000, 3886392000, 4126096000, 4119576000, 7.25, 'Marketable', '', '2015-05-26 00:00:00', 'HM', 0, '0000-00-00 00:00:00'),
(344, 0, 1, 41, 'STANDAR', 'A/23-20', 'CONDO', 60.00, 51.00, 0, 528761, 0.00, 0.00, 0, 26966806, 0, 1210973000, 0.93, NULL, 20000000, 0.000000000, 0, 0.000000000, 1630840000, 1449148000, 1538528000, 1536097000, 7.25, 'Marketable', '', '2015-05-26 00:00:00', 'HM', 0, '0000-00-00 00:00:00'),
(345, 0, 1, 40, 'STANDAR', 'A/23-21', 'CONDO', 132.00, 112.00, 0, 240775, 0.00, 0.00, 0, 26966806, 0, 3145517000, 1.10, NULL, 20000000, 0.000000000, 0, 0.000000000, 4236126000, 3764178000, 3996345000, 3990029000, 7.25, 'Marketable', 'Sold', '2015-05-26 00:00:00', 'HM', 0, '0000-00-00 00:00:00'),
(346, 0, 1, 41, 'STANDAR', 'A/23-22', 'CONDO', 81.00, 70.00, 0, 385240, 0.00, 0.00, 0, 26966806, 0, 1733609000, 0.97, NULL, 20000000, 0.000000000, 0, 0.000000000, 2334683000, 2074576000, 2202531000, 2199051000, 7.25, 'Marketable', '', '2015-05-26 00:00:00', 'HM', 0, '0000-00-00 00:00:00'),
(347, 0, 1, 41, 'STANDAR', 'A/25-2', 'CONDO', 113.00, 101.00, 0, 266998, 0.00, 0.00, 0, 26966806, 0, 2425991000, 0.95, NULL, 20000000, 0.000000000, 0, 0.000000000, 3267127000, 2903136000, 3082195000, 3077325000, 7.25, 'Marketable', '', '2015-05-26 00:00:00', 'HM', 0, '0000-00-00 00:00:00'),
(348, 0, 1, 40, 'STANDAR', 'A/25-3', 'CONDO', 85.00, 74.00, 0, 364416, 0.00, 0.00, 0, 26966806, 0, 1983270000, 1.06, NULL, 20000000, 0.000000000, 0, 0.000000000, 2670907000, 2373340000, 2519723000, 2515741000, 7.25, 'Marketable', '', '2015-05-26 00:00:00', 'HM', 0, '0000-00-00 00:00:00'),
(349, 0, 1, 40, 'STANDAR', 'A/25-5', 'CONDO', 85.00, 74.00, 0, 364416, 0.00, 0.00, 0, 26966806, 0, 1983270000, 1.06, NULL, 20000000, 0.000000000, 0, 0.000000000, 2670907000, 2373340000, 2519723000, 2515741000, 7.25, 'Marketable', '', '2015-05-26 00:00:00', 'HM', 0, '0000-00-00 00:00:00'),
(350, 0, 1, 41, 'STANDAR', 'A/25-6', 'CONDO', 78.00, 66.00, 0, 408588, 0.00, 0.00, 0, 26966806, 0, 1551927000, 0.93, NULL, 20000000, 0.000000000, 0, 0.000000000, 2090009000, 1857160000, 1971706000, 1968590000, 7.25, 'Marketable', '', '2015-05-26 00:00:00', 'HM', 0, '0000-00-00 00:00:00'),
(351, 0, 1, 40, 'STANDAR', 'A/25-7', 'CONDO', 101.00, 90.00, 0, 299631, 0.00, 0.00, 0, 26966806, 0, 2412085000, 1.06, NULL, 20000000, 0.000000000, 0, 0.000000000, 3248400000, 2886495000, 3064528000, 3059685000, 7.25, 'Marketable', '', '2015-05-26 00:00:00', 'HM', 0, '0000-00-00 00:00:00'),
(352, 0, 1, 41, 'STANDAR', 'A/25-8', 'CONDO', 60.00, 52.00, 0, 518592, 0.00, 0.00, 0, 26966806, 0, 1222730000, 0.93, NULL, 20000000, 0.000000000, 0, 0.000000000, 1646673000, 1463217000, 1553465000, 1551011000, 7.25, 'Marketable', '', '2015-05-26 00:00:00', 'HM', 0, '0000-00-00 00:00:00'),
(353, 0, 1, 40, 'STANDAR', 'A/25-9', 'CONDO', 101.00, 90.00, 0, 299631, 0.00, 0.00, 0, 26966806, 0, 2412085000, 1.06, NULL, 20000000, 0.000000000, 0, 0.000000000, 3248400000, 2886495000, 3064528000, 3059685000, 7.25, 'Marketable', 'Booked', '2015-05-26 00:00:00', 'HM', 0, '0000-00-00 00:00:00'),
(354, 0, 1, 41, 'STANDAR', 'A/25-10', 'CONDO', 74.00, 63.00, 0, 428045, 0.00, 0.00, 0, 26966806, 0, 1481384000, 0.93, NULL, 20000000, 0.000000000, 0, 0.000000000, 1995008000, 1772744000, 1882083000, 1879109000, 7.25, 'Marketable', '', '2015-05-26 00:00:00', 'HM', 0, '0000-00-00 00:00:00'),
(355, 0, 1, 40, 'STANDAR', 'A/25-11', 'CONDO', 101.00, 90.00, 0, 299631, 0.00, 0.00, 0, 26966806, 0, 2412085000, 1.06, NULL, 20000000, 0.000000000, 0, 0.000000000, 3248400000, 2886495000, 3064528000, 3059685000, 7.25, 'Marketable', 'Booked', '2015-05-26 00:00:00', 'HM', 0, '0000-00-00 00:00:00'),
(356, 0, 1, 41, 'STANDAR', 'A/25-12', 'CONDO', 67.00, 57.00, 0, 473102, 0.00, 0.00, 0, 26966806, 0, 1340300000, 0.93, NULL, 20000000, 0.000000000, 0, 0.000000000, 1805008000, 1603911000, 1702837000, 1700146000, 7.25, 'Marketable', '', '2015-05-26 00:00:00', 'HM', 0, '0000-00-00 00:00:00'),
(357, 0, 1, 40, 'STANDAR', 'A/25-15', 'CONDO', 101.00, 90.00, 0, 299631, 0.00, 0.00, 0, 26966806, 0, 2412085000, 1.06, NULL, 20000000, 0.000000000, 0, 0.000000000, 3248400000, 2886495000, 3064528000, 3059685000, 7.25, 'Marketable', '', '2015-05-26 00:00:00', 'HM', 0, '0000-00-00 00:00:00'),
(358, 0, 1, 41, 'STANDAR', 'A/25-16', 'CONDO', 71.00, 63.00, 0, 428045, 0.00, 0.00, 0, 26966806, 0, 1481384000, 0.93, NULL, 20000000, 0.000000000, 0, 0.000000000, 1995008000, 1772744000, 1882083000, 1879109000, 7.25, 'Marketable', '', '2015-05-26 00:00:00', 'HM', 0, '0000-00-00 00:00:00'),
(359, 0, 1, 40, 'STANDAR', 'A/25-17', 'CONDO', 85.00, 74.00, 0, 364416, 0.00, 0.00, 0, 26966806, 0, 1983270000, 1.06, NULL, 20000000, 0.000000000, 0, 0.000000000, 2670907000, 2373340000, 2519723000, 2515741000, 7.25, 'Marketable', 'Booked', '2015-05-26 00:00:00', 'HM', 0, '0000-00-00 00:00:00'),
(360, 0, 1, 41, 'STANDAR', 'A/25-18', 'CONDO', 97.00, 85.00, 0, 317257, 0.00, 0.00, 0, 26966806, 0, 1998693000, 0.93, NULL, 20000000, 0.000000000, 0, 0.000000000, 2691678000, 2391797000, 2539318000, 2535305000, 7.25, 'Marketable', '', '2015-05-26 00:00:00', 'HM', 0, '0000-00-00 00:00:00'),
(361, 0, 1, 40, 'STANDAR', 'A/25-19', 'CONDO', 138.00, 120.00, 0, 224723, 0.00, 0.00, 0, 26966806, 0, 3216113000, 1.06, NULL, 20000000, 0.000000000, 0, 0.000000000, 4331200000, 3848660000, 4086037000, 4079580000, 7.25, 'Marketable', '', '2015-05-26 00:00:00', 'HM', 0, '0000-00-00 00:00:00'),
(362, 0, 1, 41, 'STANDAR', 'A/25-20', 'CONDO', 60.00, 51.00, 0, 528761, 0.00, 0.00, 0, 26966806, 0, 1199216000, 0.93, NULL, 20000000, 0.000000000, 0, 0.000000000, 1615007000, 1435078000, 1523591000, 1521183000, 7.25, 'Marketable', '', '2015-05-26 00:00:00', 'HM', 0, '0000-00-00 00:00:00'),
(363, 0, 1, 40, 'STANDAR', 'A/25-21', 'CONDO', 132.00, 112.00, 0, 240775, 0.00, 0.00, 0, 26966806, 0, 3114978000, 1.10, NULL, 20000000, 0.000000000, 0, 0.000000000, 4194998000, 3727633000, 3957545000, 3951291000, 7.25, 'Marketable', 'Booked', '2015-05-26 00:00:00', 'HM', 0, '0000-00-00 00:00:00'),
(364, 0, 1, 41, 'STANDAR', 'A/25-22', 'CONDO', 81.00, 70.00, 0, 385240, 0.00, 0.00, 0, 26966806, 0, 1716778000, 0.97, NULL, 20000000, 0.000000000, 0, 0.000000000, 2312016000, 2054434000, 2181147000, 2177701000, 7.25, 'Marketable', '', '2015-05-26 00:00:00', 'HM', 0, '0000-00-00 00:00:00'),
(365, 0, 1, 41, 'STANDAR', 'A/26-2', 'CONDO', 113.00, 101.00, 0, 266998, 0.00, 0.00, 0, 26966806, 0, 2425991000, 0.95, NULL, 20000000, 0.000000000, 0, 0.000000000, 3267127000, 2903136000, 3082195000, 3077325000, 7.25, 'Marketable', '', '2015-05-26 00:00:00', 'HM', 0, '0000-00-00 00:00:00'),
(366, 0, 1, 40, 'STANDAR', 'A/26-3', 'CONDO', 85.00, 74.00, 0, 364416, 0.00, 0.00, 0, 26966806, 0, 1983270000, 1.06, NULL, 20000000, 0.000000000, 0, 0.000000000, 2670907000, 2373340000, 2519723000, 2515741000, 7.25, 'Marketable', 'Booked', '2015-05-26 00:00:00', 'HM', 0, '0000-00-00 00:00:00'),
(367, 0, 1, 40, 'STANDAR', 'A/26-5', 'CONDO', 85.00, 74.00, 0, 364416, 0.00, 0.00, 0, 26966806, 0, 1983270000, 1.06, NULL, 20000000, 0.000000000, 0, 0.000000000, 2670907000, 2373340000, 2519723000, 2515741000, 7.25, 'Marketable', '', '2015-05-26 00:00:00', 'HM', 0, '0000-00-00 00:00:00'),
(368, 0, 1, 41, 'STANDAR', 'A/26-6', 'CONDO', 78.00, 66.00, 0, 408588, 0.00, 0.00, 0, 26966806, 0, 1551927000, 0.93, NULL, 20000000, 0.000000000, 0, 0.000000000, 2090009000, 1857160000, 1971706000, 1968590000, 7.25, 'Marketable', '', '2015-05-26 00:00:00', 'HM', 0, '0000-00-00 00:00:00'),
(369, 0, 1, 40, 'STANDAR', 'A/26-7', 'CONDO', 101.00, 90.00, 0, 299631, 0.00, 0.00, 0, 26966806, 0, 2412085000, 1.06, NULL, 20000000, 0.000000000, 0, 0.000000000, 3248400000, 2886495000, 3064528000, 3059685000, 7.25, 'Marketable', '', '2015-05-26 00:00:00', 'HM', 0, '0000-00-00 00:00:00'),
(370, 0, 1, 41, 'STANDAR', 'A/26-8', 'CONDO', 60.00, 52.00, 0, 518592, 0.00, 0.00, 0, 26966806, 0, 1222730000, 0.93, NULL, 20000000, 0.000000000, 0, 0.000000000, 1646673000, 1463217000, 1553465000, 1551011000, 7.25, 'Marketable', 'Booked', '2015-05-26 00:00:00', 'HM', 0, '0000-00-00 00:00:00'),
(371, 0, 1, 40, 'STANDAR', 'A/26-9', 'CONDO', 101.00, 90.00, 0, 299631, 0.00, 0.00, 0, 26966806, 0, 2412085000, 1.06, NULL, 20000000, 0.000000000, 0, 0.000000000, 3248400000, 2886495000, 3064528000, 3059685000, 7.25, 'Marketable', '', '2015-05-26 00:00:00', 'HM', 0, '0000-00-00 00:00:00'),
(372, 0, 1, 41, 'STANDAR', 'A/26-10', 'CONDO', 74.00, 63.00, 0, 428045, 0.00, 0.00, 0, 26966806, 0, 1481384000, 0.93, NULL, 20000000, 0.000000000, 0, 0.000000000, 1995008000, 1772744000, 1882083000, 1879109000, 7.25, 'Marketable', '', '2015-05-26 00:00:00', 'HM', 0, '0000-00-00 00:00:00'),
(373, 0, 1, 40, 'STANDAR', 'A/26-11', 'CONDO', 101.00, 90.00, 0, 299631, 0.00, 0.00, 0, 26966806, 0, 2412085000, 1.06, NULL, 20000000, 0.000000000, 0, 0.000000000, 3248400000, 2886495000, 3064528000, 3059685000, 7.25, 'Marketable', '', '2015-05-26 00:00:00', 'HM', 0, '0000-00-00 00:00:00'),
(374, 0, 1, 41, 'STANDAR', 'A/26-12', 'CONDO', 67.00, 57.00, 0, 473102, 0.00, 0.00, 0, 26966806, 0, 1340300000, 0.93, NULL, 20000000, 0.000000000, 0, 0.000000000, 1805008000, 1603911000, 1702837000, 1700146000, 7.25, 'Marketable', '', '2015-05-26 00:00:00', 'HM', 0, '0000-00-00 00:00:00'),
(375, 0, 1, 40, 'STANDAR', 'A/26-15', 'CONDO', 101.00, 90.00, 0, 299631, 0.00, 0.00, 0, 26966806, 0, 2412085000, 1.06, NULL, 20000000, 0.000000000, 0, 0.000000000, 3248400000, 2886495000, 3064528000, 3059685000, 7.25, 'Marketable', '', '2015-05-26 00:00:00', 'HM', 0, '0000-00-00 00:00:00'),
(376, 0, 1, 41, 'STANDAR', 'A/26-16', 'CONDO', 71.00, 63.00, 0, 428045, 0.00, 0.00, 0, 26966806, 0, 1481384000, 0.93, NULL, 20000000, 0.000000000, 0, 0.000000000, 1995008000, 1772744000, 1882083000, 1879109000, 7.25, 'Marketable', '', '2015-05-26 00:00:00', 'HM', 0, '0000-00-00 00:00:00'),
(377, 0, 1, 40, 'STANDAR', 'A/26-17', 'CONDO', 85.00, 74.00, 0, 364416, 0.00, 0.00, 0, 26966806, 0, 1983270000, 1.06, NULL, 20000000, 0.000000000, 0, 0.000000000, 2670907000, 2373340000, 2519723000, 2515741000, 7.25, 'Marketable', 'Booked', '2015-05-26 00:00:00', 'HM', 0, '0000-00-00 00:00:00'),
(378, 0, 1, 41, 'STANDAR', 'A/26-18', 'CONDO', 97.00, 85.00, 0, 317257, 0.00, 0.00, 0, 26966806, 0, 1998693000, 0.93, NULL, 20000000, 0.000000000, 0, 0.000000000, 2691678000, 2391797000, 2539318000, 2535305000, 7.25, 'Marketable', '', '2015-05-26 00:00:00', 'HM', 0, '0000-00-00 00:00:00'),
(379, 0, 1, 40, 'STANDAR', 'A/26-19', 'CONDO', 138.00, 120.00, 0, 224723, 0.00, 0.00, 0, 26966806, 0, 3216113000, 1.06, NULL, 20000000, 0.000000000, 0, 0.000000000, 4331200000, 3848660000, 4086037000, 4079580000, 7.25, 'Marketable', 'Booked', '2015-05-26 00:00:00', 'HM', 0, '0000-00-00 00:00:00'),
(380, 0, 1, 41, 'STANDAR', 'A/26-20', 'CONDO', 60.00, 51.00, 0, 528761, 0.00, 0.00, 0, 26966806, 0, 1199216000, 0.93, NULL, 20000000, 0.000000000, 0, 0.000000000, 1615007000, 1435078000, 1523591000, 1521183000, 7.25, 'Marketable', '', '2015-05-26 00:00:00', 'HM', 0, '0000-00-00 00:00:00'),
(381, 0, 1, 40, 'STANDAR', 'A/26-21', 'CONDO', 132.00, 112.00, 0, 240775, 0.00, 0.00, 0, 26966806, 0, 3114978000, 1.10, NULL, 20000000, 0.000000000, 0, 0.000000000, 4194998000, 3727633000, 3957545000, 3951291000, 7.25, 'Marketable', '', '2015-05-26 00:00:00', 'HM', 0, '0000-00-00 00:00:00'),
(382, 0, 1, 41, 'STANDAR', 'A/26-22', 'CONDO', 81.00, 70.00, 0, 385240, 0.00, 0.00, 0, 26966806, 0, 1716778000, 0.97, NULL, 20000000, 0.000000000, 0, 0.000000000, 2312016000, 2054434000, 2181147000, 2177701000, 7.25, 'Marketable', '', '2015-05-26 00:00:00', 'HM', 0, '0000-00-00 00:00:00'),
(383, 0, 1, 40, 'STANDAR', 'A/27-1', 'CONDO', 175.00, 156.00, 0, 172864, 0.00, 0.00, 0, 26966806, 0, 4301596000, 1.08, NULL, 20000000, 0.000000000, 0, 0.000000000, 5793039000, 5147636000, 5465131000, 5456495000, 7.25, 'Marketable', '', '2015-05-26 00:00:00', 'HM', 0, '0000-00-00 00:00:00'),
(384, 0, 1, 41, 'STANDAR', 'A/27-2', 'CONDO', 113.00, 101.00, 0, 266998, 0.00, 0.00, 0, 26966806, 0, 2449775000, 0.95, NULL, 20000000, 0.000000000, 0, 0.000000000, 3299158000, 2931598000, 3112413000, 3107494000, 7.25, 'Marketable', '', '2015-05-26 00:00:00', 'HM', 0, '0000-00-00 00:00:00'),
(385, 0, 1, 40, 'STANDAR', 'A/27-3', 'CONDO', 85.00, 74.00, 0, 364416, 0.00, 0.00, 0, 26966806, 0, 2002714000, 1.06, NULL, 20000000, 0.000000000, 0, 0.000000000, 2697092000, 2396609000, 2544426000, 2540406000, 7.25, 'Marketable', 'Sold', '2015-05-26 00:00:00', 'HM', 0, '0000-00-00 00:00:00'),
(386, 0, 1, 40, 'STANDAR', 'A/27-5', 'CONDO', 85.00, 74.00, 0, 364416, 0.00, 0.00, 0, 26966806, 0, 2002714000, 1.06, NULL, 20000000, 0.000000000, 0, 0.000000000, 2697092000, 2396609000, 2544426000, 2540406000, 7.25, 'Marketable', 'Booked', '2015-05-26 00:00:00', 'HM', 0, '0000-00-00 00:00:00'),
(387, 0, 1, 41, 'STANDAR', 'A/27-6', 'CONDO', 78.00, 66.00, 0, 408588, 0.00, 0.00, 0, 26966806, 0, 1567142000, 0.93, NULL, 20000000, 0.000000000, 0, 0.000000000, 2110499000, 1875368000, 1991036000, 1987891000, 7.25, 'Marketable', '', '2015-05-26 00:00:00', 'HM', 0, '0000-00-00 00:00:00'),
(388, 0, 1, 40, 'STANDAR', 'A/27-7', 'CONDO', 101.00, 90.00, 0, 299631, 0.00, 0.00, 0, 26966806, 0, 2435733000, 1.06, NULL, 20000000, 0.000000000, 0, 0.000000000, 3280247000, 2914794000, 3094572000, 3089682000, 7.25, 'Marketable', '', '2015-05-26 00:00:00', 'HM', 0, '0000-00-00 00:00:00'),
(389, 0, 1, 41, 'STANDAR', 'A/27-8', 'CONDO', 60.00, 52.00, 0, 518592, 0.00, 0.00, 0, 26966806, 0, 1234718000, 0.93, NULL, 20000000, 0.000000000, 0, 0.000000000, 1662817000, 1477562000, 1568695000, 1566216000, 7.25, 'Marketable', 'Sold', '2015-05-26 00:00:00', 'HM', 0, '0000-00-00 00:00:00'),
(390, 0, 1, 40, 'STANDAR', 'A/27-9', 'CONDO', 101.00, 90.00, 0, 299631, 0.00, 0.00, 0, 26966806, 0, 2435733000, 1.06, NULL, 20000000, 0.000000000, 0, 0.000000000, 3280247000, 2914794000, 3094572000, 3089682000, 7.25, 'Marketable', '', '2015-05-26 00:00:00', 'HM', 0, '0000-00-00 00:00:00'),
(391, 0, 1, 41, 'STANDAR', 'A/27-10', 'CONDO', 74.00, 63.00, 0, 428045, 0.00, 0.00, 0, 26966806, 0, 1495908000, 0.93, NULL, 20000000, 0.000000000, 0, 0.000000000, 2014568000, 1790124000, 1900535000, 1897532000, 7.25, 'Marketable', '', '2015-05-26 00:00:00', 'HM', 0, '0000-00-00 00:00:00'),
(392, 0, 1, 40, 'STANDAR', 'A/27-11', 'CONDO', 101.00, 90.00, 0, 299631, 0.00, 0.00, 0, 26966806, 0, 2435733000, 1.06, NULL, 20000000, 0.000000000, 0, 0.000000000, 3280247000, 2914794000, 3094572000, 3089682000, 7.25, 'Marketable', 'Sold', '2015-05-26 00:00:00', 'HM', 0, '0000-00-00 00:00:00'),
(393, 0, 1, 40, 'STANDAR', 'A/27-15', 'CONDO', 101.00, 90.00, 0, 299631, 0.00, 0.00, 0, 26966806, 0, 2435733000, 1.06, NULL, 20000000, 0.000000000, 0, 0.000000000, 3280247000, 2914794000, 3094572000, 3089682000, 7.25, 'Marketable', '', '2015-05-26 00:00:00', 'HM', 0, '0000-00-00 00:00:00'),
(394, 0, 1, 41, 'STANDAR', 'A/27-16', 'CONDO', 71.00, 63.00, 0, 428045, 0.00, 0.00, 0, 26966806, 0, 1495908000, 0.93, NULL, 20000000, 0.000000000, 0, 0.000000000, 2014568000, 1790124000, 1900535000, 1897532000, 7.25, 'Marketable', '', '2015-05-26 00:00:00', 'HM', 0, '0000-00-00 00:00:00'),
(395, 0, 1, 40, 'STANDAR', 'A/27-17', 'CONDO', 85.00, 74.00, 0, 364416, 0.00, 0.00, 0, 26966806, 0, 2002714000, 1.06, NULL, 20000000, 0.000000000, 0, 0.000000000, 2697092000, 2396609000, 2544426000, 2540406000, 7.25, 'Marketable', '', '2015-05-26 00:00:00', 'HM', 0, '0000-00-00 00:00:00'),
(396, 0, 1, 41, 'STANDAR', 'A/27-18', 'CONDO', 97.00, 85.00, 0, 317257, 0.00, 0.00, 0, 26966806, 0, 2018288000, 0.93, NULL, 20000000, 0.000000000, 0, 0.000000000, 2718066000, 2415246000, 2564213000, 2560161000, 7.25, 'Marketable', '', '2015-05-26 00:00:00', 'HM', 0, '0000-00-00 00:00:00'),
(397, 0, 1, 40, 'STANDAR', 'A/27-19', 'CONDO', 138.00, 120.00, 0, 224723, 0.00, 0.00, 0, 26966806, 0, 3247644000, 1.06, NULL, 20000000, 0.000000000, 0, 0.000000000, 4373662000, 3886392000, 4126096000, 4119576000, 7.25, 'Marketable', '', '2015-05-26 00:00:00', 'HM', 0, '0000-00-00 00:00:00'),
(398, 0, 1, 41, 'STANDAR', 'A/27-20', 'CONDO', 60.00, 51.00, 0, 528761, 0.00, 0.00, 0, 26966806, 0, 1210973000, 0.93, NULL, 20000000, 0.000000000, 0, 0.000000000, 1630840000, 1449148000, 1538528000, 1536097000, 7.25, 'Marketable', '', '2015-05-26 00:00:00', 'HM', 0, '0000-00-00 00:00:00'),
(399, 0, 1, 40, 'STANDAR', 'A/27-21', 'CONDO', 132.00, 112.00, 0, 240775, 0.00, 0.00, 0, 26966806, 0, 3145517000, 1.10, NULL, 20000000, 0.000000000, 0, 0.000000000, 4236126000, 3764178000, 3996345000, 3990029000, 7.25, 'Marketable', '', '2015-05-26 00:00:00', 'HM', 0, '0000-00-00 00:00:00'),
(400, 0, 1, 41, 'STANDAR', 'A/27-22', 'CONDO', 81.00, 70.00, 0, 385240, 0.00, 0.00, 0, 26966806, 0, 1733609000, 0.97, NULL, 20000000, 0.000000000, 0, 0.000000000, 2334683000, 2074576000, 2202531000, 2199051000, 7.25, 'Marketable', '', '2015-05-26 00:00:00', 'HM', 0, '0000-00-00 00:00:00'),
(401, 0, 1, 40, 'STANDAR', 'A/28-1', 'CONDO', 175.00, 156.00, 0, 172864, 0.00, 0.00, 0, 26966806, 0, 4259833000, 1.08, NULL, 20000000, 0.000000000, 0, 0.000000000, 5736796000, 5097659000, 5412071000, 5403519000, 7.25, 'Marketable', '', '2015-05-26 00:00:00', 'HM', 0, '0000-00-00 00:00:00'),
(402, 0, 1, 41, 'STANDAR', 'A/28-2', 'CONDO', 113.00, 101.00, 0, 266998, 0.00, 0.00, 0, 26966806, 0, 2425991000, 0.95, NULL, 20000000, 0.000000000, 0, 0.000000000, 3267127000, 2903136000, 3082195000, 3077325000, 7.25, 'Marketable', '', '2015-05-26 00:00:00', 'HM', 0, '0000-00-00 00:00:00'),
(403, 0, 1, 40, 'STANDAR', 'A/28-3', 'CONDO', 85.00, 74.00, 0, 364416, 0.00, 0.00, 0, 26966806, 0, 1983270000, 1.06, NULL, 20000000, 0.000000000, 0, 0.000000000, 2670907000, 2373340000, 2519723000, 2515741000, 7.25, 'Marketable', 'Sold', '2015-05-26 00:00:00', 'HM', 0, '0000-00-00 00:00:00'),
(404, 0, 1, 40, 'STANDAR', 'A/28-5', 'CONDO', 85.00, 74.00, 0, 364416, 0.00, 0.00, 0, 26966806, 0, 1983270000, 1.06, NULL, 20000000, 0.000000000, 0, 0.000000000, 2670907000, 2373340000, 2519723000, 2515741000, 7.25, 'Marketable', '', '2015-05-26 00:00:00', 'HM', 0, '0000-00-00 00:00:00'),
(405, 0, 1, 41, 'STANDAR', 'A/28-6', 'CONDO', 78.00, 66.00, 0, 408588, 0.00, 0.00, 0, 26966806, 0, 1551927000, 0.93, NULL, 20000000, 0.000000000, 0, 0.000000000, 2090009000, 1857160000, 1971706000, 1968590000, 7.25, 'Marketable', '', '2015-05-26 00:00:00', 'HM', 0, '0000-00-00 00:00:00'),
(406, 0, 1, 40, 'STANDAR', 'A/28-7', 'CONDO', 101.00, 90.00, 0, 299631, 0.00, 0.00, 0, 26966806, 0, 2412085000, 1.06, NULL, 20000000, 0.000000000, 0, 0.000000000, 3248400000, 2886495000, 3064528000, 3059685000, 7.25, 'Marketable', 'Sold', '2015-05-26 00:00:00', 'HM', 0, '0000-00-00 00:00:00'),
(407, 0, 1, 41, 'STANDAR', 'A/28-8', 'CONDO', 60.00, 52.00, 0, 518592, 0.00, 0.00, 0, 26966806, 0, 1222730000, 0.93, NULL, 20000000, 0.000000000, 0, 0.000000000, 1646673000, 1463217000, 1553465000, 1551011000, 7.25, 'Marketable', 'Sold', '2015-05-26 00:00:00', 'HM', 0, '0000-00-00 00:00:00'),
(408, 0, 1, 40, 'STANDAR', 'A/28-9', 'CONDO', 101.00, 90.00, 0, 299631, 0.00, 0.00, 0, 26966806, 0, 2412085000, 1.06, NULL, 20000000, 0.000000000, 0, 0.000000000, 3248400000, 2886495000, 3064528000, 3059685000, 7.25, 'Marketable', '', '2015-05-26 00:00:00', 'HM', 0, '0000-00-00 00:00:00'),
(409, 0, 1, 41, 'STANDAR', 'A/28-10', 'CONDO', 74.00, 63.00, 0, 428045, 0.00, 0.00, 0, 26966806, 0, 1481384000, 0.93, NULL, 20000000, 0.000000000, 0, 0.000000000, 1995008000, 1772744000, 1882083000, 1879109000, 7.25, 'Marketable', '', '2015-05-26 00:00:00', 'HM', 0, '0000-00-00 00:00:00'),
(410, 0, 1, 40, 'STANDAR', 'A/28-11', 'CONDO', 101.00, 90.00, 0, 299631, 0.00, 0.00, 0, 26966806, 0, 2412085000, 1.06, NULL, 20000000, 0.000000000, 0, 0.000000000, 3248400000, 2886495000, 3064528000, 3059685000, 7.25, 'Marketable', '', '2015-05-26 00:00:00', 'HM', 0, '0000-00-00 00:00:00'),
(411, 0, 1, 40, 'STANDAR', 'A/28-15', 'CONDO', 101.00, 90.00, 0, 299631, 0.00, 0.00, 0, 26966806, 0, 2412085000, 1.06, NULL, 20000000, 0.000000000, 0, 0.000000000, 3248400000, 2886495000, 3064528000, 3059685000, 7.25, 'Marketable', 'Sold', '2015-05-26 00:00:00', 'HM', 0, '0000-00-00 00:00:00'),
(412, 0, 1, 41, 'STANDAR', 'A/28-16', 'CONDO', 71.00, 63.00, 0, 428045, 0.00, 0.00, 0, 26966806, 0, 1481384000, 0.93, NULL, 20000000, 0.000000000, 0, 0.000000000, 1995008000, 1772744000, 1882083000, 1879109000, 7.25, 'Marketable', '', '2015-05-26 00:00:00', 'HM', 0, '0000-00-00 00:00:00'),
(413, 0, 1, 40, 'STANDAR', 'A/28-17', 'CONDO', 85.00, 74.00, 0, 364416, 0.00, 0.00, 0, 26966806, 0, 1983270000, 1.06, NULL, 20000000, 0.000000000, 0, 0.000000000, 2670907000, 2373340000, 2519723000, 2515741000, 7.25, 'Marketable', 'Sold', '2015-05-26 00:00:00', 'HM', 0, '0000-00-00 00:00:00'),
(414, 0, 1, 41, 'STANDAR', 'A/28-18', 'CONDO', 97.00, 85.00, 0, 317257, 0.00, 0.00, 0, 26966806, 0, 1998693000, 0.93, NULL, 20000000, 0.000000000, 0, 0.000000000, 2691678000, 2391797000, 2539318000, 2535305000, 7.25, 'Marketable', '', '2015-05-26 00:00:00', 'HM', 0, '0000-00-00 00:00:00'),
(415, 0, 1, 40, 'STANDAR', 'A/28-19', 'CONDO', 138.00, 120.00, 0, 224723, 0.00, 0.00, 0, 26966806, 0, 3216113000, 1.06, NULL, 20000000, 0.000000000, 0, 0.000000000, 4331200000, 3848660000, 4086037000, 4079580000, 7.25, 'Marketable', '', '2015-05-26 00:00:00', 'HM', 0, '0000-00-00 00:00:00'),
(416, 0, 1, 41, 'STANDAR', 'A/28-20', 'CONDO', 60.00, 51.00, 0, 528761, 0.00, 0.00, 0, 26966806, 0, 1199216000, 0.93, NULL, 20000000, 0.000000000, 0, 0.000000000, 1615007000, 1435078000, 1523591000, 1521183000, 7.25, 'Marketable', '', '2015-05-26 00:00:00', 'HM', 0, '0000-00-00 00:00:00'),
(417, 0, 1, 40, 'STANDAR', 'A/28-21', 'CONDO', 132.00, 112.00, 0, 240775, 0.00, 0.00, 0, 26966806, 0, 3114978000, 1.10, NULL, 20000000, 0.000000000, 0, 0.000000000, 4194998000, 3727633000, 3957545000, 3951291000, 7.25, 'Marketable', '', '2015-05-26 00:00:00', 'HM', 0, '0000-00-00 00:00:00'),
(418, 0, 1, 41, 'STANDAR', 'A/28-22', 'CONDO', 81.00, 70.00, 0, 385240, 0.00, 0.00, 0, 26966806, 0, 1716778000, 0.97, NULL, 20000000, 0.000000000, 0, 0.000000000, 2312016000, 2054434000, 2181147000, 2177701000, 7.25, 'Marketable', '', '2015-05-26 00:00:00', 'HM', 0, '0000-00-00 00:00:00'),
(419, 0, 1, 40, 'STANDAR', 'A/29-1', 'CONDO', 175.00, 156.00, 0, 172864, 0.00, 0.00, 0, 26966806, 0, 4301596000, 1.08, NULL, 20000000, 0.000000000, 0, 0.000000000, 5793039000, 5147636000, 5465131000, 5456495000, 7.25, 'Marketable', 'Sold', '2015-05-26 00:00:00', 'HM', 0, '0000-00-00 00:00:00'),
(420, 0, 1, 41, 'STANDAR', 'A/29-2', 'CONDO', 113.00, 101.00, 0, 266998, 0.00, 0.00, 0, 26966806, 0, 2449775000, 0.95, NULL, 20000000, 0.000000000, 0, 0.000000000, 3299158000, 2931598000, 3112413000, 3107494000, 7.25, 'Marketable', '', '2015-05-26 00:00:00', 'HM', 0, '0000-00-00 00:00:00'),
(421, 0, 1, 40, 'STANDAR', 'A/29-3', 'CONDO', 85.00, 74.00, 0, 364416, 0.00, 0.00, 0, 26966806, 0, 2002714000, 1.06, NULL, 20000000, 0.000000000, 0, 0.000000000, 2697092000, 2396609000, 2544426000, 2540406000, 7.25, 'Marketable', 'Sold', '2015-05-26 00:00:00', 'HM', 0, '0000-00-00 00:00:00'),
(422, 0, 1, 40, 'STANDAR', 'A/29-5', 'CONDO', 85.00, 74.00, 0, 364416, 0.00, 0.00, 0, 26966806, 0, 2002714000, 1.06, NULL, 20000000, 0.000000000, 0, 0.000000000, 2697092000, 2396609000, 2544426000, 2540406000, 7.25, 'Marketable', 'Sold', '2015-05-26 00:00:00', 'HM', 0, '0000-00-00 00:00:00'),
(423, 0, 1, 41, 'STANDAR', 'A/29-6', 'CONDO', 78.00, 66.00, 0, 408588, 0.00, 0.00, 0, 26966806, 0, 1567142000, 0.93, NULL, 20000000, 0.000000000, 0, 0.000000000, 2110499000, 1875368000, 1991036000, 1987891000, 7.25, 'Marketable', '', '2015-05-26 00:00:00', 'HM', 0, '0000-00-00 00:00:00'),
(424, 0, 1, 40, 'STANDAR', 'A/29-7', 'CONDO', 101.00, 90.00, 0, 299631, 0.00, 0.00, 0, 26966806, 0, 2435733000, 1.06, NULL, 20000000, 0.000000000, 0, 0.000000000, 3280247000, 2914794000, 3094572000, 3089682000, 7.25, 'Marketable', 'Sold', '2015-05-26 00:00:00', 'HM', 0, '0000-00-00 00:00:00'),
(425, 0, 1, 41, 'STANDAR', 'A/29-8', 'CONDO', 60.00, 52.00, 0, 518592, 0.00, 0.00, 0, 26966806, 0, 1234718000, 0.93, NULL, 20000000, 0.000000000, 0, 0.000000000, 1662817000, 1477562000, 1568695000, 1566216000, 7.25, 'Marketable', 'Sold', '2015-05-26 00:00:00', 'HM', 0, '0000-00-00 00:00:00'),
(426, 0, 1, 41, 'STANDAR', 'A/29-10', 'CONDO', 74.00, 63.00, 0, 428045, 0.00, 0.00, 0, 26966806, 0, 1495908000, 0.93, NULL, 20000000, 0.000000000, 0, 0.000000000, 2014568000, 1790124000, 1900535000, 1897532000, 7.25, 'Marketable', '', '2015-05-26 00:00:00', 'HM', 0, '0000-00-00 00:00:00'),
(427, 0, 1, 40, 'STANDAR', 'A/29-15', 'CONDO', 101.00, 90.00, 0, 299631, 0.00, 0.00, 0, 26966806, 0, 2435733000, 1.06, NULL, 20000000, 0.000000000, 0, 0.000000000, 3280247000, 2914794000, 3094572000, 3089682000, 7.25, 'Marketable', 'Sold', '2015-05-26 00:00:00', 'HM', 0, '0000-00-00 00:00:00'),
(428, 0, 1, 41, 'STANDAR', 'A/29-16', 'CONDO', 71.00, 63.00, 0, 428045, 0.00, 0.00, 0, 26966806, 0, 1495908000, 0.93, NULL, 20000000, 0.000000000, 0, 0.000000000, 2014568000, 1790124000, 1900535000, 1897532000, 7.25, 'Marketable', '', '2015-05-26 00:00:00', 'HM', 0, '0000-00-00 00:00:00'),
(429, 0, 1, 40, 'STANDAR', 'A/29-17', 'CONDO', 85.00, 74.00, 0, 364416, 0.00, 0.00, 0, 26966806, 0, 2002714000, 1.06, NULL, 20000000, 0.000000000, 0, 0.000000000, 2697092000, 2396609000, 2544426000, 2540406000, 7.25, 'Marketable', '', '2015-05-26 00:00:00', 'HM', 0, '0000-00-00 00:00:00'),
(430, 0, 1, 41, 'STANDAR', 'A/29-18', 'CONDO', 97.00, 85.00, 0, 317257, 0.00, 0.00, 0, 26966806, 0, 2018288000, 0.93, NULL, 20000000, 0.000000000, 0, 0.000000000, 2718066000, 2415246000, 2564213000, 2560161000, 7.25, 'Marketable', '', '2015-05-26 00:00:00', 'HM', 0, '0000-00-00 00:00:00'),
(431, 0, 1, 40, 'STANDAR', 'A/29-19', 'CONDO', 138.00, 120.00, 0, 224723, 0.00, 0.00, 0, 26966806, 0, 3247644000, 1.06, NULL, 20000000, 0.000000000, 0, 0.000000000, 4373662000, 3886392000, 4126096000, 4119576000, 7.25, 'Marketable', '', '2015-05-26 00:00:00', 'HM', 0, '0000-00-00 00:00:00'),
(432, 0, 1, 41, 'STANDAR', 'A/29-20', 'CONDO', 60.00, 51.00, 0, 528761, 0.00, 0.00, 0, 26966806, 0, 1210973000, 0.93, NULL, 20000000, 0.000000000, 0, 0.000000000, 1630840000, 1449148000, 1538528000, 1536097000, 7.25, 'Marketable', '', '2015-05-26 00:00:00', 'HM', 0, '0000-00-00 00:00:00'),
(433, 0, 1, 40, 'STANDAR', 'A/29-21', 'CONDO', 132.00, 112.00, 0, 240775, 0.00, 0.00, 0, 26966806, 0, 3145517000, 1.10, NULL, 20000000, 0.000000000, 0, 0.000000000, 4236126000, 3764178000, 3996345000, 3990029000, 7.25, 'Marketable', 'Sold', '2015-05-26 00:00:00', 'HM', 0, '0000-00-00 00:00:00'),
(434, 0, 1, 41, 'STANDAR', 'A/29-22', 'CONDO', 81.00, 70.00, 0, 385240, 0.00, 0.00, 0, 26966806, 0, 1733609000, 0.97, NULL, 20000000, 0.000000000, 0, 0.000000000, 2334683000, 2074576000, 2202531000, 2199051000, 7.25, 'Marketable', '', '2015-05-26 00:00:00', 'HM', 0, '0000-00-00 00:00:00'),
(435, 0, 1, 40, 'STANDAR', 'A/30-1', 'CONDO', 175.00, 156.00, 0, 172864, 0.00, 0.00, 0, 26966806, 0, 4238951000, 1.08, NULL, 20000000, 0.000000000, 0, 0.000000000, 5708674000, 5072670000, 5385541000, 5377031000, 7.25, 'Marketable', '', '2015-05-26 00:00:00', 'HM', 0, '0000-00-00 00:00:00'),
(436, 0, 1, 41, 'STANDAR', 'A/30-2', 'CONDO', 113.00, 101.00, 0, 266998, 0.00, 0.00, 0, 26966806, 0, 2414099000, 0.95, NULL, 20000000, 0.000000000, 0, 0.000000000, 3251113000, 2888905000, 3067087000, 3062240000, 7.25, 'Marketable', '', '2015-05-26 00:00:00', 'HM', 0, '0000-00-00 00:00:00'),
(437, 0, 1, 40, 'STANDAR', 'A/30-3', 'CONDO', 85.00, 74.00, 0, 364416, 0.00, 0.00, 0, 26966806, 0, 1973548000, 1.06, NULL, 20000000, 0.000000000, 0, 0.000000000, 2657814000, 2361706000, 2507371000, 2503409000, 7.25, 'Marketable', 'Sold', '2015-05-26 00:00:00', 'HM', 0, '0000-00-00 00:00:00'),
(438, 0, 1, 40, 'STANDAR', 'A/30-5', 'CONDO', 85.00, 74.00, 0, 364416, 0.00, 0.00, 0, 26966806, 0, 1973548000, 1.06, NULL, 20000000, 0.000000000, 0, 0.000000000, 2657814000, 2361706000, 2507371000, 2503409000, 7.25, 'Marketable', '', '2015-05-26 00:00:00', 'HM', 0, '0000-00-00 00:00:00'),
(439, 0, 1, 41, 'STANDAR', 'A/30-6', 'CONDO', 78.00, 66.00, 0, 408588, 0.00, 0.00, 0, 26966806, 0, 1544319000, 0.93, NULL, 20000000, 0.000000000, 0, 0.000000000, 2079764000, 1848056000, 1962041000, 1958940000, 7.25, 'Marketable', '', '2015-05-26 00:00:00', 'HM', 0, '0000-00-00 00:00:00'),
(440, 0, 1, 40, 'STANDAR', 'A/30-7', 'CONDO', 101.00, 90.00, 0, 299631, 0.00, 0.00, 0, 26966806, 0, 2400261000, 1.06, NULL, 20000000, 0.000000000, 0, 0.000000000, 3232477000, 2872346000, 3049506000, 3044687000, 7.25, 'Marketable', '', '2015-05-26 00:00:00', 'HM', 0, '0000-00-00 00:00:00'),
(441, 0, 1, 41, 'STANDAR', 'A/30-8', 'CONDO', 60.00, 52.00, 0, 518592, 0.00, 0.00, 0, 26966806, 0, 1216736000, 0.93, NULL, 20000000, 0.000000000, 0, 0.000000000, 1638601000, 1456045000, 1545850000, 1543408000, 7.25, 'Marketable', '', '2015-05-26 00:00:00', 'HM', 0, '0000-00-00 00:00:00'),
(442, 0, 1, 41, 'STANDAR', 'A/30-10', 'CONDO', 74.00, 63.00, 0, 428045, 0.00, 0.00, 0, 26966806, 0, 1474123000, 0.93, NULL, 20000000, 0.000000000, 0, 0.000000000, 1985229000, 1764054000, 1872857000, 1869898000, 7.25, 'Marketable', '', '2015-05-26 00:00:00', 'HM', 0, '0000-00-00 00:00:00'),
(443, 0, 1, 41, 'STANDAR', 'A/30-12', 'CONDO', 67.00, 57.00, 0, 473102, 0.00, 0.00, 0, 26966806, 0, 1333730000, 0.93, NULL, 20000000, 0.000000000, 0, 0.000000000, 1796160000, 1596049000, 1694490000, 1691812000, 7.25, 'Marketable', '', '2015-05-26 00:00:00', 'HM', 0, '0000-00-00 00:00:00'),
(444, 0, 1, 40, 'STANDAR', 'A/30-15', 'CONDO', 101.00, 90.00, 0, 299631, 0.00, 0.00, 0, 26966806, 0, 2400261000, 1.06, NULL, 20000000, 0.000000000, 0, 0.000000000, 3232477000, 2872346000, 3049506000, 3044687000, 7.25, 'Marketable', '', '2015-05-26 00:00:00', 'HM', 0, '0000-00-00 00:00:00'),
(445, 0, 1, 41, 'STANDAR', 'A/30-16', 'CONDO', 71.00, 63.00, 0, 428045, 0.00, 0.00, 0, 26966806, 0, 1474123000, 0.93, NULL, 20000000, 0.000000000, 0, 0.000000000, 1985229000, 1764054000, 1872857000, 1869898000, 7.25, 'Marketable', '', '2015-05-26 00:00:00', 'HM', 0, '0000-00-00 00:00:00'),
(446, 0, 1, 40, 'STANDAR', 'A/30-17', 'CONDO', 85.00, 74.00, 0, 364416, 0.00, 0.00, 0, 26966806, 0, 1973548000, 1.06, NULL, 20000000, 0.000000000, 0, 0.000000000, 2657814000, 2361706000, 2507371000, 2503409000, 7.25, 'Marketable', '', '2015-05-26 00:00:00', 'HM', 0, '0000-00-00 00:00:00'),
(447, 0, 1, 41, 'STANDAR', 'A/30-18', 'CONDO', 97.00, 85.00, 0, 317257, 0.00, 0.00, 0, 26966806, 0, 1988896000, 0.93, NULL, 20000000, 0.000000000, 0, 0.000000000, 2678483000, 2380073000, 2526870000, 2522878000, 7.25, 'Marketable', '', '2015-05-26 00:00:00', 'HM', 0, '0000-00-00 00:00:00'),
(448, 0, 1, 40, 'STANDAR', 'A/30-19', 'CONDO', 138.00, 120.00, 0, 224723, 0.00, 0.00, 0, 26966806, 0, 3200348000, 1.06, NULL, 20000000, 0.000000000, 0, 0.000000000, 4309968000, 3829794000, 4066007000, 4059582000, 7.25, 'Marketable', '', '2015-05-26 00:00:00', 'HM', 0, '0000-00-00 00:00:00'),
(449, 0, 1, 41, 'STANDAR', 'A/30-20', 'CONDO', 60.00, 51.00, 0, 528761, 0.00, 0.00, 0, 26966806, 0, 1193338000, 0.93, NULL, 20000000, 0.000000000, 0, 0.000000000, 1607090000, 1428044000, 1516122000, 1513727000, 7.25, 'Marketable', '', '2015-05-26 00:00:00', 'HM', 0, '0000-00-00 00:00:00'),
(450, 0, 1, 40, 'STANDAR', 'A/30-21', 'CONDO', 132.00, 112.00, 0, 240775, 0.00, 0.00, 0, 26966806, 0, 3099708000, 1.10, NULL, 20000000, 0.000000000, 0, 0.000000000, 4174434000, 3709360000, 3938145000, 3931922000, 7.25, 'Marketable', '', '2015-05-26 00:00:00', 'HM', 0, '0000-00-00 00:00:00'),
(451, 0, 1, 41, 'STANDAR', 'A/30-22', 'CONDO', 81.00, 70.00, 0, 385240, 0.00, 0.00, 0, 26966806, 0, 1708362000, 0.97, NULL, 20000000, 0.000000000, 0, 0.000000000, 2300683000, 2044364000, 2170455000, 2167026000, 7.25, 'Marketable', '', '2015-05-26 00:00:00', 'HM', 0, '0000-00-00 00:00:00'),
(452, 0, 1, 40, 'STANDAR', 'A/31-1', 'CONDO', 175.00, 156.00, 0, 172864, 0.00, 0.00, 0, 26966806, 0, 4238951000, 1.08, NULL, 20000000, 0.000000000, 0, 0.000000000, 5708674000, 5072670000, 5385541000, 5377031000, 7.25, 'Marketable', '', '2015-05-26 00:00:00', 'HM', 0, '0000-00-00 00:00:00'),
(453, 0, 1, 41, 'STANDAR', 'A/31-2', 'CONDO', 113.00, 101.00, 0, 266998, 0.00, 0.00, 0, 26966806, 0, 2414099000, 0.95, NULL, 20000000, 0.000000000, 0, 0.000000000, 3251113000, 2888905000, 3067087000, 3062240000, 7.25, 'Marketable', '', '2015-05-26 00:00:00', 'HM', 0, '0000-00-00 00:00:00'),
(454, 0, 1, 40, 'STANDAR', 'A/31-3', 'CONDO', 85.00, 74.00, 0, 364416, 0.00, 0.00, 0, 26966806, 0, 1973548000, 1.06, NULL, 20000000, 0.000000000, 0, 0.000000000, 2657814000, 2361706000, 2507371000, 2503409000, 7.25, 'Marketable', '', '2015-05-26 00:00:00', 'HM', 0, '0000-00-00 00:00:00'),
(455, 0, 1, 40, 'STANDAR', 'A/31-5', 'CONDO', 85.00, 74.00, 0, 364416, 0.00, 0.00, 0, 26966806, 0, 1973548000, 1.06, NULL, 20000000, 0.000000000, 0, 0.000000000, 2657814000, 2361706000, 2507371000, 2503409000, 7.25, 'Marketable', '', '2015-05-26 00:00:00', 'HM', 0, '0000-00-00 00:00:00'),
(456, 0, 1, 41, 'STANDAR', 'A/31-6', 'CONDO', 78.00, 66.00, 0, 408588, 0.00, 0.00, 0, 26966806, 0, 1544319000, 0.93, NULL, 20000000, 0.000000000, 0, 0.000000000, 2079764000, 1848056000, 1962041000, 1958940000, 7.25, 'Marketable', '', '2015-05-26 00:00:00', 'HM', 0, '0000-00-00 00:00:00'),
(457, 0, 1, 40, 'STANDAR', 'A/31-7', 'CONDO', 101.00, 90.00, 0, 299631, 0.00, 0.00, 0, 26966806, 0, 2400261000, 1.06, NULL, 20000000, 0.000000000, 0, 0.000000000, 3232477000, 2872346000, 3049506000, 3044687000, 7.25, 'Marketable', 'Sold', '2015-05-26 00:00:00', 'HM', 0, '0000-00-00 00:00:00'),
(458, 0, 1, 41, 'STANDAR', 'A/31-8', 'CONDO', 60.00, 52.00, 0, 518592, 0.00, 0.00, 0, 26966806, 0, 1216736000, 0.93, NULL, 20000000, 0.000000000, 0, 0.000000000, 1638601000, 1456045000, 1545850000, 1543408000, 7.25, 'Marketable', '', '2015-05-26 00:00:00', 'HM', 0, '0000-00-00 00:00:00'),
(459, 0, 1, 41, 'STANDAR', 'A/31-10', 'CONDO', 74.00, 63.00, 0, 428045, 0.00, 0.00, 0, 26966806, 0, 1474123000, 0.93, NULL, 20000000, 0.000000000, 0, 0.000000000, 1985229000, 1764054000, 1872857000, 1869898000, 7.25, 'Marketable', '', '2015-05-26 00:00:00', 'HM', 0, '0000-00-00 00:00:00'),
(460, 0, 1, 41, 'STANDAR', 'A/31-12', 'CONDO', 67.00, 57.00, 0, 473102, 0.00, 0.00, 0, 26966806, 0, 1333730000, 0.93, NULL, 20000000, 0.000000000, 0, 0.000000000, 1796160000, 1596049000, 1694490000, 1691812000, 7.25, 'Marketable', '', '2015-05-26 00:00:00', 'HM', 0, '0000-00-00 00:00:00'),
(461, 0, 1, 40, 'STANDAR', 'A/31-15', 'CONDO', 101.00, 90.00, 0, 299631, 0.00, 0.00, 0, 26966806, 0, 2400261000, 1.06, NULL, 20000000, 0.000000000, 0, 0.000000000, 3232477000, 2872346000, 3049506000, 3044687000, 7.25, 'Marketable', '', '2015-05-26 00:00:00', 'HM', 0, '0000-00-00 00:00:00'),
(462, 0, 1, 41, 'STANDAR', 'A/31-16', 'CONDO', 71.00, 63.00, 0, 428045, 0.00, 0.00, 0, 26966806, 0, 1474123000, 0.93, NULL, 20000000, 0.000000000, 0, 0.000000000, 1985229000, 1764054000, 1872857000, 1869898000, 7.25, 'Marketable', '', '2015-05-26 00:00:00', 'HM', 0, '0000-00-00 00:00:00'),
(463, 0, 1, 40, 'STANDAR', 'A/31-17', 'CONDO', 85.00, 74.00, 0, 364416, 0.00, 0.00, 0, 26966806, 0, 1973548000, 1.06, NULL, 20000000, 0.000000000, 0, 0.000000000, 2657814000, 2361706000, 2507371000, 2503409000, 7.25, 'Marketable', '', '2015-05-26 00:00:00', 'HM', 0, '0000-00-00 00:00:00'),
(464, 0, 1, 41, 'STANDAR', 'A/31-18', 'CONDO', 97.00, 85.00, 0, 317257, 0.00, 0.00, 0, 26966806, 0, 1988896000, 0.93, NULL, 20000000, 0.000000000, 0, 0.000000000, 2678483000, 2380073000, 2526870000, 2522878000, 7.25, 'Marketable', '', '2015-05-26 00:00:00', 'HM', 0, '0000-00-00 00:00:00'),
(465, 0, 1, 40, 'STANDAR', 'A/31-19', 'CONDO', 138.00, 120.00, 0, 224723, 0.00, 0.00, 0, 26966806, 0, 3200348000, 1.06, NULL, 20000000, 0.000000000, 0, 0.000000000, 4309968000, 3829794000, 4066007000, 4059582000, 7.25, 'Marketable', '', '2015-05-26 00:00:00', 'HM', 0, '0000-00-00 00:00:00'),
(466, 0, 1, 41, 'STANDAR', 'A/31-20', 'CONDO', 60.00, 51.00, 0, 528761, 0.00, 0.00, 0, 26966806, 0, 1193338000, 0.93, NULL, 20000000, 0.000000000, 0, 0.000000000, 1607090000, 1428044000, 1516122000, 1513727000, 7.25, 'Marketable', '', '2015-05-26 00:00:00', 'HM', 0, '0000-00-00 00:00:00'),
(467, 0, 1, 40, 'STANDAR', 'A/31-21', 'CONDO', 132.00, 112.00, 0, 240775, 0.00, 0.00, 0, 26966806, 0, 3099708000, 1.10, NULL, 20000000, 0.000000000, 0, 0.000000000, 4174434000, 3709360000, 3938145000, 3931922000, 7.25, 'Marketable', '', '2015-05-26 00:00:00', 'HM', 0, '0000-00-00 00:00:00'),
(468, 0, 1, 41, 'STANDAR', 'A/31-22', 'CONDO', 81.00, 70.00, 0, 385240, 0.00, 0.00, 0, 26966806, 0, 1708362000, 0.97, NULL, 20000000, 0.000000000, 0, 0.000000000, 2300683000, 2044364000, 2170455000, 2167026000, 7.25, 'Marketable', '', '2015-05-26 00:00:00', 'HM', 0, '0000-00-00 00:00:00'),
(469, 0, 1, 40, 'STANDAR', 'A/32-1', 'CONDO', 175.00, 156.00, 0, 172864, 0.00, 0.00, 0, 26966806, 0, 4238951000, 1.08, NULL, 20000000, 0.000000000, 0, 0.000000000, 5708674000, 5072670000, 5385541000, 5377031000, 7.25, 'Marketable', '', '2015-05-26 00:00:00', 'HM', 0, '0000-00-00 00:00:00'),
(470, 0, 1, 41, 'STANDAR', 'A/32-2', 'CONDO', 113.00, 101.00, 0, 266998, 0.00, 0.00, 0, 26966806, 0, 2414099000, 0.95, NULL, 20000000, 0.000000000, 0, 0.000000000, 3251113000, 2888905000, 3067087000, 3062240000, 7.25, 'Marketable', '', '2015-05-26 00:00:00', 'HM', 0, '0000-00-00 00:00:00'),
(471, 0, 1, 40, 'STANDAR', 'A/32-3', 'CONDO', 85.00, 74.00, 0, 364416, 0.00, 0.00, 0, 26966806, 0, 1973548000, 1.06, NULL, 20000000, 0.000000000, 0, 0.000000000, 2657814000, 2361706000, 2507371000, 2503409000, 7.25, 'Marketable', '', '2015-05-26 00:00:00', 'HM', 0, '0000-00-00 00:00:00'),
(472, 0, 1, 40, 'STANDAR', 'A/32-5', 'CONDO', 85.00, 74.00, 0, 364416, 0.00, 0.00, 0, 26966806, 0, 1973548000, 1.06, NULL, 20000000, 0.000000000, 0, 0.000000000, 2657814000, 2361706000, 2507371000, 2503409000, 7.25, 'Marketable', '', '2015-05-26 00:00:00', 'HM', 0, '0000-00-00 00:00:00'),
(473, 0, 1, 41, 'STANDAR', 'A/32-6', 'CONDO', 78.00, 66.00, 0, 408588, 0.00, 0.00, 0, 26966806, 0, 1544319000, 0.93, NULL, 20000000, 0.000000000, 0, 0.000000000, 2079764000, 1848056000, 1962041000, 1958940000, 7.25, 'Marketable', '', '2015-05-26 00:00:00', 'HM', 0, '0000-00-00 00:00:00'),
(474, 0, 1, 40, 'STANDAR', 'A/32-7', 'CONDO', 101.00, 90.00, 0, 299631, 0.00, 0.00, 0, 26966806, 0, 2400261000, 1.06, NULL, 20000000, 0.000000000, 0, 0.000000000, 3232477000, 2872346000, 3049506000, 3044687000, 7.25, 'Marketable', '', '2015-05-26 00:00:00', 'HM', 0, '0000-00-00 00:00:00'),
(475, 0, 1, 41, 'STANDAR', 'A/32-8', 'CONDO', 60.00, 52.00, 0, 518592, 0.00, 0.00, 0, 26966806, 0, 1216736000, 0.93, NULL, 20000000, 0.000000000, 0, 0.000000000, 1638601000, 1456045000, 1545850000, 1543408000, 7.25, 'Marketable', '', '2015-05-26 00:00:00', 'HM', 0, '0000-00-00 00:00:00'),
(476, 0, 1, 40, 'STANDAR', 'A/32-9', 'CONDO', 101.00, 90.00, 0, 299631, 0.00, 0.00, 0, 26966806, 0, 2400261000, 1.06, NULL, 20000000, 0.000000000, 0, 0.000000000, 3232477000, 2872346000, 3049506000, 3044687000, 7.25, 'Marketable', '', '2015-05-26 00:00:00', 'HM', 0, '0000-00-00 00:00:00'),
(477, 0, 1, 41, 'STANDAR', 'A/32-10', 'CONDO', 74.00, 63.00, 0, 428045, 0.00, 0.00, 0, 26966806, 0, 1474123000, 0.93, NULL, 20000000, 0.000000000, 0, 0.000000000, 1985229000, 1764054000, 1872857000, 1869898000, 7.25, 'Marketable', '', '2015-05-26 00:00:00', 'HM', 0, '0000-00-00 00:00:00'),
(478, 0, 1, 40, 'STANDAR', 'A/32-11', 'CONDO', 101.00, 90.00, 0, 299631, 0.00, 0.00, 0, 26966806, 0, 2400261000, 1.06, NULL, 20000000, 0.000000000, 0, 0.000000000, 3232477000, 2872346000, 3049506000, 3044687000, 7.25, 'Marketable', '', '2015-05-26 00:00:00', 'HM', 0, '0000-00-00 00:00:00'),
(479, 0, 1, 41, 'STANDAR', 'A/32-12', 'CONDO', 67.00, 57.00, 0, 473102, 0.00, 0.00, 0, 26966806, 0, 1333730000, 0.93, NULL, 20000000, 0.000000000, 0, 0.000000000, 1796160000, 1596049000, 1694490000, 1691812000, 7.25, 'Marketable', '', '2015-05-26 00:00:00', 'HM', 0, '0000-00-00 00:00:00'),
(480, 0, 1, 40, 'STANDAR', 'A/32-15', 'CONDO', 101.00, 90.00, 0, 299631, 0.00, 0.00, 0, 26966806, 0, 2400261000, 1.06, NULL, 20000000, 0.000000000, 0, 0.000000000, 3232477000, 2872346000, 3049506000, 3044687000, 7.25, 'Marketable', '', '2015-05-26 00:00:00', 'HM', 0, '0000-00-00 00:00:00'),
(481, 0, 1, 41, 'STANDAR', 'A/32-16', 'CONDO', 71.00, 63.00, 0, 428045, 0.00, 0.00, 0, 26966806, 0, 1474123000, 0.93, NULL, 20000000, 0.000000000, 0, 0.000000000, 1985229000, 1764054000, 1872857000, 1869898000, 7.25, 'Marketable', '', '2015-05-26 00:00:00', 'HM', 0, '0000-00-00 00:00:00'),
(482, 0, 1, 40, 'STANDAR', 'A/32-17', 'CONDO', 85.00, 74.00, 0, 364416, 0.00, 0.00, 0, 26966806, 0, 1973548000, 1.06, NULL, 20000000, 0.000000000, 0, 0.000000000, 2657814000, 2361706000, 2507371000, 2503409000, 7.25, 'Marketable', '', '2015-05-26 00:00:00', 'HM', 0, '0000-00-00 00:00:00'),
(483, 0, 1, 41, 'STANDAR', 'A/32-18', 'CONDO', 97.00, 85.00, 0, 317257, 0.00, 0.00, 0, 26966806, 0, 1988896000, 0.93, NULL, 20000000, 0.000000000, 0, 0.000000000, 2678483000, 2380073000, 2526870000, 2522878000, 7.25, 'Marketable', '', '2015-05-26 00:00:00', 'HM', 0, '0000-00-00 00:00:00'),
(484, 0, 1, 40, 'STANDAR', 'A/32-19', 'CONDO', 138.00, 120.00, 0, 224723, 0.00, 0.00, 0, 26966806, 0, 3200348000, 1.06, NULL, 20000000, 0.000000000, 0, 0.000000000, 4309968000, 3829794000, 4066007000, 4059582000, 7.25, 'Marketable', '', '2015-05-26 00:00:00', 'HM', 0, '0000-00-00 00:00:00'),
(485, 0, 1, 41, 'STANDAR', 'A/32-20', 'CONDO', 60.00, 51.00, 0, 528761, 0.00, 0.00, 0, 26966806, 0, 1193338000, 0.93, NULL, 20000000, 0.000000000, 0, 0.000000000, 1607090000, 1428044000, 1516122000, 1513727000, 7.25, 'Marketable', '', '2015-05-26 00:00:00', 'HM', 0, '0000-00-00 00:00:00'),
(486, 0, 1, 40, 'STANDAR', 'A/32-21', 'CONDO', 132.00, 112.00, 0, 240775, 0.00, 0.00, 0, 26966806, 0, 3099708000, 1.10, NULL, 20000000, 0.000000000, 0, 0.000000000, 4174434000, 3709360000, 3938145000, 3931922000, 7.25, 'Marketable', '', '2015-05-26 00:00:00', 'HM', 0, '0000-00-00 00:00:00'),
(487, 0, 1, 41, 'STANDAR', 'A/32-22', 'CONDO', 81.00, 70.00, 0, 385240, 0.00, 0.00, 0, 26966806, 0, 1708362000, 0.97, NULL, 20000000, 0.000000000, 0, 0.000000000, 2300683000, 2044364000, 2170455000, 2167026000, 7.25, 'Marketable', '', '2015-05-26 00:00:00', 'HM', 0, '0000-00-00 00:00:00'),
(488, 0, 1, 40, 'STANDAR', 'A/33-1', 'CONDO', 175.00, 156.00, 0, 172864, 0.00, 0.00, 0, 26966806, 0, 4238951000, 1.08, NULL, 20000000, 0.000000000, 0, 0.000000000, 5708674000, 5072670000, 5385541000, 5377031000, 7.25, 'Marketable', '', '2015-05-26 00:00:00', 'HM', 0, '0000-00-00 00:00:00'),
(489, 0, 1, 41, 'STANDAR', 'A/33-2', 'CONDO', 113.00, 101.00, 0, 266998, 0.00, 0.00, 0, 26966806, 0, 2414099000, 0.95, NULL, 20000000, 0.000000000, 0, 0.000000000, 3251113000, 2888905000, 3067087000, 3062240000, 7.25, 'Marketable', '', '2015-05-26 00:00:00', 'HM', 0, '0000-00-00 00:00:00'),
(490, 0, 1, 40, 'STANDAR', 'A/33-3', 'CONDO', 85.00, 74.00, 0, 364416, 0.00, 0.00, 0, 26966806, 0, 1973548000, 1.06, NULL, 20000000, 0.000000000, 0, 0.000000000, 2657814000, 2361706000, 2507371000, 2503409000, 7.25, 'Marketable', 'Sold', '2015-05-26 00:00:00', 'HM', 0, '0000-00-00 00:00:00'),
(491, 0, 1, 40, 'STANDAR', 'A/33-5', 'CONDO', 85.00, 74.00, 0, 364416, 0.00, 0.00, 0, 26966806, 0, 1973548000, 1.06, NULL, 20000000, 0.000000000, 0, 0.000000000, 2657814000, 2361706000, 2507371000, 2503409000, 7.25, 'Marketable', '', '2015-05-26 00:00:00', 'HM', 0, '0000-00-00 00:00:00'),
(492, 0, 1, 41, 'STANDAR', 'A/33-6', 'CONDO', 78.00, 66.00, 0, 408588, 0.00, 0.00, 0, 26966806, 0, 1544319000, 0.93, NULL, 20000000, 0.000000000, 0, 0.000000000, 2079764000, 1848056000, 1962041000, 1958940000, 7.25, 'Marketable', '', '2015-05-26 00:00:00', 'HM', 0, '0000-00-00 00:00:00'),
(493, 0, 1, 40, 'STANDAR', 'A/33-7', 'CONDO', 101.00, 90.00, 0, 299631, 0.00, 0.00, 0, 26966806, 0, 2400261000, 1.06, NULL, 20000000, 0.000000000, 0, 0.000000000, 3232477000, 2872346000, 3049506000, 3044687000, 7.25, 'Marketable', '', '2015-05-26 00:00:00', 'HM', 0, '0000-00-00 00:00:00'),
(494, 0, 1, 41, 'STANDAR', 'A/33-8', 'CONDO', 60.00, 52.00, 0, 518592, 0.00, 0.00, 0, 26966806, 0, 1216736000, 0.93, NULL, 20000000, 0.000000000, 0, 0.000000000, 1638601000, 1456045000, 1545850000, 1543408000, 7.25, 'Marketable', '', '2015-05-26 00:00:00', 'HM', 0, '0000-00-00 00:00:00'),
(495, 0, 1, 40, 'STANDAR', 'A/33-9', 'CONDO', 101.00, 90.00, 0, 299631, 0.00, 0.00, 0, 26966806, 0, 2400261000, 1.06, NULL, 20000000, 0.000000000, 0, 0.000000000, 3232477000, 2872346000, 3049506000, 3044687000, 7.25, 'Marketable', '', '2015-05-26 00:00:00', 'HM', 0, '0000-00-00 00:00:00'),
(496, 0, 1, 41, 'STANDAR', 'A/33-10', 'CONDO', 74.00, 63.00, 0, 428045, 0.00, 0.00, 0, 26966806, 0, 1474123000, 0.93, NULL, 20000000, 0.000000000, 0, 0.000000000, 1985229000, 1764054000, 1872857000, 1869898000, 7.25, 'Marketable', '', '2015-05-26 00:00:00', 'HM', 0, '0000-00-00 00:00:00'),
(497, 0, 1, 40, 'STANDAR', 'A/33-11', 'CONDO', 101.00, 90.00, 0, 299631, 0.00, 0.00, 0, 26966806, 0, 2400261000, 1.06, NULL, 20000000, 0.000000000, 0, 0.000000000, 3232477000, 2872346000, 3049506000, 3044687000, 7.25, 'Marketable', '', '2015-05-26 00:00:00', 'HM', 0, '0000-00-00 00:00:00'),
(498, 0, 1, 41, 'STANDAR', 'A/33-12', 'CONDO', 67.00, 57.00, 0, 473102, 0.00, 0.00, 0, 26966806, 0, 1333730000, 0.93, NULL, 20000000, 0.000000000, 0, 0.000000000, 1796160000, 1596049000, 1694490000, 1691812000, 7.25, 'Marketable', '', '2015-05-26 00:00:00', 'HM', 0, '0000-00-00 00:00:00'),
(499, 0, 1, 40, 'STANDAR', 'A/33-15', 'CONDO', 101.00, 90.00, 0, 299631, 0.00, 0.00, 0, 26966806, 0, 2400261000, 1.06, NULL, 20000000, 0.000000000, 0, 0.000000000, 3232477000, 2872346000, 3049506000, 3044687000, 7.25, 'Marketable', '', '2015-05-26 00:00:00', 'HM', 0, '0000-00-00 00:00:00'),
(500, 0, 1, 41, 'STANDAR', 'A/33-16', 'CONDO', 71.00, 63.00, 0, 428045, 0.00, 0.00, 0, 26966806, 0, 1474123000, 0.93, NULL, 20000000, 0.000000000, 0, 0.000000000, 1985229000, 1764054000, 1872857000, 1869898000, 7.25, 'Marketable', '', '2015-05-26 00:00:00', 'HM', 0, '0000-00-00 00:00:00'),
(501, 0, 1, 40, 'STANDAR', 'A/33-17', 'CONDO', 85.00, 74.00, 0, 364416, 0.00, 0.00, 0, 26966806, 0, 1973548000, 1.06, NULL, 20000000, 0.000000000, 0, 0.000000000, 2657814000, 2361706000, 2507371000, 2503409000, 7.25, 'Marketable', '', '2015-05-26 00:00:00', 'HM', 0, '0000-00-00 00:00:00'),
(502, 0, 1, 41, 'STANDAR', 'A/33-18', 'CONDO', 97.00, 85.00, 0, 317257, 0.00, 0.00, 0, 26966806, 0, 1988896000, 0.93, NULL, 20000000, 0.000000000, 0, 0.000000000, 2678483000, 2380073000, 2526870000, 2522878000, 7.25, 'Marketable', '', '2015-05-26 00:00:00', 'HM', 0, '0000-00-00 00:00:00'),
(503, 0, 1, 40, 'STANDAR', 'A/33-19', 'CONDO', 138.00, 120.00, 0, 224723, 0.00, 0.00, 0, 26966806, 0, 3200348000, 1.06, NULL, 20000000, 0.000000000, 0, 0.000000000, 4309968000, 3829794000, 4066007000, 4059582000, 7.25, 'Marketable', 'Booked', '2015-05-26 00:00:00', 'HM', 0, '0000-00-00 00:00:00'),
(504, 0, 1, 41, 'STANDAR', 'A/33-20', 'CONDO', 60.00, 51.00, 0, 528761, 0.00, 0.00, 0, 26966806, 0, 1193338000, 0.93, NULL, 20000000, 0.000000000, 0, 0.000000000, 1607090000, 1428044000, 1516122000, 1513727000, 7.25, 'Marketable', '', '2015-05-26 00:00:00', 'HM', 0, '0000-00-00 00:00:00'),
(505, 0, 1, 40, 'STANDAR', 'A/33-21', 'CONDO', 132.00, 112.00, 0, 240775, 0.00, 0.00, 0, 26966806, 0, 3099708000, 1.10, NULL, 20000000, 0.000000000, 0, 0.000000000, 4174434000, 3709360000, 3938145000, 3931922000, 7.25, 'Marketable', '', '2015-05-26 00:00:00', 'HM', 0, '0000-00-00 00:00:00'),
(506, 0, 1, 41, 'STANDAR', 'A/33-22', 'CONDO', 81.00, 70.00, 0, 385240, 0.00, 0.00, 0, 26966806, 0, 1708362000, 0.97, NULL, 20000000, 0.000000000, 0, 0.000000000, 2300683000, 2044364000, 2170455000, 2167026000, 7.25, 'Marketable', 'Sold', '2015-05-26 00:00:00', 'HM', 0, '0000-00-00 00:00:00'),
(507, 0, 1, 40, 'STANDAR', 'A/35-1', 'CONDO', 175.00, 156.00, 0, 172864, 0.00, 0.00, 0, 26966806, 0, 4238951000, 1.08, NULL, 20000000, 0.000000000, 0, 0.000000000, 5708674000, 5072670000, 5385541000, 5377031000, 7.25, 'Marketable', '', '2015-05-26 00:00:00', 'HM', 0, '0000-00-00 00:00:00'),
(508, 0, 1, 41, 'STANDAR', 'A/35-2', 'CONDO', 113.00, 101.00, 0, 266998, 0.00, 0.00, 0, 26966806, 0, 2414099000, 0.95, NULL, 20000000, 0.000000000, 0, 0.000000000, 3251113000, 2888905000, 3067087000, 3062240000, 7.25, 'Marketable', '', '2015-05-26 00:00:00', 'HM', 0, '0000-00-00 00:00:00'),
(509, 0, 1, 40, 'STANDAR', 'A/35-3', 'CONDO', 85.00, 74.00, 0, 364416, 0.00, 0.00, 0, 26966806, 0, 1973548000, 1.06, NULL, 20000000, 0.000000000, 0, 0.000000000, 2657814000, 2361706000, 2507371000, 2503409000, 7.25, 'Marketable', '', '2015-05-26 00:00:00', 'HM', 0, '0000-00-00 00:00:00'),
(510, 0, 1, 40, 'STANDAR', 'A/35-5', 'CONDO', 85.00, 74.00, 0, 364416, 0.00, 0.00, 0, 26966806, 0, 1973548000, 1.06, NULL, 20000000, 0.000000000, 0, 0.000000000, 2657814000, 2361706000, 2507371000, 2503409000, 7.25, 'Marketable', '', '2015-05-26 00:00:00', 'HM', 0, '0000-00-00 00:00:00');
INSERT INTO `tbl_unit` (`id_unit`, `id_promo`, `id_cluster`, `id_type`, `posisi`, `kode_unit`, `kategori`, `luas_tanah`, `luas_bangunan`, `harga_tanah_m2`, `harga_bangunan_m2`, `diskon_tanah`, `diskon_bangunan`, `harga_tanah`, `harga_bangunan`, `harga_jual_exc_ppn`, `harga_jual_inc_ppn`, `fs`, `keterangan_fs`, `tanda_jadi`, `persen_tanda_jadi`, `uang_muka`, `persen_uang_muka`, `plafon_kpr`, `kpr_5_tahun`, `kpr_10_tahun`, `kpr_15_tahun`, `suku_bunga`, `status_unit`, `status_transaksi`, `tanggal_posting`, `kelas_produk`, `locked`, `tanggal_locked`) VALUES
(511, 0, 1, 41, 'STANDAR', 'A/35-6', 'CONDO', 78.00, 66.00, 0, 408588, 0.00, 0.00, 0, 26966806, 0, 1544319000, 0.93, NULL, 20000000, 0.000000000, 0, 0.000000000, 2079764000, 1848056000, 1962041000, 1958940000, 7.25, 'Marketable', '', '2015-05-26 00:00:00', 'HM', 0, '0000-00-00 00:00:00'),
(512, 0, 1, 40, 'STANDAR', 'A/35-7', 'CONDO', 101.00, 90.00, 0, 299631, 0.00, 0.00, 0, 26966806, 0, 2400261000, 1.06, NULL, 20000000, 0.000000000, 0, 0.000000000, 3232477000, 2872346000, 3049506000, 3044687000, 7.25, 'Marketable', '', '2015-05-26 00:00:00', 'HM', 0, '0000-00-00 00:00:00'),
(513, 0, 1, 41, 'STANDAR', 'A/35-8', 'CONDO', 60.00, 52.00, 0, 518592, 0.00, 0.00, 0, 26966806, 0, 1216736000, 0.93, NULL, 20000000, 0.000000000, 0, 0.000000000, 1638601000, 1456045000, 1545850000, 1543408000, 7.25, 'Marketable', '', '2015-05-26 00:00:00', 'HM', 0, '0000-00-00 00:00:00'),
(514, 0, 1, 40, 'STANDAR', 'A/35-9', 'CONDO', 101.00, 90.00, 0, 299631, 0.00, 0.00, 0, 26966806, 0, 2400261000, 1.06, NULL, 20000000, 0.000000000, 0, 0.000000000, 3232477000, 2872346000, 3049506000, 3044687000, 7.25, 'Marketable', '', '2015-05-26 00:00:00', 'HM', 0, '0000-00-00 00:00:00'),
(515, 0, 1, 41, 'STANDAR', 'A/35-10', 'CONDO', 74.00, 63.00, 0, 428045, 0.00, 0.00, 0, 26966806, 0, 1474123000, 0.93, NULL, 20000000, 0.000000000, 0, 0.000000000, 1985229000, 1764054000, 1872857000, 1869898000, 7.25, 'Marketable', '', '2015-05-26 00:00:00', 'HM', 0, '0000-00-00 00:00:00'),
(516, 0, 1, 40, 'STANDAR', 'A/35-11', 'CONDO', 101.00, 90.00, 0, 299631, 0.00, 0.00, 0, 26966806, 0, 2400261000, 1.06, NULL, 20000000, 0.000000000, 0, 0.000000000, 3232477000, 2872346000, 3049506000, 3044687000, 7.25, 'Marketable', 'Booked', '2015-05-26 00:00:00', 'HM', 0, '0000-00-00 00:00:00'),
(517, 0, 1, 41, 'STANDAR', 'A/35-12', 'CONDO', 67.00, 57.00, 0, 473102, 0.00, 0.00, 0, 26966806, 0, 1333730000, 0.93, NULL, 20000000, 0.000000000, 0, 0.000000000, 1796160000, 1596049000, 1694490000, 1691812000, 7.25, 'Marketable', '', '2015-05-26 00:00:00', 'HM', 0, '0000-00-00 00:00:00'),
(518, 0, 1, 40, 'STANDAR', 'A/35-15', 'CONDO', 101.00, 90.00, 0, 299631, 0.00, 0.00, 0, 26966806, 0, 2400261000, 1.06, NULL, 20000000, 0.000000000, 0, 0.000000000, 3232477000, 2872346000, 3049506000, 3044687000, 7.25, 'Marketable', '', '2015-05-26 00:00:00', 'HM', 0, '0000-00-00 00:00:00'),
(519, 0, 1, 41, 'STANDAR', 'A/35-16', 'CONDO', 71.00, 63.00, 0, 428045, 0.00, 0.00, 0, 26966806, 0, 1474123000, 0.93, NULL, 20000000, 0.000000000, 0, 0.000000000, 1985229000, 1764054000, 1872857000, 1869898000, 7.25, 'Marketable', '', '2015-05-26 00:00:00', 'HM', 0, '0000-00-00 00:00:00'),
(520, 0, 1, 40, 'STANDAR', 'A/35-17', 'CONDO', 85.00, 74.00, 0, 364416, 0.00, 0.00, 0, 26966806, 0, 1973548000, 1.06, NULL, 20000000, 0.000000000, 0, 0.000000000, 2657814000, 2361706000, 2507371000, 2503409000, 7.25, 'Marketable', '', '2015-05-26 00:00:00', 'HM', 0, '0000-00-00 00:00:00'),
(521, 0, 1, 41, 'STANDAR', 'A/35-18', 'CONDO', 97.00, 85.00, 0, 317257, 0.00, 0.00, 0, 26966806, 0, 1988896000, 0.93, NULL, 20000000, 0.000000000, 0, 0.000000000, 2678483000, 2380073000, 2526870000, 2522878000, 7.25, 'Marketable', '', '2015-05-26 00:00:00', 'HM', 0, '0000-00-00 00:00:00'),
(522, 0, 1, 40, 'STANDAR', 'A/35-19', 'CONDO', 138.00, 120.00, 0, 224723, 0.00, 0.00, 0, 26966806, 0, 3200348000, 1.06, NULL, 20000000, 0.000000000, 0, 0.000000000, 4309968000, 3829794000, 4066007000, 4059582000, 7.25, 'Marketable', 'Sold', '2015-05-26 00:00:00', 'HM', 0, '0000-00-00 00:00:00'),
(523, 0, 1, 41, 'STANDAR', 'A/35-20', 'CONDO', 60.00, 51.00, 0, 528761, 0.00, 0.00, 0, 26966806, 0, 1193338000, 0.93, NULL, 20000000, 0.000000000, 0, 0.000000000, 1607090000, 1428044000, 1516122000, 1513727000, 7.25, 'Marketable', '', '2015-05-26 00:00:00', 'HM', 0, '0000-00-00 00:00:00'),
(524, 0, 1, 40, 'STANDAR', 'A/35-21', 'CONDO', 132.00, 112.00, 0, 240775, 0.00, 0.00, 0, 26966806, 0, 3099708000, 1.10, NULL, 20000000, 0.000000000, 0, 0.000000000, 4174434000, 3709360000, 3938145000, 3931922000, 7.25, 'Marketable', '', '2015-05-26 00:00:00', 'HM', 0, '0000-00-00 00:00:00'),
(525, 0, 1, 41, 'STANDAR', 'A/35-22', 'CONDO', 81.00, 70.00, 0, 385240, 0.00, 0.00, 0, 26966806, 0, 1708362000, 0.97, NULL, 20000000, 0.000000000, 0, 0.000000000, 2300683000, 2044364000, 2170455000, 2167026000, 7.25, 'Marketable', '', '2015-05-26 00:00:00', 'HM', 0, '0000-00-00 00:00:00'),
(526, 0, 1, 40, 'STANDAR', 'A/36-1', 'CONDO', 175.00, 156.00, 0, 172864, 0.00, 0.00, 0, 26966806, 0, 4280714000, 1.08, NULL, 20000000, 0.000000000, 0, 0.000000000, 5764918000, 5122647000, 5438601000, 5430006000, 7.25, 'Marketable', 'Sold', '2015-05-26 00:00:00', 'HM', 0, '0000-00-00 00:00:00'),
(527, 0, 1, 41, 'STANDAR', 'A/36-2', 'CONDO', 113.00, 101.00, 0, 266998, 0.00, 0.00, 0, 26966806, 0, 2437883000, 0.95, NULL, 20000000, 0.000000000, 0, 0.000000000, 3283143000, 2917367000, 3097304000, 3092410000, 7.25, 'Marketable', 'Sold', '2015-05-26 00:00:00', 'HM', 0, '0000-00-00 00:00:00'),
(528, 0, 1, 40, 'STANDAR', 'A/36-3', 'CONDO', 85.00, 74.00, 0, 364416, 0.00, 0.00, 0, 26966806, 0, 1992992000, 1.06, NULL, 20000000, 0.000000000, 0, 0.000000000, 2683999000, 2384974000, 2532074000, 2528073000, 7.25, 'Marketable', 'Sold', '2015-05-26 00:00:00', 'HM', 0, '0000-00-00 00:00:00'),
(529, 0, 1, 41, 'STANDAR', 'A/36-6', 'CONDO', 78.00, 66.00, 0, 408588, 0.00, 0.00, 0, 26966806, 0, 1559534000, 0.93, NULL, 20000000, 0.000000000, 0, 0.000000000, 2100254000, 1866264000, 1981371000, 1978240000, 7.25, 'Marketable', 'Sold', '2015-05-26 00:00:00', 'HM', 0, '0000-00-00 00:00:00'),
(530, 0, 1, 40, 'STANDAR', 'A/36-9', 'CONDO', 101.00, 90.00, 0, 299631, 0.00, 0.00, 0, 26966806, 0, 2423909000, 1.06, NULL, 20000000, 0.000000000, 0, 0.000000000, 3264323000, 2900645000, 3079550000, 3074684000, 7.25, 'Marketable', 'Sold', '2015-05-26 00:00:00', 'HM', 0, '0000-00-00 00:00:00'),
(531, 0, 1, 41, 'STANDAR', 'A/36-10', 'CONDO', 74.00, 63.00, 0, 428045, 0.00, 0.00, 0, 26966806, 0, 1488646000, 0.93, NULL, 20000000, 0.000000000, 0, 0.000000000, 2004788000, 1781434000, 1891309000, 1888321000, 7.25, 'Marketable', 'Sold', '2015-05-26 00:00:00', 'HM', 0, '0000-00-00 00:00:00'),
(532, 0, 1, 40, 'STANDAR', 'A/36-11', 'CONDO', 101.00, 90.00, 0, 299631, 0.00, 0.00, 0, 26966806, 0, 2423909000, 1.06, NULL, 20000000, 0.000000000, 0, 0.000000000, 3264323000, 2900645000, 3079550000, 3074684000, 7.25, 'Marketable', 'Sold', '2015-05-26 00:00:00', 'HM', 0, '0000-00-00 00:00:00'),
(533, 0, 1, 41, 'STANDAR', 'A/36-12', 'CONDO', 67.00, 57.00, 0, 473102, 0.00, 0.00, 0, 26966806, 0, 1346870000, 0.93, NULL, 20000000, 0.000000000, 0, 0.000000000, 1813856000, 1611773000, 1711184000, 1708480000, 7.25, 'Marketable', 'Booked', '2015-05-26 00:00:00', 'HM', 0, '0000-00-00 00:00:00'),
(534, 0, 1, 41, 'STANDAR', 'A/36-18', 'CONDO', 97.00, 85.00, 0, 317257, 0.00, 0.00, 0, 26966806, 0, 2008491000, 0.93, NULL, 20000000, 0.000000000, 0, 0.000000000, 2704872000, 2403522000, 2551766000, 2547734000, 7.25, 'Marketable', 'Sold', '2015-05-26 00:00:00', 'HM', 0, '0000-00-00 00:00:00'),
(535, 0, 1, 40, 'STANDAR', 'A/36-19', 'CONDO', 138.00, 120.00, 0, 224723, 0.00, 0.00, 0, 26966806, 0, 3231878000, 1.06, NULL, 20000000, 0.000000000, 0, 0.000000000, 4352430000, 3867526000, 4106066000, 4099578000, 7.25, 'Marketable', 'Sold', '2015-05-26 00:00:00', 'HM', 0, '0000-00-00 00:00:00'),
(536, 0, 1, 41, 'STANDAR', 'A/36-20', 'CONDO', 60.00, 51.00, 0, 528761, 0.00, 0.00, 0, 26966806, 0, 1205095000, 0.93, NULL, 20000000, 0.000000000, 0, 0.000000000, 1622924000, 1442113000, 1531060000, 1528640000, 7.25, 'Marketable', '', '2015-05-26 00:00:00', 'HM', 0, '0000-00-00 00:00:00'),
(537, 0, 1, 40, 'STANDAR', 'A/36-21', 'CONDO', 132.00, 112.00, 0, 240775, 0.00, 0.00, 0, 26966806, 0, 3130247000, 1.10, NULL, 20000000, 0.000000000, 0, 0.000000000, 4215562000, 3745906000, 3976945000, 3970661000, 7.25, 'Marketable', 'Sold', '2015-05-26 00:00:00', 'HM', 0, '0000-00-00 00:00:00'),
(538, 0, 1, 41, 'STANDAR', 'A/36-22', 'CONDO', 81.00, 70.00, 0, 385240, 0.00, 0.00, 0, 26966806, 0, 1725193000, 0.97, NULL, 20000000, 0.000000000, 0, 0.000000000, 2323350000, 2064505000, 2191839000, 2188376000, 7.25, 'Marketable', '', '2015-05-26 00:00:00', 'HM', 0, '0000-00-00 00:00:00');

-- --------------------------------------------------------

--
-- Table structure for table `tbl_unit_promo`
--

CREATE TABLE IF NOT EXISTS `tbl_unit_promo` (
  `id_unit` int(11) NOT NULL,
  `id_cara_pembayaran` int(11) NOT NULL,
  `max_diskon_tanah` decimal(4,2) NOT NULL DEFAULT '0.00',
  `max_diskon_bangunan` decimal(4,2) NOT NULL DEFAULT '0.00'
) ENGINE=InnoDB DEFAULT CHARSET=latin1;

--
-- Dumping data for table `tbl_unit_promo`
--

INSERT INTO `tbl_unit_promo` (`id_unit`, `id_cara_pembayaran`, `max_diskon_tanah`, `max_diskon_bangunan`) VALUES
(350, 1, 0.00, 0.00),
(350, 2, 0.00, 0.00),
(350, 3, 0.00, 0.00),
(350, 4, 0.00, 0.00),
(350, 5, 0.00, 0.00),
(350, 6, 0.00, 0.00),
(350, 7, 0.00, 0.00),
(350, 8, 0.00, 0.00),
(335, 1, 0.00, 0.00),
(335, 2, 0.00, 0.00),
(335, 3, 0.00, 0.00),
(335, 4, 0.00, 0.00),
(335, 5, 0.00, 0.00),
(335, 6, 0.00, 0.00),
(335, 7, 0.00, 0.00),
(335, 8, 0.00, 0.00),
(338, 1, 0.00, 0.00),
(338, 2, 0.00, 0.00),
(338, 3, 0.00, 0.00),
(338, 4, 0.00, 0.00),
(338, 5, 0.00, 0.00),
(338, 6, 0.00, 0.00),
(338, 7, 0.00, 0.00),
(338, 8, 0.00, 0.00),
(12, 1, 0.00, 0.00),
(12, 2, 0.00, 0.00),
(12, 3, 0.00, 0.00),
(12, 4, 0.00, 0.00),
(12, 5, 0.00, 0.00),
(12, 6, 0.00, 0.00),
(12, 7, 0.00, 0.00),
(12, 8, 0.00, 0.00);

-- --------------------------------------------------------

--
-- Table structure for table `tbl_unit_siteplan`
--

CREATE TABLE IF NOT EXISTS `tbl_unit_siteplan` (
  `id_siteplan` int(11) NOT NULL,
  `id_unit` int(11) NOT NULL,
  `coords` text,
  KEY `fk_tbl_unit_siteplan_siteplan` (`id_siteplan`),
  KEY `fk_tbl_unit_siteplan_unit` (`id_unit`)
) ENGINE=InnoDB DEFAULT CHARSET=latin1;

--
-- Dumping data for table `tbl_unit_siteplan`
--

INSERT INTO `tbl_unit_siteplan` (`id_siteplan`, `id_unit`, `coords`) VALUES
(1, 1, '2067, 290, 2072, 275, 2082, 257, 2096, 250, 2112, 249, 2130, 254, 2142, 264, 2151, 274, 2151, 278, 2151, 293, 2140, 322, 2131, 325, 2118, 330, 2101, 329, 2081, 320, 2074, 305, 2069, 293, 2068, 280'),
(1, 2, '2083.7, 618.8833, 2086.7, 607.8833, 2094.7, 595.8833, 2108.7, 588.8833, 2128.7, 586.8833, 2149.7, 587.8833, 2153.7, 600.8833, 2165.7, 629.8833, 2165.7, 634.8833, 2159.7, 649.8833, 2149.7, 653.8833, 2134.7, 661.8833, 2108.7, 661.8833, 2095.7, 651.8833, 2089.7, 641.8833, 2085.7, 629.8833, 2084.7, 607.8833'),
(1, 3, '1837, 278, 1837, 266, 1848, 260, 1852, 257, 1860, 253, 1871, 251, 1877, 251, 1881, 250, 1887, 251, 1895, 256, 1905, 268, 1908, 272, 1916, 282, 1912, 304, 1908, 310, 1903, 315, 1889, 324, 1858, 326, 1851, 320, 1845, 315, 1835, 309, 1829, 296, 1835, 286, 1832, 274, 1834, 267'),
(1, 4, '1652, 260, 1655, 257, 1661, 253, 1673, 249, 1684, 249, 1691, 251, 1709, 260, 1719, 279, 1718, 291, 1708, 319, 1701, 323, 1695, 325, 1680, 328, 1667, 328, 1660, 324, 1650, 316, 1648, 315, 1647, 295, 1644, 309, 1642, 307, 1652, 262, 1662, 256, 1666, 254'),
(2, 20, '2063, 211, 2076, 207, 2089, 206, 2105, 206, 2117, 220, 2122, 258, 2119, 266, 2109, 271, 2108, 274, 2102, 278, 2092, 281, 2083, 281, 2075, 281, 2069, 276, 2061, 273, 2058, 269, 2053, 262, 2050, 252, 2050, 242, 2050, 234, 2054, 229, 2057, 219, 2066, 216, 2071, 211, 2087, 197'),
(1, 18, '228, 251, 244, 255, 249, 260, 258, 269, 262, 282, 262, 293, 260, 301, 258, 307, 253, 314, 248, 321, 226, 329, 221, 328, 206, 326, 200, 322, 195, 318, 192, 313, 187, 308, 185, 302, 183, 294, 182, 282, 185, 273, 189, 266, 196, 260, 200, 254, 205, 252, 212, 248, 218, 248'),
(1, 5, '1857, 588.1667, 1889, 589.1667, 1911, 613.1667, 1912, 638.1667, 1906, 651.1667, 1894, 659.1667, 1884, 664.1667, 1873, 666.1667, 1860, 663.1667, 1844, 657.1667, 1839, 645.1667, 1834, 634.1667, 1833, 618.1667, 1839, 604.1667, 1844, 597.1667, 1855, 591.1667, 1879, 587.1667'),
(1, 6, '1471, 249, 1494, 251, 1519, 269, 1524, 295, 1511, 318, 1484, 329, 1457, 317, 1444, 291, 1447, 271, 1454, 260, 1468, 253, 1479, 252, 1491, 252, 1497, 253'),
(1, 16, '446, 250, 463, 249, 474, 253, 485, 258, 492, 267, 499, 281, 498, 291, 496, 304, 490, 314, 488, 320, 480, 324, 468, 326, 459, 329, 450, 329, 443, 326, 430, 317, 425, 307, 418, 295, 418, 285, 423, 272, 428, 261, 437, 256, 449, 250, 461, 249'),
(1, 7, '1534, 599.1667, 1534, 586.1667, 1544, 570.1667, 1554, 563.1667, 1570, 558.1667, 1589, 560.1667, 1604, 571.1667, 1614, 592.1667, 1614, 604.1667, 1608, 616.1667, 1602, 626.1667, 1594, 631.1667, 1574, 635.1667, 1569, 636.1667, 1553, 631.1667, 1542, 622.1667, 1534, 607.1667, 1534, 593.1667, 1538, 577.1667, 1554, 564.1667'),
(2, 22, '1823, 217, 1824, 213, 1832, 209, 1842, 205, 1855, 206, 1872, 210, 1879, 215, 1888, 225, 1891, 234, 1889, 252, 1887, 263, 1876, 273, 1871, 278, 1857, 281, 1846, 281, 1838, 281, 1830, 278, 1827, 274, 1822, 269, 1819, 264, 1816, 260, 1813, 252, 1813, 245, 1813, 242, 1812, 234, 1813, 230, 1815, 227, 1817, 224, 1820, 221, 1826, 219, 1831, 214'),
(1, 8, '1293, 330.1667, 1275, 327.1667, 1259, 315.1667, 1251, 298.1667, 1255, 269.1667, 1269, 255.1667, 1312, 255.1667, 1326, 270.1667, 1328, 302.1667, 1314, 319.1667'),
(2, 23, '1639, 209, 1649, 208, 1657, 207, 1669, 209, 1681, 215, 1687, 219, 1693, 224, 1693, 232, 1695, 245, 1695, 254, 1692, 265, 1689, 268, 1676, 281, 1667, 283, 1651, 282, 1648, 280, 1645, 280, 1638, 278, 1637, 276, 1635, 274, 1632, 272, 1629, 269, 1628, 267, 1626, 265, 1621, 258, 1620, 258, 1619, 250, 1619, 246, 1619, 243, 1619, 237, 1619, 231, 1620, 229, 1622, 226, 1622, 225, 1626, 221, 1626, 221, 1628, 219, 1630, 218, 1635, 216, 1635, 216, 1637, 214, 1638, 213, 1638, 212, 1640, 212, 1642, 210, 1646, 207, 1646, 207, 1652, 207, 1652, 207, 1652, 207'),
(1, 14, '709, 268, 716, 260, 724, 256, 734, 251, 740, 249, 751, 248, 759, 252, 769, 256, 777, 263, 782, 277, 784, 292, 781, 307, 773, 320, 757, 327, 734, 328, 722, 323, 708, 306, 706, 285, 712, 266, 719, 258, 731, 251'),
(2, 25, '1435, 218, 1439, 214, 1440, 213, 1441, 210, 1451, 209, 1451, 209, 1455, 209, 1457, 209, 1461, 208, 1467, 207, 1476, 207, 1485, 213, 1485, 216, 1488, 218, 1493, 222, 1500, 229, 1500, 231, 1503, 238, 1503, 241, 1503, 244, 1500, 244, 1500, 244, 1499, 254, 1498, 256, 1497, 261, 1493, 266, 1490, 268, 1485, 271, 1479, 275, 1476, 278, 1470, 281, 1465, 282, 1460, 282, 1454, 282, 1451, 282, 1447, 278, 1440, 275, 1438, 274, 1434, 271, 1432, 269, 1429, 265, 1427, 261, 1424, 258, 1424, 256, 1423, 251, 1423, 251, 1423, 247, 1423, 246, 1424, 242, 1427, 234, 1427, 227, 1429, 226, 1434, 220, 1440, 215, 1445, 209, 1448, 208, 1451, 209, 1452, 209, 1454, 209'),
(1, 9, '1372, 502.1667, 1367, 503.1667, 1358, 505.1667, 1350, 509.1667, 1342, 511.1667, 1339, 517.1667, 1335, 523.1667, 1331, 538.1667, 1340, 569.1667, 1356, 578.1667, 1402, 571.1667, 1407, 562.1667, 1409, 554.1667, 1413, 535.1667, 1409, 527.1667, 1403, 519.1667, 1386, 508.1667, 1368, 505.1667'),
(2, 27, '1260, 208, 1262, 207, 1272, 207, 1279, 207, 1279, 207, 1287, 211, 1290, 213, 1294, 217, 1296, 222, 1300, 225, 1301, 225, 1306, 230, 1306, 239, 1303, 227, 1303, 256, 1291, 281, 1284, 275, 1271, 277, 1260, 278, 1249, 278, 1241, 275, 1232, 259, 1232, 248, 1229, 236, 1230, 224, 1238, 220, 1243, 217, 1258, 211, 1261, 211, 1267, 209, 1267, 209, 1271, 209, 1274, 213, 1278, 217, 1285, 227, 1291, 233, 1294, 238'),
(1, 10, '1123, 249, 1132, 250, 1138, 252, 1141, 254, 1145, 258, 1152, 265, 1157, 270, 1159, 278, 1160, 288, 1161, 293, 1158, 303, 1156, 309, 1152, 314, 1144, 321, 1139, 323, 1134, 326, 1124, 328, 1114, 328, 1114, 328, 1106, 324, 1100, 323, 1093, 318, 1085, 309, 1084, 303, 1081, 294, 1080, 283, 1084, 273, 1089, 268, 1099, 259, 1117, 249, 1124, 249, 1124, 249, 1125, 250'),
(1, 12, '908, 250, 924, 254, 937, 259, 940, 266, 945, 281, 948, 293, 946, 299, 940, 315, 930, 320, 922, 326, 907, 328, 898, 327, 880, 316, 874, 311, 868, 298, 868, 288, 870, 274, 876, 261, 882, 258, 889, 253, 896, 251, 903, 247, 920, 250'),
(1, 11, '1155, 502.1667, 1146, 504.1667, 1139, 508.1667, 1130, 513.1667, 1126, 514.1667, 1121, 521.1667, 1116, 529.1667, 1117, 543.1667, 1116, 548.1667, 1120, 562.1667, 1125, 568.1667, 1134, 574.1667, 1179, 573.1667, 1192, 559.1667, 1185, 517.1667, 1176, 511.1667, 1157, 508.1667'),
(2, 29, '1069, 218, 1129, 217, 1129, 271, 1069, 269, 1068, 221'),
(2, 21, '2075, 553, 2134, 553, 2133, 605, 2073, 606, 2071, 557'),
(2, 24, '1824, 550, 1883, 553, 1883, 606, 1828, 612, 1818, 557'),
(2, 26, '1523, 523, 1583, 525, 1585, 576, 1532, 586, 1518, 572, 1519, 529'),
(1, 13, '800, 551.1667, 809, 523.1667, 813, 517.1667, 818, 514.1667, 824, 511.1667, 843, 509.1667, 865, 515.1667, 873, 527.1667, 875, 532.1667, 878, 536.1667, 880, 547.1667, 875, 568.1667, 870, 578.1667, 868, 581.1667, 861, 584.1667, 855, 585.1667, 847, 588.1667, 843, 589.1667, 838, 589.1667, 818, 587.1667, 816, 582.1667, 811, 579.1667, 805, 570.1667, 803, 563.1667, 801, 555.1667, 799, 546.1667, 800, 536.1667, 807, 525.1667, 834, 507.1667, 848, 509.1667'),
(2, 28, '1321, 469, 1383, 475, 1388, 511, 1378, 523, 1366, 530, 1346, 533, 1329, 531, 1317, 510, 1311, 487'),
(2, 30, '1105, 470, 1120, 466, 1129, 465, 1143, 465, 1153, 466, 1162, 473, 1165, 478, 1168, 485, 1172, 503, 1173, 509, 1171, 513, 1165, 515, 1160, 519, 1158, 520, 1150, 527, 1140, 531, 1132, 531, 1122, 531, 1111, 529, 1103, 523, 1100, 513, 1100, 509, 1097, 490, 1097, 489, 1098, 483'),
(1, 15, '583, 672.5, 591, 670.5, 602, 666.5, 610, 662.5, 614, 655.5, 620, 646.5, 623, 637.5, 623, 630.5, 623, 623.5, 618, 612.5, 618, 606.5, 613, 602.5, 603, 596.5, 593, 593.5, 588, 592.5, 574, 593.5, 563, 597.5, 554, 604.5, 550, 609.5, 546, 616.5, 544, 635.5, 545, 645.5, 547, 652.5, 551, 657.5, 560, 663.5, 567, 666.5, 580, 669.5, 580, 672.5, 592, 667.5, 598, 665.5'),
(1, 17, '393, 530.3333, 405, 531.3333, 418, 539.3333, 428, 548.3333, 432, 556.3333, 433, 565.3333, 432, 574.3333, 432, 581.3333, 423, 592.3333, 418, 600.3333, 406, 605.3333, 398, 608.3333, 387, 608.3333, 373, 602.3333, 365, 600.3333, 359, 593.3333, 354, 584.3333, 354, 570.3333, 355, 562.3333, 358, 553.3333, 361, 545.3333, 369, 540.3333, 372, 538.3333, 377, 533.3333, 392, 529.3333, 392, 529.3333'),
(1, 19, '252, 530.3333, 271, 540.3333, 288, 570.3333, 278, 596.3333, 252, 610.3333, 227, 604.3333, 215, 591.3333, 208, 570.3333, 214, 550.3333, 233, 535.3333'),
(4, 59, '1840, 192, 1849, 188, 1858, 189, 1869, 194, 1879, 195, 1899, 213, 1900, 217, 1900, 235, 1897, 239, 1876, 257, 1855, 258, 1850, 256, 1843, 250, 1839, 245, 1835, 240, 1830, 237, 1828, 228, 1827, 223, 1826, 215, 1824, 207, 1830, 204, 1839, 199, 1841, 196, 1844, 194, 1849, 191, 1855, 191'),
(4, 60, '1641, 197, 1649, 194, 1658, 191, 1664, 189, 1670, 189, 1672, 189, 1679, 190, 1684, 193, 1689, 196, 1692, 199, 1698, 201, 1702, 206, 1707, 226, 1707, 233, 1705, 241, 1661, 256, 1656, 256, 1651, 251, 1649, 247, 1642, 238, 1639, 235, 1636, 228, 1636, 223, 1636, 207, 1642, 198, 1645, 197, 1650, 194'),
(4, 62, '1448, 201, 1455, 196, 1479, 193, 1491, 197, 1493, 203, 1495, 207, 1498, 222, 1499, 224, 1491, 252, 1483, 254, 1477, 254, 1465, 253, 1460, 253, 1456, 250, 1451, 246, 1444, 242, 1441, 235, 1439, 230, 1439, 214, 1440, 211, 1449, 198'),
(4, 61, '1849, 526, 1855, 523, 1857, 522, 1870, 523, 1874, 526, 1879, 527, 1888, 536, 1888, 538, 1889, 539, 1898, 545, 1901, 550, 1902, 564, 1902, 568, 1899, 575, 1896, 580, 1893, 584, 1886, 589, 1883, 590, 1877, 593, 1872, 595, 1862, 596, 1859, 595, 1856, 594, 1854, 592, 1851, 591, 1844, 588, 1842, 584, 1837, 580, 1836, 577, 1836, 576, 1833, 573, 1833, 568, 1832, 568, 1827, 548, 1825, 542, 1825, 539, 1830, 538, 1834, 538, 1836, 537, 1844, 536, 1852, 532'),
(4, 63, '1559, 494, 1567, 493, 1575, 497, 1579, 497, 1580, 498, 1583, 501, 1589, 508, 1595, 510, 1596, 512, 1602, 532, 1593, 552, 1589, 558, 1584, 562, 1581, 564, 1562, 566, 1558, 567, 1552, 566, 1541, 561, 1539, 560, 1535, 553, 1533, 549, 1531, 547, 1530, 543, 1526, 541, 1525, 535, 1526, 531, 1526, 527, 1526, 527, 1527, 522, 1531, 519, 1533, 513, 1534, 509, 1537, 508, 1540, 503, 1543, 498, 1544, 498, 1549, 497, 1556, 496, 1559, 496'),
(4, 64, '1266, 188, 1291, 187, 1295, 187, 1299, 189, 1301, 197, 1305, 199, 1310, 204, 1313, 210, 1314, 214, 1315, 221, 1315, 223, 1315, 226, 1315, 228, 1313, 235, 1311, 241, 1309, 248, 1306, 251, 1302, 253, 1288, 259, 1285, 259, 1279, 259, 1274, 259, 1269, 257, 1269, 257, 1263, 254, 1261, 253, 1262, 242, 1257, 250, 1254, 247, 1246, 242, 1244, 237, 1243, 228, 1243, 224, 1243, 215, 1244, 210, 1247, 204, 1247, 202, 1250, 199, 1260, 193, 1260, 192'),
(4, 68, '871, 195, 884, 189, 894, 182, 905, 181, 920, 190, 925, 201, 930, 209, 930, 222, 930, 233, 930, 239, 913, 252, 909, 255, 893, 258, 885, 258, 874, 250, 868, 246, 860, 246, 869, 243, 868, 239, 863, 230, 863, 221, 863, 212, 865, 203, 868, 201'),
(4, 66, '1091, 193, 1104, 190, 1110, 190, 1115, 188, 1128, 190, 1130, 191, 1139, 196, 1141, 200, 1147, 227, 1137, 246, 1135, 251, 1122, 253, 1116, 255, 1107, 256, 1097, 254, 1093, 252, 1084, 238, 1081, 234, 1078, 228, 1075, 221, 1075, 214, 1075, 210, 1075, 208'),
(4, 67, '1125, 444, 1132, 441, 1140, 441, 1153, 443, 1161, 445, 1168, 448, 1177, 462, 1180, 488, 1180, 492, 1176, 500, 1174, 502, 1157, 509, 1138, 513, 1129, 509, 1125, 505, 1121, 497, 1118, 494, 1115, 490, 1114, 485, 1112, 477, 1111, 472, 1112, 462, 1116, 456, 1118, 455, 1125, 453, 1127, 453'),
(5, 75, '2079, 190, 2120, 232, 2084, 271, 2039, 229, 2078, 191'),
(4, 65, '1340, 449, 1353, 445, 1364, 445, 1373, 448, 1383, 450, 1391, 456, 1396, 467, 1398, 475, 1392, 497, 1385, 502, 1368, 510, 1352, 507, 1346, 506, 1343, 504, 1335, 497, 1331, 489, 1330, 484, 1328, 472, 1328, 464, 1329, 458, 1333, 458, 1335, 458'),
(4, 57, '2075, 200, 2080, 198, 2100, 193, 2117, 202, 2125, 210, 2127, 216, 2108, 255, 2092, 255, 2086, 252, 2066, 229, 2066, 227, 2069, 215, 2073, 211, 2076, 204, 2076, 201, 2076, 201'),
(4, 58, '2090, 535, 2100, 530, 2104, 530, 2120, 531, 2145, 547, 2148, 552, 2148, 557, 2147, 572, 2146, 577, 2139, 585, 2133, 589, 2118, 594, 2097, 589, 2093, 585, 2082, 576, 2082, 569, 2092, 535, 2099, 532, 2104, 531'),
(4, 72, '360, 475, 377, 469, 380, 469, 398, 472, 404, 476, 409, 479, 413, 485, 414, 490, 420, 507, 420, 512, 415, 522, 410, 522, 403, 527, 401, 533, 383, 536, 363, 532, 350, 512, 348, 503, 348, 499, 350, 491, 356, 478, 359, 475, 375, 470, 376, 470, 381, 471'),
(5, 76, '2088, 526.5, 2113, 531.5, 2125, 541.5, 2134, 568.5, 2130, 583.5, 2091, 608.5, 2064, 594.5, 2052, 576.5, 2053, 555.5, 2059, 545.5, 2069, 534.5, 2083, 532.5'),
(4, 74, '215, 474, 221, 474, 225, 473, 232, 471, 244, 470, 244, 470, 251, 469, 259, 478, 265, 483, 272, 495, 272, 502, 273, 512, 273, 518, 270, 522, 266, 525, 251, 535, 250, 535, 242, 538, 223, 537, 219, 535, 206, 520, 202, 511, 202, 495, 206, 486, 210, 482, 212, 481, 215, 477'),
(5, 77, '1845, 189.5, 1865, 195.5, 1883, 215.5, 1881, 228.5, 1881, 241.5, 1873, 258.5, 1857, 266.5, 1840, 270.5, 1824, 265.5, 1823, 264.5, 1812, 256.5, 1810, 254.5, 1809, 249.5, 1808, 242.5, 1806, 238.5, 1805, 231.5, 1802, 225.5, 1803, 222.5, 1805, 215.5, 1819, 199.5, 1821, 195.5, 1829, 190.5, 1842, 185.5'),
(4, 70, '561, 534, 588, 534, 594, 537, 598, 539, 598, 540, 607, 547, 610, 573, 600, 586, 593, 589, 582, 594, 571, 595, 566, 595, 561, 595, 551, 590, 548, 586, 546, 581, 543, 572, 540, 562, 539, 559, 538, 550, 541, 545, 549, 538, 552, 535'),
(4, 69, '713, 199, 727, 192, 743, 192, 751, 193, 757, 195, 765, 202, 766, 208, 767, 215, 769, 221, 767, 224, 758, 245, 758, 249, 732, 257, 716, 251, 711, 245, 710, 242, 707, 237, 704, 231, 703, 227, 705, 218, 705, 215, 705, 212, 708, 202, 712, 201, 720, 197, 723, 194, 723, 194'),
(5, 78, '1647, 189.5, 1654, 189.5, 1657, 192.5, 1669, 199.5, 1670, 199.5, 1674, 201.5, 1684, 221.5, 1687, 224.5, 1689, 227.5, 1687, 240.5, 1681, 252.5, 1681, 254.5, 1664, 268.5, 1661, 269.5, 1654, 269.5, 1648, 268.5, 1644, 268.5, 1635, 264.5, 1634, 264.5, 1626, 260.5, 1617, 250.5, 1594, 243.5, 1612, 247.5, 1612, 246.5, 1612, 234.5, 1612, 231.5, 1610, 222.5, 1611, 219.5, 1614, 213.5, 1620, 204.5, 1622, 202.5, 1624, 199.5, 1625, 196.5, 1628, 194.5, 1632, 193.5, 1634, 192.5, 1638, 190.5, 1641, 189.5, 1643, 188.5, 1647, 188.5, 1649, 188.5, 1654, 188.5'),
(3, 39, '2096, 168.6, 2113, 173.6, 2125, 187.6, 2130, 206.6, 2123, 231.6, 2109, 243.6, 2078, 245.6, 2058, 231.6, 2050, 212.6, 2054, 195.6, 2059, 182.6, 2068, 174.6, 2080, 168.6, 2098, 170.6'),
(5, 80, '1453, 189.5, 1454, 188.5, 1464, 189.5, 1469, 193.5, 1491, 211.5, 1498, 231.5, 1492, 236.5, 1445, 266.5, 1433, 265.5, 1426, 263.5, 1423, 259.5, 1419, 256.5, 1414, 239.5, 1413, 228.5, 1414, 210.5, 1418, 203.5, 1419, 200.5, 1426, 200.5, 1434, 198.5, 1465, 192.5'),
(4, 71, '431, 193, 444, 188, 453, 188, 459, 188, 468, 188, 475, 196, 482, 205, 485, 215, 485, 223, 485, 234, 480, 241, 479, 243, 467, 256, 459, 257, 445, 258, 439, 257, 425, 251, 420, 243, 418, 239, 416, 233, 411, 226, 411, 219, 411, 215, 413, 206, 418, 200, 421, 197, 425, 196, 428, 194'),
(5, 82, '1258.3333, 271.5, 1262.3333, 269.5, 1290.3333, 259.5, 1292.3333, 254.5, 1295.3333, 245.5, 1297.3333, 232.5, 1297.3333, 210.5, 1296.3333, 209.5, 1291.3333, 203.5, 1286.3333, 199.5, 1282.3333, 198.5, 1281.3333, 196.5, 1274.3333, 193.5, 1272.3333, 192.5, 1267.3333, 191.5, 1265.3333, 191.5, 1253.3333, 191.5, 1246.3333, 192.5, 1242.3333, 193.5, 1240.3333, 193.5, 1230.3333, 199.5, 1228.3333, 209.5, 1225.3333, 206.5, 1223.3333, 206.5, 1221.3333, 211.5, 1221.3333, 214.5, 1220.3333, 224.5, 1220.3333, 225.5, 1220.3333, 227.5, 1220.3333, 231.5, 1221.3333, 234.5, 1222.3333, 238.5, 1237.3333, 261.5, 1248.3333, 264.5, 1248.3333, 264.5, 1260.3333, 264.5, 1268.3333, 264.5, 1276.3333, 265.5, 1284.3333, 266.5'),
(4, 73, '200, 188, 214, 186, 224, 186, 235, 194, 244, 201, 250, 217, 249, 224, 248, 234, 243, 242, 236, 254, 227, 257, 215, 259, 206, 258, 197, 256, 189, 250, 181, 244, 176, 235, 178, 221, 178, 210, 186, 198, 194, 190, 208, 188'),
(3, 40, '2106, 504.2, 2127, 509.2, 2135, 515.2, 2142, 524.2, 2148, 536.2, 2148, 545.2, 2147, 553.2, 2145, 561.2, 2137, 574.2, 2127, 582.2, 2106, 585.2, 2093, 583.2, 2085, 576.2, 2078, 572.2, 2071, 559.2, 2070, 528.2, 2074, 516.2, 2082, 512.2, 2094, 506.2, 2107, 503.2'),
(5, 84, '1089.3333, 269.5, 1099.3333, 266.5, 1109.3333, 263.5, 1122.3333, 256.5, 1127.3333, 243.5, 1129.3333, 238.5, 1128.3333, 225.5, 1126.3333, 210.5, 1117.3333, 200.5, 1114.3333, 196.5, 1103.3333, 193.5, 1103.3333, 193.5, 1097.3333, 191.5, 1095.3333, 191.5, 1091.3333, 194.5, 1085.3333, 192.5, 1080.3333, 193.5, 1076.3333, 194.5, 1074.3333, 195.5, 1069.3333, 198.5, 1065.3333, 199.5, 1063.3333, 201.5, 1056.3333, 211.5, 1054.3333, 214.5, 1051.3333, 219.5, 1047.3333, 236.5, 1050.3333, 238.5, 1062.3333, 259.5, 1065.3333, 259.5, 1072.3333, 264.5, 1084.3333, 268.5, 1105.3333, 273.5, 1109.3333, 264.5, 1112.3333, 263.5, 1115.3333, 251.5'),
(6, 100, '1113, 196, 1119, 196, 1126, 197, 1130, 200, 1140, 204, 1144, 206, 1147, 214, 1149, 219, 1153, 233, 1150, 247, 1136, 256, 1133, 259, 1112, 267, 1105, 264, 1100, 263, 1098, 262, 1091, 257, 1088, 254, 1084, 247, 1082, 241, 1080, 231, 1080, 229, 1080, 224, 1082, 212, 1088, 212, 1094, 206, 1099, 200'),
(6, 104, '428, 206, 444, 199, 449, 198, 460, 198, 464, 198, 476, 202, 481, 209, 485, 214, 485, 217, 488, 221, 488, 226, 491, 238, 492, 241, 491, 247, 485, 248, 482, 252, 475, 258, 471, 262, 465, 263, 458, 266, 449, 268, 443, 268, 436, 266, 433, 262, 428, 256, 427, 255, 426, 252, 423, 246, 417, 242, 417, 235, 417, 229, 417, 226, 417, 223, 417, 217, 421, 214, 426, 207, 435, 201, 438, 201'),
(3, 43, '1856, 505.2, 1874, 511.2, 1884, 516.2, 1890, 525.2, 1896, 540.2, 1894, 559.2, 1887, 572.2, 1878, 580.2, 1862, 586.2, 1836, 582.2, 1823, 570.2, 1816, 544.2, 1822, 523.2, 1837, 508.2, 1858, 503.2, 1866, 504.2'),
(5, 85, '1129.3333, 442.5, 1123.3333, 442.5, 1122.3333, 442.5, 1115.3333, 442.5, 1089.3333, 469.5, 1087.3333, 499.5, 1092.3333, 504.5, 1097.3333, 510.5, 1102.3333, 512.5, 1107.3333, 518.5, 1112.3333, 520.5, 1122.3333, 523.5, 1132.3333, 521.5, 1143.3333, 519.5, 1167.3333, 500.5, 1166.3333, 479.5, 1165.3333, 473.5, 1157.3333, 455.5'),
(6, 106, '202, 202, 218, 202, 226, 201, 236, 206, 237, 206, 239, 206, 243, 216, 244, 221, 246, 230, 247, 244, 247, 248, 238, 256, 235, 260, 229, 261, 225, 263, 218, 263, 213, 263, 207, 263, 203, 262, 197, 259, 196, 258, 195, 256, 190, 253, 186, 250, 185, 246, 183, 239, 183, 231, 183, 229, 184, 216, 185, 214, 188, 208, 191, 205, 193, 203, 197, 200, 203, 198, 203, 198, 207, 198'),
(3, 45, '1554, 477.2, 1576, 483.2, 1593, 500.2, 1597, 525.2, 1586, 548.2, 1572, 556.2, 1541, 555.2, 1521, 540.2, 1516, 516.2, 1521, 496.2, 1535, 481.2, 1550, 477.2, 1562, 477.2'),
(6, 105, '378, 479, 394, 477, 398, 477, 405, 483, 411, 486, 415, 492, 416, 493, 423, 501, 424, 507, 425, 523, 422, 530, 419, 532, 413, 538, 410, 539, 395, 547, 389, 547, 384, 547, 380, 547, 378, 547, 372, 544, 366, 543, 362, 543, 357, 532, 355, 525, 355, 519, 355, 515, 355, 509, 352, 495, 357, 491, 366, 485, 368, 485'),
(6, 107, '254, 474, 263, 482, 267, 488, 277, 505, 277, 517, 276, 518, 275, 520, 273, 526, 273, 534, 268, 537, 265, 538, 251, 544, 246, 544, 236, 542, 232, 541, 225, 540, 222, 538, 217, 535, 212, 530, 207, 522, 206, 517, 206, 510, 207, 504, 212, 497, 214, 491, 217, 487, 223, 484, 225, 484'),
(6, 103, '554, 542, 567, 538, 577, 538, 582, 538, 587, 539, 593, 544, 602, 548, 606, 550, 610, 559, 613, 564, 616, 571, 616, 577, 613, 583, 612, 586, 607, 592, 601, 598, 598, 601, 591, 603, 584, 604, 573, 606, 565, 606, 558, 605, 553, 599, 552, 596, 550, 592, 547, 586, 545, 582, 543, 577, 541, 572, 540, 567, 538, 560, 540, 555, 547, 552, 550, 551, 562, 543'),
(5, 83, '1343.3333, 443.5, 1327.3333, 446.5, 1304.3333, 501.5, 1322.3333, 518.5, 1365.3333, 517.5, 1374.3333, 506.5, 1380.3333, 484.5, 1379.3333, 467.5, 1365.3333, 451.5'),
(3, 41, '1859, 166.6, 1880, 175.6, 1894, 192.6, 1895, 218.6, 1882, 238.6, 1857, 248.6, 1827, 238.6, 1814, 208.6, 1821, 186.6, 1835, 174.6, 1862, 167.6'),
(6, 102, '807, 466, 812, 463, 817, 462, 830, 459, 833, 459, 849, 459, 854, 461, 857, 462, 861, 468, 867, 478, 868, 482, 871, 500, 869, 506, 864, 510, 859, 512, 847, 520, 841, 521, 831, 521, 831, 521, 816, 517, 813, 516, 807, 508, 803, 503, 800, 493, 800, 486, 800, 480, 800, 478, 800, 474, 805, 471, 807, 468, 813, 462, 816, 458, 817, 458'),
(6, 101, '1119, 468, 1121, 461, 1129, 459, 1129, 459, 1135, 457, 1137, 457, 1138, 456, 1139, 456, 1146, 457, 1155, 455, 1157, 455, 1167, 455, 1171, 456, 1174, 458, 1178, 463, 1184, 470, 1185, 476, 1188, 494, 1188, 495, 1185, 503, 1181, 506, 1176, 510, 1172, 512, 1168, 515, 1164, 517, 1154, 521, 1153, 521, 1141, 521, 1135, 521, 1133, 517, 1132, 515, 1127, 512, 1125, 510, 1120, 506, 1117, 500, 1116, 494, 1115, 488, 1113, 483, 1117, 469, 1121, 466, 1126, 456, 1132, 454, 1135, 454'),
(3, 42, '1660, 167.6, 1684, 174.6, 1701, 196.6, 1703, 219.6, 1690, 238.6, 1670, 248.6, 1646, 244.6, 1631, 237.6, 1623, 218.6, 1624, 194.6, 1638, 178.6, 1654, 169.6, 1674, 170.6'),
(6, 91, '2083, 200, 2110, 197, 2125, 200, 2131, 210, 2135, 212, 2137, 229, 2137, 234, 2122, 262, 2117, 263, 2107, 264, 2104, 265, 2091, 264, 2090, 262, 2085, 258, 2077, 253, 2076, 249, 2069, 240, 2069, 234, 2069, 228, 2070, 221, 2073, 214, 2076, 208, 2081, 204, 2087, 200, 2088, 198, 2091, 198'),
(5, 81, '1541.6667, 498.8, 1557.6667, 500.8, 1565.6667, 503.8, 1571.6667, 510.8, 1583.6667, 529.8, 1526.6667, 577.8, 1522.6667, 572.8, 1518.6667, 567.8, 1508.6667, 560.8, 1502.6667, 552.8, 1498.6667, 540.8, 1505.6667, 525.8, 1510.6667, 517.8, 1526.6667, 504.8, 1540.6667, 498.8, 1544.6667, 497.8'),
(6, 99, '1354, 450, 1364, 448, 1371, 448, 1374, 449, 1384, 455, 1387, 457, 1393, 463, 1397, 466, 1402, 473, 1402, 479, 1402, 486, 1402, 491, 1398, 500, 1394, 506, 1387, 516, 1387, 517, 1377, 517, 1370, 517, 1355, 520, 1351, 517, 1349, 513, 1340, 507, 1339, 506, 1336, 500, 1333, 491, 1331, 487, 1331, 482, 1332, 474, 1335, 470, 1339, 462, 1340, 462, 1345, 458, 1355, 452, 1358, 452, 1361, 452'),
(3, 44, '1466, 169.6, 1489, 175.6, 1502, 189.6, 1506, 206.6, 1507, 211.6, 1502, 226.6, 1496, 238.6, 1482, 246.6, 1463, 250.6, 1442, 242.6, 1433, 229.6, 1426, 215.6, 1426, 202.6, 1428, 192.6, 1437, 179.6, 1446, 174.6, 1459, 167.6'),
(6, 92, '2101, 536, 2113, 534, 2119, 534, 2126, 534, 2132, 538, 2139, 542, 2154, 559, 2153, 560, 2151, 577, 2149, 582, 2145, 587, 2134, 596, 2113, 598, 2106, 598, 2100, 595, 2088, 584, 2088, 582, 2086, 578, 2085, 572, 2084, 569, 2083, 564, 2084, 557, 2084, 554, 2085, 553, 2103, 536, 2109, 535, 2112, 534, 2119, 533, 2123, 533'),
(5, 79, '1845.6667, 525.3, 1865.6667, 531.3, 1875.6667, 539.3, 1880.6667, 547.3, 1885.6667, 572.3, 1883.6667, 578.3, 1870.6667, 597.3, 1866.6667, 600.3, 1860.6667, 602.3, 1857.6667, 605.3, 1849.6667, 605.3, 1833.6667, 605.3, 1828.6667, 604.3, 1815.6667, 599.3, 1814.6667, 593.3, 1809.6667, 590.3, 1805.6667, 582.3, 1805.6667, 579.3, 1802.6667, 570.3, 1802.6667, 565.3, 1804.6667, 555.3, 1805.6667, 550.3, 1807.6667, 544.3, 1812.6667, 539.3, 1815.6667, 537.3, 1819.6667, 535.3, 1826.6667, 530.3, 1839.6667, 525.3, 1848.6667, 525.3'),
(6, 93, '1862, 195, 1880, 196, 1887, 199, 1893, 206, 1903, 230, 1902, 237, 1893, 246, 1890, 254, 1890, 257, 1888, 262, 1882, 264, 1873, 268, 1871, 268, 1861, 267, 1856, 265, 1846, 260, 1844, 258, 1838, 248, 1834, 242, 1833, 239, 1832, 229, 1832, 225, 1834, 219, 1834, 219, 1839, 216, 1841, 213, 1848, 201, 1854, 200, 1864, 198, 1864, 198'),
(3, 46, '1270, 168.6, 1286, 170.6, 1295, 176.6, 1305, 185.6, 1311, 199.6, 1311, 214.6, 1308, 228.6, 1298, 242.6, 1288, 247.6, 1274, 247.6, 1257, 245.6, 1243, 236.6, 1236, 222.6, 1233, 210.6, 1233, 201.6, 1236, 192.6, 1239, 185.6, 1242, 182.6, 1250, 174.6, 1256, 171.6, 1264, 167.6, 1278, 167.6'),
(6, 94, '1655, 198, 1659, 195, 1664, 195, 1680, 196, 1693, 201, 1693, 203, 1707, 210, 1710, 217, 1709, 230, 1707, 245, 1702, 251, 1696, 255, 1688, 260, 1678, 267, 1676, 267, 1669, 264, 1663, 263, 1659, 262, 1650, 260, 1645, 254, 1642, 249, 1640, 245, 1638, 240, 1637, 233, 1637, 229, 1637, 223, 1644, 211, 1649, 208, 1666, 198, 1670, 198, 1675, 198, 1676, 198'),
(6, 95, '1861, 529, 1875, 530, 1878, 532, 1886, 536, 1890, 539, 1896, 544, 1901, 551, 1905, 565, 1905, 569, 1903, 579, 1902, 584, 1900, 587, 1898, 588, 1892, 591, 1886, 595, 1881, 597, 1878, 598, 1865, 600, 1860, 600, 1856, 600, 1849, 599, 1845, 595, 1840, 590, 1838, 587, 1837, 584, 1833, 574, 1833, 565, 1833, 564, 1833, 562, 1833, 556, 1835, 551, 1836, 549, 1838, 546, 1849, 537, 1851, 536, 1864, 532, 1870, 533, 1870, 533'),
(3, 47, '1348, 422.6, 1358, 423.6, 1375, 428.6, 1384, 434.6, 1391, 445.6, 1394, 456.6, 1394, 466.6, 1393, 478.6, 1385, 489.6, 1377, 495.6, 1364, 500.6, 1354, 502.6, 1340, 499.6, 1330, 494.6, 1323, 489.6, 1316, 477.6, 1314, 462.6, 1316, 451.6, 1319, 445.6, 1326, 435.6, 1333, 430.6, 1342, 424.6, 1354, 422.6, 1368, 425.6'),
(6, 96, '1460, 196, 1467, 193, 1485, 198, 1498, 203, 1502, 204, 1508, 212, 1510, 215, 1512, 223, 1514, 240, 1514, 244, 1508, 248, 1501, 252, 1496, 256, 1492, 258, 1478, 263, 1476, 263, 1471, 263, 1464, 260, 1458, 258, 1457, 257, 1452, 253, 1447, 248, 1445, 243, 1444, 240, 1442, 235, 1442, 229, 1441, 225, 1444, 220, 1445, 214, 1447, 212, 1450, 206, 1452, 205, 1462, 196'),
(7, 108, '2070, 172.8333, 2081, 172.8333, 2087, 176.8333, 2101, 183.8333, 2105, 188.8333, 2108, 195.8333, 2109, 200.8333, 2113, 211.8333, 2111, 215.8333, 2108, 226.8333, 2106, 232.8333, 2098, 239.8333, 2090, 245.8333, 2086, 250.8333, 2077, 250.8333, 2067, 252.8333, 2058, 250.8333, 2048, 243.8333, 2036, 235.8333, 2035, 226.8333, 2030, 217.8333, 2032, 205.8333, 2034, 196.8333, 2041, 186.8333, 2043, 182.8333, 2048, 178.8333, 2054, 176.8333, 2069, 172.8333, 2081, 172.8333, 2064, 173.8333'),
(6, 97, '1580, 504, 1592, 508, 1594, 511, 1597, 517, 1600, 520, 1607, 534, 1603, 544, 1603, 548, 1599, 554, 1593, 564, 1591, 567, 1587, 570, 1583, 572, 1575, 573, 1570, 573, 1567, 573, 1565, 573, 1561, 573, 1557, 571, 1555, 570, 1552, 568, 1551, 565, 1547, 562, 1551, 571, 1541, 565, 1539, 558, 1537, 557, 1536, 552, 1534, 548, 1534, 543, 1534, 538, 1534, 536, 1533, 527, 1536, 521, 1546, 511, 1554, 509, 1559, 509, 1580, 513'),
(3, 48, '1102, 169.6, 1113, 170.6, 1127, 174.6, 1140, 186.6, 1144, 197.6, 1144, 209.6, 1142, 222.6, 1137, 233.6, 1130, 239.6, 1119, 244.6, 1112, 247.6, 1100, 248.6, 1089, 246.6, 1078, 238.6, 1070, 230.6, 1066, 215.6, 1066, 198.6, 1070, 190.6, 1077, 179.6, 1085, 174.6, 1098, 170.6'),
(6, 98, '1282, 194, 1296, 195, 1300, 200, 1305, 203, 1316, 219, 1317, 225, 1320, 238, 1309, 253, 1306, 255, 1300, 258, 1286, 261, 1281, 262, 1275, 261, 1265, 256, 1263, 254, 1260, 250, 1256, 243, 1254, 239, 1254, 231, 1254, 224, 1254, 211, 1258, 208, 1264, 202, 1269, 202'),
(7, 109, '2087, 509.8333, 2091, 508.8333, 2095, 509.8333, 2100, 509.8333, 2105, 515.8333, 2110, 517.8333, 2115, 524.8333, 2119, 528.8333, 2122, 533.8333, 2123, 542.8333, 2124, 549.8333, 2118, 559.8333, 2124, 558.8333, 2122, 567.8333, 2118, 571.8333, 2117, 572.8333, 2115, 575.8333, 2111, 578.8333, 2108, 581.8333, 2100, 583.8333, 2098, 584.8333, 2093, 587.8333, 2089, 587.8333, 2067, 587.8333, 2062, 585.8333, 2070, 583.8333, 2069, 581.8333, 2063, 582.8333, 2063, 582.8333, 2055, 577.8333, 2052, 573.8333, 2049, 572.8333, 2047, 562.8333, 2047, 557.8333, 2048, 547.8333, 2044, 550.8333, 2045, 546.8333, 2045, 538.8333, 2047, 534.8333, 2050, 527.8333, 2051, 525.8333, 2054, 521.8333, 2058, 519.8333, 2060, 517.8333, 2068, 513.8333, 2071, 512.8333, 2073, 512.8333, 2086, 507.8333, 2096, 508.8333, 2096, 508.8333'),
(3, 49, '1140, 421.6, 1161, 428.6, 1173, 439.6, 1178, 450.6, 1181, 466.6, 1176, 478.6, 1170, 490.6, 1148, 502.6, 1126, 502.6, 1115, 494.6, 1106, 485.6, 1099, 466.6, 1100, 451.6, 1104, 444.6, 1114, 434.6, 1126, 423.6, 1146, 423.6'),
(7, 112, '1837, 508.8333, 1841, 508.8333, 1847, 508.8333, 1854, 512.8333, 1861, 516.8333, 1864, 520.8333, 1868, 527.8333, 1871, 530.8333, 1873, 534.8333, 1875, 539.8333, 1876, 550.8333, 1876, 553.8333, 1875, 559.8333, 1873, 567.8333, 1870, 572.8333, 1868, 575.8333, 1864, 577.8333, 1863, 577.8333, 1859, 577.8333, 1856, 582.8333, 1854, 582.8333, 1848, 586.8333, 1848, 587.8333, 1844, 587.8333, 1843, 587.8333, 1837, 589.8333, 1830, 588.8333, 1823, 586.8333, 1820, 583.8333, 1811, 581.8333, 1803, 573.8333, 1798, 567.8333, 1795, 552.8333, 1798, 544.8333, 1798, 539.8333, 1798, 533.8333, 1819, 514.8333, 1828, 511.8333, 1831, 510.8333, 1834, 507.8333, 1839, 507.8333, 1839, 507.8333'),
(3, 50, '888.4, 168.2, 902.4, 169.2, 916.4, 177.2, 925.4, 189.2, 929.4, 207.2, 925.4, 224.2, 923.4, 234.2, 915.4, 240.2, 907.4, 247.2, 892.4, 248.2, 877.4, 248.2, 865.4, 240.2, 854.4, 228.2, 850.4, 216.2, 848.4, 200.2, 855.4, 188.2, 860.4, 180.2, 868.4, 173.2, 877.4, 168.2, 892.4, 168.2'),
(8, 137, '696, 194, 706, 192, 711, 190, 724, 194, 734, 198, 743, 201, 746, 212, 749, 219, 747, 229, 745, 237, 742, 249, 737, 254, 730, 258, 725, 261, 703, 264, 696, 263, 689, 259, 685, 256, 682, 249, 680, 248, 678, 243, 675, 238, 674, 234, 672, 231, 672, 228, 673, 220, 673, 214, 676, 210, 679, 207, 681, 204, 686, 199, 692, 193, 693, 193, 698, 191, 700, 191, 706, 190, 711, 190, 717, 191, 727, 191, 741, 201, 750, 224, 743, 248, 727, 263, 696, 264'),
(8, 136, '783, 453, 795, 452, 800, 452, 819, 453, 825, 455, 830, 458, 833, 461, 835, 467, 839, 492, 832, 514, 829, 516, 817, 522, 806, 523, 799, 524, 795, 524, 788, 520, 785, 517, 780, 512, 777, 509, 771, 502, 770, 500, 767, 488, 767, 479, 767, 473, 767, 470, 770, 467, 777, 461, 786, 456, 789, 455, 792, 453, 796, 452, 797, 452'),
(3, 51, '732.4, 168.2, 750.4, 175.2, 760.4, 185.2, 765.4, 200.2, 765.4, 223.2, 757.4, 234.2, 746.4, 245.2, 728.4, 249.2, 712.4, 247.2, 704.4, 242.2, 692.4, 231.2, 687.4, 213.2, 687.4, 196.2, 694.4, 184.2, 703.4, 175.2, 716.4, 169.2, 721.4, 168.2, 740.4, 169.2'),
(8, 138, '529, 537, 541, 533, 555, 534, 559, 534, 558, 536, 568, 539, 574, 541, 577, 545, 585, 557, 585, 563, 585, 563, 585, 568, 584, 571, 582, 583, 581, 584, 578, 588, 576, 592, 573, 596, 571, 597, 563, 599, 560, 602, 556, 602, 553, 603, 545, 603, 541, 603, 537, 603, 534, 602, 528, 600, 525, 598, 524, 594, 521, 590, 519, 588, 517, 586, 516, 586, 514, 584, 512, 578, 512, 574, 512, 573, 512, 566, 512, 565, 513, 559, 514, 554, 517, 550, 519, 546, 522, 543, 528, 541, 532, 535, 533, 534, 538, 533, 541, 531, 541, 531, 544, 531'),
(3, 53, '434.4, 169.2, 449.4, 168.2, 461.4, 173.2, 471.4, 180.2, 476.4, 190.2, 481.4, 218.2, 477.4, 231.2, 467.4, 240.2, 458.4, 248.2, 448.4, 250.2, 412.4, 236.2, 404.4, 224.2, 401.4, 212.2, 401.4, 201.2, 407.4, 190.2, 416.4, 178.2, 428.4, 172.2, 439.4, 169.2, 452.4, 169.2'),
(8, 139, '396, 203, 404, 200, 414, 195, 416, 195, 421, 193, 426, 193, 430, 193, 435, 194, 436, 194, 444, 197, 449, 199, 452, 202, 455, 203, 459, 209, 460, 210, 460, 211, 461, 221, 461, 222, 462, 230, 462, 233, 462, 238, 462, 241, 460, 242, 458, 245, 455, 248, 450, 251, 447, 254, 444, 257, 439, 260, 433, 262, 433, 262, 430, 262, 418, 262, 418, 262, 414, 262, 412, 260, 411, 260, 406, 260, 405, 259, 404, 256, 397, 253, 396, 252, 395, 250, 392, 244, 392, 244, 391, 242, 390, 239, 389, 236, 388, 232, 387, 229, 387, 227, 387, 221, 387, 221, 387, 217, 390, 211, 391, 209, 392, 208, 399, 203, 400, 201, 404, 198, 406, 196, 408, 196'),
(7, 110, '1831, 172.8333, 1851, 175.8333, 1859, 178.8333, 1864, 182.8333, 1865, 243.8333, 1863, 246.8333, 1859, 247.8333, 1855, 248.8333, 1848, 249.8333, 1848, 250.8333, 1839, 252.8333, 1835, 252.8333, 1829, 251.8333, 1810, 247.8333, 1807, 242.8333, 1805, 240.8333, 1802, 233.8333, 1801, 230.8333, 1798, 227.8333, 1796, 221.8333, 1795, 217.8333, 1801, 189.8333, 1803, 183.8333, 1815, 175.8333'),
(7, 111, '1643, 174.8333, 1648, 174.8333, 1657, 174.8333, 1663, 179.8333, 1673, 187.8333, 1676, 192.8333, 1681, 205.8333, 1681, 220.8333, 1678, 226.8333, 1672, 241.8333, 1670, 242.8333, 1667, 244.8333, 1649, 250.8333, 1645, 251.8333, 1627, 250.8333, 1622, 246.8333, 1619, 244.8333, 1616, 243.8333, 1613, 240.8333, 1613, 239.8333, 1608, 236.8333, 1605, 232.8333, 1604, 231.8333, 1603, 227.8333, 1601, 217.8333, 1601, 209.8333, 1601, 206.8333, 1601, 202.8333, 1602, 198.8333, 1604, 194.8333, 1605, 191.8333, 1609, 188.8333, 1613, 185.8333, 1617, 182.8333, 1619, 177.8333, 1622, 177.8333, 1628, 175.8333, 1631, 174.8333, 1638, 173.8333, 1647, 172.8333, 1647, 172.8333'),
(3, 52, '565.4, 512.2, 576.4, 513.2, 590.4, 519.2, 598.4, 528.2, 604.4, 540.2, 606.4, 561.2, 596.4, 576.2, 585.4, 587.2, 572.4, 589.2, 556.4, 591.2, 546.4, 588.2, 536.4, 580.2, 529.4, 568.2, 526.4, 556.2, 526.4, 538.2, 532.4, 525.2, 544.4, 519.2, 554.4, 512.2, 571.4, 512.2'),
(8, 141, '189, 187, 200, 187, 212, 193, 223, 206, 228, 224, 225, 228, 222, 232, 222, 235, 222, 239, 222, 242, 216, 248, 214, 251, 212, 254, 211, 257, 208, 258, 201, 261, 200, 263, 197, 263, 195, 263, 191, 263, 185, 263, 183, 263, 182, 263, 176, 262, 171, 261, 171, 260, 170, 258, 170, 256, 170, 256, 169, 259, 167, 257, 165, 257, 162, 257, 160, 253, 158, 252, 157, 245, 157, 243, 155, 241, 154, 239, 152, 234, 151, 230, 152, 221, 153, 216, 155, 212, 155, 211, 156, 207, 158, 203, 161, 202, 168, 197, 169, 195, 172, 193, 174, 192, 176, 191, 179, 191, 179, 191'),
(34, 526, '2071, 204, 2079, 196, 2085, 193, 2091, 191, 2097, 189, 2107, 188, 2115, 189, 2122, 192, 2129, 195, 2136, 199, 2140, 206, 2142, 212, 2142, 219, 2142, 223, 2142, 231, 2141, 236, 2140, 242, 2132, 251, 2126, 256, 2121, 259, 2111, 262, 2099, 263, 2090, 263, 2086, 262, 2077, 256, 2072, 250, 2071, 248, 2069, 240, 2067, 234, 2066, 225, 2071, 203'),
(34, 527, '2078, 562, 2078, 561, 2077, 547, 2077, 540, 2079, 536, 2088, 531, 2092, 529, 2101, 527, 2108, 522, 2114, 522, 2125, 523, 2132, 524, 2138, 527, 2148, 531, 2151, 535, 2152, 538, 2154, 546, 2155, 553, 2156, 560, 2156, 564, 2156, 571, 2155, 578, 2153, 581, 2132, 591, 2121, 594, 2111, 595, 2098, 592, 2094, 588, 2084, 578, 2081, 571'),
(8, 134, '1123, 442, 1129, 442, 1132, 443, 1134, 445, 1136, 447, 1142, 449, 1145, 450, 1151, 453, 1153, 455, 1154, 458, 1155, 462, 1157, 467, 1158, 470, 1159, 477, 1160, 478, 1160, 479, 1160, 483, 1160, 486, 1160, 489, 1158, 493, 1155, 501, 1150, 506, 1148, 507, 1147, 509, 1142, 513, 1139, 514, 1136, 516, 1131, 517, 1125, 517, 1125, 517, 1116, 517, 1113, 516, 1108, 515, 1106, 514, 1100, 510, 1096, 507, 1094, 506, 1091, 504, 1088, 498, 1088, 497, 1085, 491, 1085, 487, 1082, 484, 1082, 479, 1083, 477, 1084, 474, 1085, 474, 1086, 473, 1086, 470, 1089, 466, 1090, 462, 1092, 460, 1094, 456, 1097, 452, 1097, 452, 1100, 451, 1103, 449, 1104, 447, 1106, 447, 1107, 447, 1115, 447, 1116, 447, 1118, 446, 1121, 445, 1122, 445, 1125, 445'),
(7, 113, '1446, 172.8333, 1446, 172.8333, 1450, 172.8333, 1467, 175.8333, 1474, 185.8333, 1475, 186.8333, 1485, 201.8333, 1474, 241.8333, 1467, 245.8333, 1455, 249.8333, 1446, 251.8333, 1436, 252.8333, 1434, 252.8333, 1428, 251.8333, 1426, 247.8333, 1420, 245.8333, 1417, 242.8333, 1412, 237.8333, 1405, 231.8333, 1406, 222.8333, 1406, 215.8333, 1406, 211.8333, 1406, 205.8333, 1406, 202.8333, 1408, 196.8333, 1408, 193.8333, 1412, 188.8333, 1414, 186.8333, 1418, 183.8333, 1421, 179.8333, 1423, 177.8333, 1427, 176.8333, 1432, 174.8333, 1437, 173.8333'),
(34, 528, '1829, 217, 1831, 212, 1831, 205, 1836, 200, 1840, 198, 1844, 192, 1852, 188, 1855, 187, 1858, 186, 1861, 186, 1864, 185, 1867, 184, 1872, 183, 1878, 183, 1881, 183, 1885, 186, 1889, 188, 1895, 191, 1898, 194, 1902, 199, 1905, 203, 1908, 209, 1909, 214, 1910, 220, 1909, 227, 1905, 234, 1903, 238, 1897, 244, 1891, 248, 1886, 252, 1869, 259, 1852, 257, 1849, 256, 1839, 249, 1834, 242, 1832, 235, 1827, 226, 1826, 217, 1829, 204, 1832, 199'),
(8, 133, '1075, 192, 1083, 191, 1090, 191, 1095, 192, 1099, 194, 1109, 196, 1119, 211, 1125, 223, 1124, 226, 1123, 232, 1120, 236, 1119, 241, 1118, 244, 1115, 248, 1111, 251, 1109, 254, 1101, 259, 1100, 259, 1092, 261, 1087, 262, 1083, 262, 1080, 262, 1076, 261, 1074, 259, 1067, 257, 1066, 256, 1063, 253, 1060, 250, 1058, 247, 1056, 245, 1054, 240, 1052, 236, 1051, 233, 1051, 230, 1049, 224, 1049, 222, 1049, 216, 1052, 210, 1056, 208, 1060, 205, 1063, 202, 1068, 200, 1074, 195, 1077, 192, 1080, 191, 1081, 191'),
(7, 114, '1538, 480.8333, 1543, 480.8333, 1552, 483.8333, 1555, 487.8333, 1565, 493.8333, 1569, 505.8333, 1571, 507.8333, 1572, 517.8333, 1573, 529.8333, 1574, 533.8333, 1574, 536.8333, 1573, 538.8333, 1571, 540.8333, 1569, 542.8333, 1565, 546.8333, 1564, 546.8333, 1555, 551.8333, 1552, 553.8333, 1550, 554.8333, 1543, 557.8333, 1532, 562.8333, 1525, 562.8333, 1520, 559.8333, 1512, 553.8333, 1511, 549.8333, 1511, 550.8333, 1511, 551.8333, 1506, 547.8333, 1504, 543.8333, 1504, 541.8333, 1503, 537.8333, 1499, 535.8333, 1498, 534.8333, 1495, 529.8333, 1493, 522.8333, 1493, 517.8333, 1493, 514.8333, 1496, 508.8333, 1503, 501.8333, 1505, 497.8333, 1507, 494.8333, 1525, 484.8333, 1530, 483.8333, 1536, 482.8333'),
(34, 529, '1825, 558, 1825, 547, 1831, 538, 1835, 533, 1842, 527, 1848, 524, 1852, 523, 1859, 522, 1865, 520, 1871, 520, 1877, 521, 1885, 523, 1890, 524, 1896, 527, 1900, 534, 1901, 541, 1904, 547, 1907, 550, 1907, 554, 1901, 577, 1896, 582, 1891, 589, 1887, 594, 1884, 595, 1876, 596, 1868, 597, 1860, 597, 1853, 591, 1849, 588, 1845, 583, 1842, 578, 1836, 569'),
(8, 125, '2070, 194, 2074, 194, 2095, 199, 2095, 199, 2099, 200, 2101, 203, 2101, 206, 2101, 209, 2104, 212, 2114, 224, 2114, 228, 2112, 231, 2109, 234, 2106, 237, 2106, 242, 2104, 246, 2100, 253, 2098, 255, 2094, 256, 2069, 262, 2067, 262, 2054, 260, 2051, 258, 2049, 255, 2042, 246, 2037, 239, 2035, 237, 2036, 230, 2039, 226, 2039, 221, 2041, 217, 2045, 211, 2050, 204, 2056, 200, 2064, 193, 2068, 193'),
(34, 530, '1245, 215, 1246, 206, 1253, 197, 1261, 193, 1270, 190, 1275, 188, 1281, 187, 1289, 185, 1302, 190, 1314, 195, 1317, 201, 1322, 211, 1323, 212, 1324, 216, 1325, 225, 1325, 230, 1325, 235, 1321, 241, 1314, 247, 1309, 252, 1305, 256, 1297, 260, 1288, 261, 1281, 262, 1268, 261, 1260, 257, 1253, 250, 1249, 243, 1247, 239, 1244, 227, 1246, 208, 1253, 189'),
(3, 54, '375, 448.2, 390, 450.2, 402, 458.2, 410, 470.2, 418, 480.2, 416, 496.2, 413, 510.2, 409, 520.2, 398, 525.2, 387, 532.2, 374, 532.2, 355, 525.2, 344, 520.2, 342, 507.2, 338, 481.2, 341, 468.2, 350, 460.2, 360, 452.2, 369, 448.2, 378, 448.2, 388, 450.2'),
(7, 115, '1249, 172.8333, 1252, 171.8333, 1254, 172.8333, 1257, 172.8333, 1259, 172.8333, 1262, 172.8333, 1263, 172.8333, 1265, 174.8333, 1268, 176.8333, 1271, 177.8333, 1273, 178.8333, 1276, 181.8333, 1277, 182.8333, 1279, 184.8333, 1280, 186.8333, 1287, 192.8333, 1289, 199.8333, 1292, 216.8333, 1292, 224.8333, 1290, 227.8333, 1289, 229.8333, 1283, 237.8333, 1282, 240.8333, 1282, 240.8333, 1279, 242.8333, 1275, 244.8333, 1275, 244.8333, 1273, 246.8333, 1271, 247.8333, 1271, 248.8333, 1269, 250.8333, 1268, 250.8333, 1268, 250.8333, 1266, 250.8333, 1264, 250.8333, 1263, 251.8333, 1263, 251.8333, 1261, 251.8333, 1257, 252.8333, 1257, 252.8333, 1252, 252.8333, 1238, 252.8333, 1234, 247.8333, 1234, 247.8333, 1229, 247.8333, 1226, 244.8333, 1225, 242.8333, 1223, 239.8333, 1221, 237.8333, 1218, 234.8333, 1218, 232.8333, 1214, 228.8333, 1212, 226.8333, 1212, 218.8333, 1212, 213.8333, 1213, 202.8333, 1213, 199.8333, 1215, 195.8333, 1217, 192.8333, 1219, 189.8333, 1222, 187.8333, 1230, 181.8333, 1233, 179.8333, 1239, 175.8333, 1243, 174.8333, 1248, 173.8333, 1252, 172.8333, 1253, 172.8333, 1259, 172.8333'),
(8, 132, '1335, 444, 1341, 444, 1344, 444, 1350, 448, 1354, 450, 1358, 453, 1358, 453, 1366, 462, 1370, 467, 1370, 472, 1370, 478, 1370, 482, 1368, 485, 1365, 499, 1364, 503, 1352, 510, 1346, 512, 1332, 515, 1326, 514, 1322, 513, 1314, 506, 1312, 506, 1310, 505, 1307, 500, 1305, 494, 1304, 493, 1302, 489, 1300, 483, 1300, 481, 1300, 474, 1301, 470, 1303, 466, 1304, 464, 1312, 457, 1314, 453, 1336, 445, 1338, 449, 1340, 450'),
(34, 531, '1325, 472, 1328, 461, 1332, 453, 1340, 447, 1348, 442, 1362, 440, 1371, 438, 1377, 438, 1383, 438, 1389, 445, 1395, 448, 1399, 450, 1403, 458, 1405, 470, 1406, 477, 1406, 485, 1406, 494, 1397, 502, 1393, 505, 1389, 509, 1384, 512, 1378, 513, 1365, 515, 1351, 515, 1340, 510, 1334, 504, 1328, 494, 1325, 485, 1326, 471, 1332, 459, 1340, 452'),
(3, 56, '219, 450.2, 241, 450.2, 255, 456.2, 263, 463.2, 272, 484.2, 272, 500.2, 262, 516.2, 254, 523.2, 234, 531.2, 224, 531.2, 206, 524.2, 198, 514.2, 193, 504.2, 190, 494.2, 190, 482.2, 190, 472.2, 198, 465.2, 206, 456.2, 214, 452.2, 225, 448.2'),
(7, 116, '1332, 428, 1332, 428, 1332, 428, 1333, 428, 1344, 429, 1347, 429, 1357, 433, 1358, 435, 1361, 440, 1366, 447, 1367, 448, 1369, 456, 1370, 458, 1367, 482, 1365, 484, 1362, 488, 1358, 493, 1344, 500, 1323, 502, 1318, 502, 1308, 501, 1304, 496, 1303, 493, 1302, 489, 1296, 472, 1295, 467, 1295, 457, 1301, 451, 1302, 447, 1303, 442, 1308, 438, 1324, 430, 1325, 429'),
(34, 532, '1075, 232, 1076, 222, 1077, 215, 1081, 209, 1085, 203, 1089, 196, 1095, 190, 1101, 186, 1108, 183, 1114, 182, 1121, 183, 1126, 185, 1142, 190, 1146, 194, 1153, 203, 1156, 208, 1159, 219, 1159, 226, 1157, 235, 1147, 248, 1142, 254, 1137, 258, 1128, 261, 1123, 261, 1109, 262, 1102, 260, 1092, 253, 1087, 248, 1081, 238, 1080, 230, 1077, 218, 1086, 201, 1094, 191, 1096, 189'),
(8, 126, '2092, 525, 2100, 527, 2112, 533, 2115, 536, 2122, 548, 2124, 552, 2125, 560, 2125, 567, 2123, 573, 2116, 586, 2110, 590, 2101, 597, 2099, 597, 2095, 597, 2088, 597, 2081, 597, 2074, 594, 2070, 593, 2065, 590, 2061, 586, 2058, 582, 2055, 577, 2055, 572, 2055, 567, 2055, 565, 2055, 558, 2055, 553, 2055, 547, 2059, 542, 2062, 539, 2066, 536, 2072, 532, 2081, 530, 2085, 528, 2089, 525, 2093, 525, 2094, 526'),
(34, 533, '1111, 473, 1114, 461, 1116, 456, 1123, 448, 1128, 446, 1136, 440, 1139, 439, 1145, 438, 1151, 438, 1163, 438, 1168, 438, 1180, 444, 1184, 449, 1187, 453, 1189, 459, 1189, 466, 1190, 471, 1193, 482, 1193, 489, 1188, 495, 1183, 500, 1179, 505, 1173, 508, 1166, 513, 1156, 515, 1147, 515, 1140, 511, 1136, 509, 1129, 508, 1124, 506, 1119, 500, 1118, 496, 1115, 487, 1115, 476, 1115, 472, 1119, 455, 1127, 446'),
(3, 55, '188, 171.6, 202, 167.6, 214, 168.6, 226, 171.6, 236, 179.6, 240, 188.6, 246, 199.6, 246, 218.6, 240, 232.6, 228, 240.6, 218, 247.6, 207, 249.6, 194, 247.6, 182, 241.6, 174, 233.6, 168, 217.6, 165, 202.6, 166, 193.6, 171, 182.6, 180, 177.6, 186, 171.6, 196, 167.6'),
(8, 129, '1842, 525, 1851, 525, 1853, 527, 1854, 528, 1865, 536, 1867, 541, 1873, 547, 1874, 548, 1874, 554, 1874, 561, 1875, 567, 1877, 573, 1874, 578, 1872, 580, 1868, 583, 1865, 585, 1862, 591, 1858, 592, 1855, 594, 1850, 595, 1844, 598, 1834, 598, 1832, 598, 1827, 598, 1819, 598, 1816, 596, 1813, 592, 1809, 587, 1806, 582, 1805, 578, 1803, 575, 1801, 569, 1801, 561, 1801, 555, 1802, 551, 1808, 544, 1810, 539, 1811, 537, 1818, 533, 1824, 530, 1829, 529, 1836, 528, 1840, 528'),
(34, 534, '538, 577, 536, 567, 535, 558, 538, 546, 540, 544, 547, 537, 550, 533, 555, 530, 562, 530, 567, 528, 571, 528, 576, 528, 586, 528, 597, 533, 615, 538, 609, 539, 613, 545, 616, 557, 616, 564, 617, 574, 609, 591, 606, 593, 594, 599, 589, 602, 574, 605, 562, 603, 556, 598, 547, 595, 542, 591, 539, 585, 535, 575, 533, 563, 538, 549, 547, 545'),
(7, 117, '1083.8333, 172, 1089.8333, 171, 1095.8333, 174, 1099.8333, 175, 1102.8333, 175, 1118.8333, 191, 1123.8333, 197, 1122.8333, 215, 1117.8333, 236, 1111.8333, 240, 1103.8333, 246, 1100.8333, 249, 1099.8333, 249, 1087.8333, 252, 1085.8333, 252, 1083.8333, 252, 1074.8333, 252, 1065.8333, 248, 1063.8333, 247, 1058.8333, 244, 1054.8333, 243, 1053.8333, 243, 1050.8333, 238, 1048.8333, 236, 1048.8333, 232, 1044.8333, 227, 1042.8333, 221, 1041.8333, 217, 1040.8333, 212, 1040.8333, 205, 1040.8333, 202, 1043.8333, 199, 1045.8333, 195, 1047.8333, 192, 1051.8333, 190, 1056.8333, 186, 1078.8333, 173, 1079.8333, 173'),
(8, 127, '1825, 194, 1833, 192, 1838, 191, 1844, 193, 1849, 195, 1864, 201, 1868, 206, 1868, 207, 1870, 211, 1872, 215, 1874, 220, 1872, 241, 1869, 244, 1865, 247, 1863, 252, 1861, 256, 1851, 263, 1838, 263, 1835, 263, 1828, 263, 1823, 263, 1818, 260, 1815, 255, 1812, 250, 1809, 247, 1807, 244, 1806, 239, 1803, 232, 1801, 226, 1801, 223, 1801, 215, 1803, 210, 1805, 204, 1807, 204, 1811, 200, 1818, 196, 1824, 192, 1830, 192, 1831, 192, 1842, 189'),
(34, 535, '414, 231, 411, 218, 413, 211, 418, 204, 425, 194, 429, 191, 439, 186, 445, 184, 452, 183, 464, 183, 473, 188, 486, 193, 490, 201, 497, 213, 499, 225, 497, 231, 493, 237, 486, 248, 481, 254, 477, 257, 469, 260, 455, 263, 444, 263, 432, 259, 426, 255, 422, 250, 419, 239, 415, 230, 419, 203'),
(8, 128, '1639, 189, 1643, 189, 1649, 189, 1652, 190, 1665, 196, 1668, 198, 1670, 203, 1675, 208, 1677, 213, 1681, 218, 1681, 222, 1680, 239, 1678, 244, 1675, 248, 1674, 249, 1672, 251, 1666, 254, 1661, 257, 1661, 257, 1652, 259, 1648, 259, 1641, 259, 1640, 259, 1634, 260, 1631, 260, 1627, 259, 1624, 258, 1622, 255, 1620, 253, 1618, 253, 1617, 248, 1615, 243, 1613, 241, 1613, 239, 1613, 239, 1613, 236, 1610, 228, 1610, 225, 1610, 220, 1611, 216, 1613, 213, 1614, 207, 1615, 202, 1619, 198, 1621, 197, 1627, 194, 1641, 191, 1646, 189, 1646, 189, 1650, 189, 1651, 189, 1651, 189'),
(34, 536, '350, 503, 349, 492, 355, 485, 362, 480, 373, 473, 382, 470, 393, 469, 401, 469, 409, 471, 414, 475, 420, 484, 423, 489, 424, 495, 425, 503, 427, 510, 426, 517, 417, 523, 409, 531, 401, 539, 391, 541, 377, 541, 368, 541, 362, 536, 355, 529, 349, 518, 348, 502, 355, 482'),
(8, 130, '1427, 195, 1440, 195, 1442, 194, 1454, 194, 1459, 198, 1463, 198, 1475, 205, 1479, 210, 1481, 214, 1484, 231, 1484, 236, 1484, 240, 1482, 243, 1472, 253, 1469, 255, 1462, 260, 1458, 261, 1453, 262, 1451, 262, 1445, 262, 1439, 262, 1436, 262, 1432, 257, 1430, 255, 1427, 253, 1424, 250, 1420, 247, 1417, 244, 1414, 239, 1413, 232, 1413, 227, 1413, 225, 1414, 215, 1418, 208, 1420, 205, 1424, 200, 1431, 195, 1436, 193'),
(34, 537, '179, 235, 176, 224, 177, 209, 184, 198, 189, 192, 200, 184, 204, 183, 212, 180, 220, 180, 232, 182, 239, 185, 244, 189, 249, 195, 257, 210, 258, 220, 256, 231, 252, 241, 246, 252, 239, 257, 227, 262, 207, 265, 195, 263, 179, 240'),
(7, 118, '1116.8333, 428, 1116.8333, 428, 1118.8333, 428, 1123.8333, 428, 1134.8333, 428, 1137.8333, 431, 1141.8333, 435, 1145.8333, 441, 1148.8333, 445, 1157.8333, 454, 1148.8333, 493, 1137.8333, 500, 1128.8333, 508, 1122.8333, 508, 1119.8333, 508, 1115.8333, 508, 1115.8333, 508, 1106.8333, 507, 1103.8333, 506, 1095.8333, 502, 1089.8333, 497, 1088.8333, 497, 1087.8333, 495, 1084.8333, 492, 1083.8333, 489, 1081.8333, 486, 1080.8333, 484, 1079.8333, 481, 1079.8333, 481, 1078.8333, 477, 1077.8333, 474, 1077.8333, 474, 1077.8333, 469, 1077.8333, 467, 1077.8333, 463, 1077.8333, 459, 1077.8333, 457, 1078.8333, 454, 1079.8333, 452, 1082.8333, 449, 1086.8333, 446, 1087.8333, 444, 1091.8333, 437, 1093.8333, 435, 1101.8333, 429, 1105.8333, 427, 1108.8333, 427, 1119.8333, 427, 1120.8333, 427, 1123.8333, 427'),
(8, 131, '1246, 191, 1252, 191, 1258, 191, 1263, 192, 1264, 196, 1270, 196, 1271, 197, 1278, 201, 1279, 201, 1283, 202, 1289, 212, 1290, 217, 1291, 221, 1290, 236, 1288, 241, 1288, 243, 1286, 246, 1283, 248, 1278, 252, 1273, 256, 1269, 260, 1266, 262, 1264, 263, 1255, 263, 1251, 263, 1248, 263, 1248, 261, 1242, 259, 1240, 259, 1238, 255, 1236, 254, 1230, 253, 1229, 251, 1225, 247, 1223, 245, 1221, 241, 1219, 236, 1218, 230, 1218, 226, 1218, 221, 1218, 218, 1221, 211, 1223, 208, 1225, 203, 1228, 202, 1232, 199, 1237, 196, 1242, 194, 1252, 189, 1255, 189, 1255, 189'),
(34, 538, '201, 516, 203, 505, 208, 494, 214, 484, 227, 471, 236, 467, 247, 465, 255, 467, 261, 468, 270, 473, 278, 481, 279, 487, 280, 496, 281, 504, 281, 512, 276, 521, 272, 529, 264, 538, 260, 541, 248, 544, 239, 544, 226, 542, 219, 534, 211, 529, 207, 516, 206, 502, 204, 494'),
(8, 135, '864, 194, 881, 191, 886, 192, 891, 194, 907, 205, 910, 223, 910, 228, 908, 244, 904, 247, 899, 252, 894, 254, 882, 258, 882, 258, 877, 258, 862, 258, 862, 258, 856, 257, 849, 254, 846, 249, 841, 238, 840, 234, 840, 232, 840, 224, 839, 217, 838, 213, 840, 206, 843, 204, 851, 197, 855, 194, 859, 193'),
(8, 140, '341, 474, 347, 471, 353, 470, 371, 476, 375, 477, 380, 480, 386, 482, 386, 482, 390, 489, 392, 496, 394, 502, 394, 507, 394, 513, 394, 518, 392, 524, 387, 527, 386, 530, 365, 546, 361, 546, 342, 542, 335, 538, 333, 535, 329, 534, 321, 510, 321, 506, 336, 483, 340, 477, 343, 475, 345, 474, 350, 474'),
(7, 119, '802.8333, 431, 802.8333, 431, 802.8333, 431, 802.8333, 431, 803.8333, 431, 813.8333, 432, 818.8333, 435, 820.8333, 437, 825.8333, 441, 831.8333, 444, 835.8333, 453, 837.8333, 455, 839.8333, 458, 840.8333, 460, 841.8333, 463, 842.8333, 473, 842.8333, 480, 839.8333, 488, 838.8333, 489, 836.8333, 490, 834.8333, 492, 831.8333, 496, 828.8333, 498, 823.8333, 507, 823.8333, 508, 822.8333, 508, 816.8333, 508, 813.8333, 510, 811.8333, 511, 800.8333, 511, 798.8333, 511, 790.8333, 511, 788.8333, 510, 779.8333, 505, 770.8333, 495, 766.8333, 492, 766.8333, 490, 766.8333, 488, 765.8333, 486, 765.8333, 484, 759.8333, 479, 759.8333, 474, 759.8333, 470, 759.8333, 470, 759.8333, 470, 759.8333, 469, 761.8333, 461, 765.8333, 454, 766.8333, 451, 767.8333, 447, 767.8333, 447, 769.8333, 445, 769.8333, 445, 769.8333, 445, 769.8333, 445, 769.8333, 445, 769.8333, 445, 769.8333, 445, 769.8333, 445, 759.8333, 475, 761.8333, 463, 763.8333, 459, 764.8333, 453, 766.8333, 450, 778.8333, 437, 799.8333, 430'),
(8, 142, '203, 473, 223, 473, 227, 474, 241, 479, 244, 493, 247, 495, 252, 515, 250, 520, 247, 525, 242, 529, 238, 530, 230, 533, 227, 539, 224, 542, 220, 542, 198, 540, 197, 539, 188, 532, 187, 531, 183, 528, 178, 521, 176, 511, 176, 507, 178, 500, 180, 495, 184, 488, 189, 482, 192, 478, 198, 477'),
(5, 87, '415, 193.6, 439, 191.6, 454, 198.6, 465, 209.6, 469, 222.6, 467, 242.6, 462, 256.6, 453, 261.6, 444, 268.6, 428, 271.6, 416, 268.6, 404, 259.6, 394, 249.6, 390, 234.6, 390, 219.6, 396, 206.6, 402, 199.6, 415, 193.6, 434, 188.6'),
(5, 89, '183, 189.6, 202, 189.6, 210, 193.6, 218, 198.6, 226, 210.6, 191, 190.6, 204, 191.6, 214, 197.6, 223, 204.6, 231, 216.6, 234, 232.6, 230, 246.6, 223, 257.6, 213, 266.6, 202, 270.6, 187, 270.6, 169, 263.6, 157, 251.6, 153, 222.6, 155, 209.6, 165, 196.6, 173, 191.6, 178, 190.6, 199, 188.6');
INSERT INTO `tbl_unit_siteplan` (`id_siteplan`, `id_unit`, `coords`) VALUES
(7, 120, '544.8333, 515, 546.8333, 515, 548.8333, 515, 558.8333, 517, 579.8333, 537, 583.8333, 539, 583.8333, 545, 569.8333, 587, 558.8333, 592, 545.8333, 593, 537.8333, 593, 521.8333, 590, 518.8333, 587, 516.8333, 584, 515.8333, 581, 512.8333, 576, 508.8333, 573, 508.8333, 570, 506.8333, 564, 505.8333, 561, 504.8333, 553, 504.8333, 548, 504.8333, 544, 508.8333, 533, 524.8333, 526, 536.8333, 517'),
(10, 173, '402, 167, 407, 168, 414, 168, 414, 168, 420, 170, 429, 175, 434, 177, 436, 178, 444, 186, 444, 187, 445, 192, 445, 197, 445, 204, 445, 209, 443, 215, 443, 219, 441, 222, 440, 227, 438, 228, 435, 231, 431, 234, 429, 234, 423, 239, 419, 241, 419, 242, 414, 243, 408, 243, 403, 244, 398, 244, 396, 244, 389, 240, 387, 239, 386, 237, 385, 235, 378, 230, 378, 230, 371, 225, 371, 222, 368, 217, 366, 212, 366, 208, 366, 205, 370, 197, 371, 194, 375, 188, 377, 182, 382, 176, 387, 174'),
(7, 122, '355.8333, 453, 358.8333, 452, 377.8333, 459, 379.8333, 463, 382.8333, 467, 387.8333, 471, 391.8333, 482, 393.8333, 495, 393.8333, 500, 393.8333, 502, 388.8333, 511, 388.8333, 513, 388.8333, 513, 387.8333, 515, 385.8333, 517, 384.8333, 517, 380.8333, 522, 375.8333, 527, 368.8333, 532, 361.8333, 533, 358.8333, 533, 353.8333, 532, 353.8333, 532, 338.8333, 531, 338.8333, 530, 338.8333, 530, 335.8333, 528, 328.8333, 523, 327.8333, 522, 325.8333, 519, 323.8333, 517, 321.8333, 473, 321.8333, 470, 325.8333, 467, 332.8333, 467, 336.8333, 460, 338.8333, 458, 360.8333, 453, 366.8333, 452'),
(10, 174, '337, 452, 337, 452, 342, 451, 345, 451, 351, 455, 354, 455, 357, 456, 360, 458, 360, 458, 375, 463, 376, 471, 379, 476, 379, 481, 377, 485, 376, 490, 374, 495, 373, 498, 372, 503, 371, 507, 367, 512, 362, 515, 356, 517, 351, 519, 346, 521, 341, 523, 333, 520, 329, 518, 323, 516, 318, 514, 317, 513, 311, 507, 309, 502, 305, 482, 306, 474, 307, 467, 310, 464, 315, 462, 321, 459, 326, 456, 332, 456, 336, 456'),
(10, 175, '173, 170, 188, 174, 189, 176, 191, 178, 193, 181, 200, 190, 202, 197, 203, 201, 203, 207, 203, 221, 200, 226, 197, 229, 193, 233, 188, 236, 180, 238, 176, 238, 170, 239, 163, 239, 160, 238, 154, 236, 151, 235, 148, 233, 144, 230, 143, 229, 140, 226, 137, 224, 133, 216, 132, 209, 132, 204, 132, 201, 137, 194, 138, 192, 148, 178, 154, 178, 167, 172, 179, 172'),
(7, 121, '421.8333, 173, 421.8333, 173, 432.8333, 173, 448.8333, 185, 450.8333, 187, 452.8333, 189, 455.8333, 192, 458.8333, 199, 458.8333, 203, 458.8333, 228, 453.8333, 236, 453.8333, 237, 450.8333, 240, 449.8333, 241, 449.8333, 241, 443.8333, 245, 436.8333, 250, 428.8333, 250, 413.8333, 252, 411.8333, 252, 406.8333, 249, 404.8333, 248, 403.8333, 247, 393.8333, 244, 392.8333, 244, 388.8333, 240, 384.8333, 234, 383.8333, 232, 383.8333, 227, 381.8333, 224, 380.8333, 220, 380.8333, 212, 380.8333, 210, 380.8333, 206, 380.8333, 202, 385.8333, 194, 387.8333, 192, 389.8333, 191, 394.8333, 185, 406.8333, 177, 414.8333, 173, 417.8333, 172, 417.8333, 172'),
(10, 171, '684, 172, 687, 172, 694, 172, 694, 172, 697, 172, 700, 172, 702, 172, 706, 174, 709, 177, 714, 177, 720, 182, 721, 183, 723, 186, 726, 190, 726, 194, 728, 201, 729, 206, 729, 212, 728, 213, 728, 216, 726, 223, 726, 223, 723, 228, 719, 231, 717, 234, 707, 239, 694, 243, 690, 243, 682, 239, 676, 237, 675, 236, 668, 232, 666, 231, 663, 226, 660, 221, 659, 218, 658, 212, 657, 205, 657, 202, 657, 197, 659, 194, 660, 188, 662, 183, 666, 180, 673, 175, 675, 175, 686, 171, 689, 171'),
(10, 169, '856, 168, 861, 168, 866, 168, 872, 170, 882, 177, 885, 177, 887, 182, 889, 191, 892, 195, 892, 198, 893, 202, 893, 208, 892, 214, 891, 219, 887, 229, 883, 233, 876, 236, 872, 239, 866, 240, 860, 240, 853, 242, 847, 242, 845, 242, 840, 241, 832, 236, 829, 236, 824, 223, 823, 216, 822, 211, 817, 203, 822, 201, 825, 196, 826, 192, 827, 191, 832, 183, 833, 181, 840, 177, 846, 176'),
(5, 86, '546, 531.6, 561, 531.6, 574, 536.6, 580, 542.6, 588, 551.6, 591, 566.6, 593, 574.6, 590, 586.6, 586, 596.6, 579, 602.6, 569, 608.6, 558, 610.6, 547, 613.6, 531, 606.6, 520, 597.6, 514, 586.6, 512, 571.6, 512, 561.6, 518, 548.6, 526, 538.6, 534, 536.6, 544, 533.6, 555, 530.6'),
(10, 170, '794, 431, 800, 431, 803, 431, 810, 440, 816, 442, 818, 443, 821, 449, 822, 456, 823, 467, 823, 468, 823, 473, 819, 480, 818, 482, 814, 486, 812, 491, 809, 493, 798, 498, 791, 498, 788, 498, 785, 498, 777, 498, 773, 496, 767, 494, 763, 491, 760, 485, 757, 481, 754, 479, 754, 475, 753, 472, 751, 466, 751, 461, 751, 455, 752, 453, 755, 452, 758, 447, 759, 446, 761, 443, 764, 439, 770, 434, 772, 432, 788, 432, 792, 434'),
(7, 123, '187, 173.3333, 193, 173.3333, 209, 178.3333, 212, 180.3333, 215, 183.3333, 218, 187.3333, 221, 194.3333, 223, 197.3333, 225, 209.3333, 217, 240.3333, 213, 243.3333, 210, 244.3333, 209, 245.3333, 209, 246.3333, 203, 246.3333, 195, 247.3333, 178, 251.3333, 163, 247.3333, 161, 245.3333, 158, 242.3333, 147, 228.3333, 145, 223.3333, 143, 221.3333, 143, 221.3333, 155, 186.3333, 168, 175.3333, 179, 172.3333, 180, 172.3333'),
(5, 88, '360, 470.6, 381, 474.6, 386, 478.6, 394, 483.6, 397, 489.6, 401, 498.6, 403, 510.6, 402, 519.6, 395, 534.6, 393, 541.6, 378, 548.6, 369, 549.6, 355, 550.6, 342, 542.6, 334, 538.6, 328, 529.6, 323, 511.6, 326, 496.6, 330, 487.6, 339, 474.6, 346, 474.6, 358, 472.6, 369, 471.6, 378, 473.6'),
(10, 172, '520, 515, 541, 515, 545, 517, 550, 518, 551, 520, 556, 521, 563, 536, 567, 542, 568, 546, 568, 552, 568, 557, 565, 563, 562, 565, 560, 569, 558, 571, 555, 573, 551, 576, 547, 579, 542, 580, 536, 581, 531, 582, 528, 582, 524, 582, 521, 582, 516, 581, 515, 580, 511, 576, 505, 574, 505, 574, 502, 570, 500, 565, 498, 562, 496, 559, 495, 553, 495, 550, 495, 546, 495, 539, 495, 536, 497, 533, 500, 527, 502, 525, 504, 523, 511, 516'),
(7, 124, '211, 456.3333, 213, 455.3333, 221, 456.3333, 226, 458.3333, 231, 461.3333, 243, 470.3333, 250, 488.3333, 250, 495.3333, 250, 497.3333, 250, 498.3333, 250, 500.3333, 248, 503.3333, 247, 503.3333, 239, 517.3333, 233, 523.3333, 232, 523.3333, 218, 528.3333, 200, 532.3333, 193, 530.3333, 191, 526.3333, 185, 523.3333, 183, 522.3333, 182, 518.3333, 177, 515.3333, 175, 511.3333, 173, 508.3333, 172, 503.3333, 172, 503.3333, 171, 498.3333, 170, 494.3333, 168, 489.3333, 168, 484.3333, 168, 481.3333, 171, 477.3333, 173, 473.3333, 175, 473.3333, 180, 470.3333, 184, 464.3333, 185, 462.3333, 187, 461.3333, 188, 461.3333, 190, 460.3333, 193, 458.3333, 198, 457.3333, 212, 454.3333, 216, 454.3333, 218, 454.3333'),
(10, 176, '189, 453, 198, 452, 200, 453, 211, 456, 223, 463, 227, 465, 230, 469, 233, 474, 233, 480, 234, 487, 234, 491, 234, 495, 232, 501, 231, 503, 229, 507, 223, 511, 218, 514, 215, 516, 202, 522, 200, 523, 197, 523, 192, 522, 186, 520, 182, 518, 180, 518, 179, 518, 174, 513, 170, 510, 167, 509, 164, 504, 163, 500, 159, 490, 158, 482, 160, 478, 162, 472, 164, 468, 165, 466, 170, 462, 174, 459, 180, 456, 187, 454, 188, 454, 189, 454, 194, 453, 198, 453, 198, 453, 198, 453'),
(5, 90, '210, 471.6, 223, 470.6, 233, 472.6, 242, 478.6, 251, 533.6, 245, 541.6, 242, 546.6, 214, 549.6, 192, 540.6, 182, 528.6, 178, 507.6, 182, 494.6, 185, 488.6, 189, 479.6, 194, 476.6, 205, 475.6'),
(10, 161, '2055, 171, 2065, 171, 2081, 174, 2087, 179, 2096, 201, 2096, 207, 2085, 231, 2077, 236, 2068, 239, 2062, 239, 2046, 240, 2039, 240, 2031, 232, 2029, 228, 2024, 219, 2023, 212, 2023, 206, 2021, 196, 2023, 189, 2024, 186, 2028, 182, 2034, 179, 2040, 176, 2046, 173'),
(10, 166, '1304, 427, 1308, 425, 1333, 428, 1339, 432, 1352, 435, 1352, 444, 1352, 452, 1352, 458, 1353, 464, 1353, 472, 1351, 479, 1348, 483, 1345, 485, 1341, 488, 1330, 493, 1320, 494, 1302, 493, 1296, 486, 1291, 481, 1287, 474, 1284, 466, 1284, 460, 1284, 454, 1284, 447, 1287, 442, 1291, 437, 1295, 432, 1299, 431'),
(10, 167, '1054, 172, 1062, 172, 1064, 172, 1071, 172, 1086, 174, 1092, 176, 1096, 182, 1100, 187, 1106, 205, 1106, 209, 1103, 217, 1100, 220, 1097, 226, 1090, 233, 1084, 235, 1077, 236, 1073, 239, 1071, 239, 1057, 237, 1054, 237, 1051, 235, 1045, 230, 1042, 226, 1036, 216, 1035, 206, 1035, 205, 1034, 199, 1034, 195, 1036, 190, 1042, 183, 1044, 181, 1048, 177, 1048, 177'),
(10, 168, '1087, 426, 1100, 425, 1103, 423, 1109, 423, 1112, 423, 1114, 424, 1119, 426, 1121, 427, 1126, 430, 1131, 434, 1133, 438, 1137, 447, 1142, 457, 1142, 463, 1142, 466, 1140, 472, 1140, 475, 1138, 478, 1132, 481, 1129, 485, 1127, 486, 1123, 491, 1119, 493, 1115, 494, 1109, 495, 1105, 495, 1098, 495, 1096, 495, 1093, 494, 1090, 492, 1087, 490, 1082, 487, 1081, 486, 1078, 484, 1078, 483, 1076, 480, 1074, 478, 1072, 476, 1072, 475, 1071, 469, 1071, 465, 1072, 459, 1073, 457, 1071, 450, 1071, 447, 1073, 443, 1080, 436, 1082, 434, 1085, 431, 1087, 429, 1087, 426, 1091, 425'),
(10, 162, '2060, 507, 2062, 506, 2066, 506, 2071, 506, 2084, 509, 2089, 511, 2096, 513, 2097, 514, 2102, 519, 2104, 523, 2106, 528, 2108, 533, 2109, 537, 2109, 542, 2107, 549, 2107, 555, 2105, 560, 2102, 564, 2101, 566, 2099, 568, 2092, 573, 2090, 575, 2088, 577, 2083, 578, 2077, 578, 2069, 578, 2065, 578, 2062, 578, 2062, 578, 2053, 573, 2052, 572, 2049, 569, 2046, 566, 2042, 562, 2041, 560, 2039, 557, 2038, 554, 2035, 552, 2035, 547, 2035, 544, 2035, 539, 2037, 535, 2038, 530, 2038, 527, 2040, 524, 2041, 520, 2043, 518, 2046, 514, 2048, 512, 2048, 510, 2053, 508, 2056, 508, 2060, 507, 2065, 507, 2067, 507, 2072, 507, 2077, 508, 2083, 509, 2084, 510, 2090, 513, 2091, 513, 2094, 515, 2096, 516, 2098, 521'),
(10, 164, '1806, 509, 1816, 506, 1819, 505, 1825, 505, 1834, 510, 1838, 512, 1842, 514, 1849, 519, 1851, 519, 1854, 523, 1860, 539, 1861, 546, 1857, 552, 1855, 555, 1854, 559, 1852, 563, 1850, 566, 1846, 568, 1842, 570, 1837, 573, 1833, 575, 1829, 577, 1823, 578, 1819, 578, 1814, 577, 1803, 571, 1803, 571, 1797, 566, 1793, 560, 1791, 557, 1788, 553, 1786, 547, 1785, 541, 1785, 536, 1785, 530, 1786, 527, 1790, 523, 1794, 519, 1796, 517, 1798, 516, 1802, 511, 1807, 509, 1810, 508, 1814, 508, 1818, 508, 1822, 508, 1823, 508, 1826, 508'),
(10, 163, '1811, 169, 1824, 169, 1842, 179, 1843, 179, 1846, 182, 1856, 190, 1856, 191, 1858, 209, 1858, 215, 1856, 222, 1852, 223, 1841, 234, 1837, 235, 1832, 236, 1818, 238, 1815, 238, 1809, 238, 1805, 237, 1799, 232, 1795, 227, 1793, 221, 1790, 214, 1789, 211, 1787, 205, 1787, 199, 1789, 192, 1791, 189, 1796, 185, 1802, 179, 1809, 176, 1810, 176'),
(10, 165, '1228, 169, 1241, 170, 1244, 172, 1251, 175, 1256, 177, 1261, 184, 1270, 195, 1274, 203, 1274, 203, 1274, 210, 1274, 217, 1273, 220, 1270, 222, 1268, 226, 1265, 229, 1264, 229, 1264, 230, 1264, 230, 1250, 237, 1250, 237, 1245, 238, 1239, 238, 1233, 238, 1232, 238, 1227, 235, 1227, 235, 1221, 234, 1217, 231, 1214, 227, 1213, 226, 1209, 222, 1206, 217, 1205, 215, 1202, 206, 1202, 204, 1202, 200, 1202, 191, 1204, 187, 1210, 181, 1216, 176, 1223, 172, 1229, 168, 1232, 168, 1241, 168'),
(9, 143, '2058.8, 169.2, 2073.8, 170.2, 2084.8, 175.2, 2090.8, 180.2, 2095.8, 189.2, 2100.8, 200.2, 2102.8, 214.2, 2097.8, 226.2, 2087.8, 237.2, 2081.8, 244.2, 2067.8, 247.2, 2056.8, 248.2, 2046.8, 248.2, 2037.8, 240.2, 2038.8, 242.2, 2031.8, 233.2, 2026.8, 223.2, 2021.8, 214.2, 2022.8, 200.2, 2025.8, 191.2, 2030.8, 184.2, 2040.8, 175.2, 2048.8, 172.2, 2064.8, 168.2, 2078.8, 171.2'),
(9, 144, '2074.8, 505.2, 2085.8, 505.2, 2093.8, 508.2, 2101.8, 513.2, 2108.8, 520.2, 2114.8, 533.2, 2114.8, 547.2, 2110.8, 561.2, 2090.8, 580.2, 2080.8, 587.2, 2066.8, 584.2, 2053.8, 579.2, 2042.8, 569.2, 2035.8, 552.2, 2036.8, 541.2, 2039.8, 529.2, 2046.8, 516.2, 2058.8, 508.2, 2066.8, 504.2, 2082.8, 504.2'),
(9, 145, '1834.8, 167.6, 1851.8, 174.6, 1858.8, 185.6, 1866.8, 200.6, 1867.8, 214.6, 1862.8, 225.6, 1860.8, 235.6, 1842.8, 242.6, 1822.8, 246.6, 1806.8, 244.6, 1796.8, 238.6, 1786.8, 224.6, 1784.8, 214.6, 1787.8, 200.6'),
(9, 146, '1622.8, 170.6, 1640.8, 169.6, 1650.8, 173.6, 1657.8, 178.6, 1663.8, 186.6, 1667.8, 194.6, 1670.8, 204.6, 1671.8, 216.6, 1669.8, 224.6, 1662.8, 233.6, 1653.8, 242.6, 1639.8, 246.6, 1626.8, 247.6, 1610.8, 242.6, 1602.8, 233.6, 1594.8, 222.6, 1590.8, 207.6, 1592.8, 197.6, 1597.8, 189.6, 1602.8, 181.6, 1607.8, 178.6, 1616.8, 173.6, 1622.8, 169.6, 1636.8, 169.6, 1644.8, 170.6'),
(11, 177, '2061, 172.8333, 2104, 215.8333, 2065, 253.8333, 2022, 215.8333'),
(9, 148, '1427.8, 167.6, 1441.8, 170.6, 1447.8, 169.6, 1456.8, 173.6, 1465.8, 181.6, 1470.8, 187.6, 1473.8, 196.6, 1474.8, 210.6, 1474.8, 221.6, 1462.8, 236.6, 1456.8, 242.6, 1445.8, 247.6, 1433.8, 248.6, 1423.8, 245.6, 1408.8, 236.6, 1403.8, 229.6, 1398.8, 220.6, 1395.8, 210.6, 1398.8, 196.6, 1404.8, 181.6, 1410.8, 177.6, 1417.8, 173.6, 1426.8, 170.6, 1438.8, 168.6'),
(11, 178, '2079, 509.8333, 2118, 552.8333, 2076, 590.8333, 2037, 551.8333'),
(11, 179, '1825, 171.8333, 1868, 211.8333, 1827, 252.8333, 1788, 215.8333'),
(9, 147, '1826.8, 506.6, 1843.8, 509.6, 1856.8, 521.6, 1862.8, 530.6, 1866.8, 541.6, 1863.8, 554.6, 1859.8, 563.6, 1839.8, 582.6, 1820.8, 581.6, 1806.8, 578.6, 1795.8, 570.6, 1788.8, 558.6, 1786.8, 545.6, 1786.8, 530.6, 1787.8, 522.6, 1795.8, 514.6, 1802.8, 510.6, 1810.8, 507.6, 1830.8, 503.6, 1842.8, 507.6'),
(11, 180, '1829, 509.8333, 1866, 552.8333, 1828, 588.8333, 1785, 551.8333'),
(33, 469, '2002, 234, 2001, 219, 2004, 209, 2011, 204, 2020, 197, 2035, 191, 2045, 190, 2063, 192, 2073, 197, 2081, 206, 2085, 216, 2087, 229, 2086, 237, 2079, 247, 2073, 258, 2065, 264, 2056, 269, 2037, 269, 2018, 267, 2012, 256, 2005, 244, 2002, 230'),
(33, 470, '2020, 570, 2020, 567, 2020, 559, 2020, 553, 2023, 547, 2031, 539, 2035, 536, 2041, 535, 2046, 531, 2052, 530, 2057, 530, 2063, 528, 2068, 528, 2082, 529, 2087, 535, 2092, 542, 2095, 548, 2096, 553, 2098, 558, 2099, 563, 2099, 567, 2095, 578, 2093, 583, 2089, 588, 2085, 592, 2083, 596, 2076, 605, 2065, 606, 2053, 608, 2044, 606, 2037, 601, 2028, 596, 2023, 589, 2017, 576, 2017, 564, 2020, 553, 2025, 539, 2034, 535, 2042, 530'),
(9, 149, '1236.4, 167.6, 1252.4, 167.6, 1261.4, 170.6, 1268.4, 175.6, 1276.4, 183.6, 1280.4, 191.6, 1282.4, 208.6, 1280.4, 222.6, 1280.4, 207.6, 1280.4, 221.6, 1272.4, 231.6, 1266.4, 239.6, 1256.4, 246.6, 1244.4, 248.6, 1232.4, 246.6, 1222.4, 242.6, 1213.4, 236.6, 1208.4, 229.6, 1204.4, 218.6, 1202.4, 202.6, 1207.4, 187.6, 1212.4, 180.6, 1219.4, 174.6, 1226.4, 170.6, 1240.4, 168.6, 1249.4, 167.6'),
(11, 181, '1525, 481.8333, 1532, 481.8333, 1538, 482.8333, 1551, 489.8333, 1560, 497.8333, 1567, 521.8333, 1564, 532.8333, 1560, 544.8333, 1558, 547.8333, 1551, 551.8333, 1545, 554.8333, 1532, 559.8333, 1522, 559.8333, 1499, 548.8333, 1493, 542.8333, 1489, 537.8333, 1488, 530.8333, 1486, 523.8333, 1486, 519.8333, 1487, 509.8333, 1489, 503.8333, 1493, 498.8333, 1497, 493.8333, 1503, 488.8333, 1508, 487.8333, 1510, 485.8333, 1519, 481.8333, 1524, 480.8333, 1537, 480.8333, 1545, 482.8333'),
(33, 471, '1770, 229, 1770, 222, 1770, 211, 1782, 205, 1788, 200, 1794, 195, 1800, 195, 1809, 190, 1814, 190, 1820, 192, 1826, 193, 1832, 196, 1836, 201, 1838, 205, 1841, 210, 1846, 213, 1846, 219, 1847, 225, 1848, 230, 1847, 242, 1844, 247, 1842, 250, 1836, 256, 1835, 258, 1827, 261, 1826, 262, 1819, 264, 1812, 267, 1808, 267, 1798, 267, 1792, 267, 1784, 263, 1780, 259, 1775, 253, 1773, 251, 1771, 244, 1769, 237, 1767, 228, 1767, 222, 1767, 217, 1773, 209, 1776, 205, 1787, 196, 1795, 191, 1805, 189'),
(9, 150, '1317.4, 423.6, 1330.4, 424.6, 1338.4, 424.6, 1348.4, 428.6, 1353.4, 434.6, 1357.4, 442.6, 1362.4, 452.6, 1364.4, 458.6, 1362.4, 472.6, 1359.4, 478.6, 1356.4, 489.6, 1349.4, 494.6, 1336.4, 502.6, 1320.4, 502.6, 1309.4, 498.6, 1302.4, 495.6, 1293.4, 488.6, 1285.4, 477.6, 1284.4, 469.6, 1284.4, 456.6, 1288.4, 446.6, 1293.4, 439.6, 1296.4, 434.6, 1305.4, 430.6, 1310.4, 425.6, 1320.4, 423.6, 1332.4, 423.6'),
(33, 472, '1577, 228, 1577, 221, 1586, 210, 1586, 202, 1598, 195, 1604, 193, 1608, 192, 1612, 191, 1622, 191, 1630, 191, 1635, 192, 1639, 194, 1644, 201, 1647, 207, 1651, 214, 1653, 220, 1657, 231, 1657, 241, 1654, 247, 1651, 253, 1644, 260, 1632, 266, 1624, 268, 1608, 270, 1601, 269, 1592, 264, 1585, 259, 1581, 252, 1575, 240, 1573, 232, 1573, 224, 1573, 217, 1580, 208, 1587, 202, 1594, 197, 1603, 193'),
(11, 183, '1325, 427.8333, 1334, 425.8333, 1343, 432.8333, 1350, 435.8333, 1356, 440.8333, 1361, 447.8333, 1365, 457.8333, 1364, 467.8333, 1362, 476.8333, 1359, 484.8333, 1349, 499.8333, 1344, 501.8333, 1340, 502.8333, 1333, 505.8333, 1329, 507.8333, 1324, 506.8333, 1318, 502.8333, 1315, 504.8333, 1308, 502.8333, 1302, 497.8333, 1298, 496.8333, 1295, 495.8333, 1291, 490.8333, 1288, 484.8333, 1284, 477.8333, 1286, 470.8333, 1285, 463.8333, 1285, 451.8333, 1288, 446.8333, 1290, 441.8333, 1299, 437.8333, 1306, 433.8333, 1313, 430.8333, 1323, 429.8333, 1329, 425.8333, 1334, 426.8333, 1336, 426.8333'),
(9, 151, '1076.4, 168.6, 1087.4, 170.6, 1098.4, 178.6, 1103.4, 183.6, 1108.4, 190.6, 1113.4, 202.6, 1114.4, 209.6, 1111.4, 218.6, 1110.4, 231.6, 1105.4, 237.6, 1099.4, 244.6, 1080.4, 250.6, 1060.4, 245.6, 1050.4, 239.6, 1037.4, 222.6, 1034.4, 197.6, 1039.4, 186.6, 1044.4, 181.6, 1052.4, 175.6, 1059.4, 173.6, 1072.4, 170.6, 1083.4, 170.6'),
(33, 473, '1768, 568, 1768, 563, 1768, 555, 1772, 546, 1782, 540, 1793, 536, 1797, 534, 1798, 533, 1806, 529, 1816, 529, 1828, 533, 1833, 536, 1840, 539, 1842, 545, 1844, 553, 1848, 559, 1851, 563, 1849, 569, 1846, 580, 1841, 587, 1838, 594, 1831, 599, 1826, 602, 1815, 605, 1807, 606, 1792, 603, 1782, 599, 1774, 593, 1768, 584, 1767, 575, 1767, 562, 1771, 551'),
(9, 152, '1100.4, 422.6, 1116.4, 422.6, 1123.4, 423.6, 1132.4, 428.6, 1139.4, 434.6, 1145.4, 441.6, 1149.4, 450.6, 1150.4, 461.6, 1148.4, 475.6, 1140.4, 487.6, 1134.4, 495.6, 1108.4, 502.6, 1093.4, 498.6, 1082.4, 492.6, 1075.4, 484.6, 1070.4, 475.6, 1068.4, 464.6, 1071.4, 446.6, 1076.4, 438.6, 1080.4, 434.6, 1086.4, 429.6, 1095.4, 425.6, 1103.4, 423.6, 1115.4, 423.6, 1125.4, 424.6'),
(33, 474, '1378, 233, 1378, 225, 1380, 217, 1385, 209, 1389, 205, 1393, 198, 1396, 196, 1399, 195, 1403, 194, 1408, 192, 1412, 191, 1418, 191, 1422, 191, 1427, 190, 1434, 191, 1440, 196, 1444, 200, 1450, 204, 1454, 209, 1460, 218, 1462, 220, 1462, 231, 1459, 237, 1455, 246, 1450, 252, 1439, 260, 1432, 265, 1425, 268, 1419, 268, 1411, 268, 1405, 268, 1398, 261, 1393, 257, 1386, 248, 1383, 241, 1380, 233, 1380, 221, 1382, 213, 1385, 207, 1389, 202, 1393, 199, 1404, 193, 1418, 191, 1422, 191'),
(11, 182, '1245.3333, 172.8333, 1250.3333, 172.8333, 1258.3333, 175.8333, 1267.3333, 177.8333, 1280.3333, 211.8333, 1276.3333, 236.8333, 1272.3333, 242.8333, 1266.3333, 247.8333, 1262.3333, 248.8333, 1251.3333, 252.8333, 1232.3333, 252.8333, 1228.3333, 249.8333, 1224.3333, 249.8333, 1218.3333, 246.8333, 1211.3333, 240.8333, 1205.3333, 231.8333, 1202.3333, 198.8333, 1205.3333, 195.8333, 1213.3333, 186.8333, 1228.3333, 176.8333, 1233.3333, 172.8333, 1242.3333, 172.8333, 1262.3333, 175.8333'),
(9, 153, '852.4, 170.6, 861.4, 169.6, 880.4, 173.6, 888.4, 178.6, 895.4, 186.6, 897.4, 196.6, 899.4, 213.6, 895.4, 226.6, 888.4, 234.6, 880.4, 242.6, 871.4, 245.6, 864.4, 246.6, 852.4, 245.6, 839.4, 241.6, 831.4, 233.6, 825.4, 224.6, 822.4, 210.6, 821.4, 196.6, 826.4, 188.6, 833.4, 178.6, 843.4, 173.6, 857.4, 168.6, 866.4, 169.6'),
(33, 475, '1469, 537, 1468, 532, 1469, 527, 1472, 524, 1476, 516, 1480, 511, 1483, 507, 1489, 505, 1493, 503, 1496, 501, 1501, 500, 1505, 499, 1509, 499, 1516, 499, 1522, 500, 1525, 502, 1530, 504, 1536, 508, 1540, 511, 1542, 515, 1544, 517, 1547, 526, 1547, 526, 1549, 535, 1549, 537, 1548, 544, 1547, 550, 1547, 552, 1543, 557, 1541, 562, 1538, 564, 1533, 568, 1530, 570, 1526, 571, 1519, 574, 1517, 574, 1515, 575, 1512, 575, 1509, 575, 1505, 575, 1501, 575, 1495, 574, 1488, 571, 1486, 570, 1473, 555, 1470, 549, 1470, 533, 1478, 520, 1483, 510'),
(9, 154, '785.4, 428.6, 802.4, 427.6, 811.4, 430.6, 818.4, 438.6, 824.4, 442.6, 827.4, 446.6, 829.4, 455.6, 832.4, 466.6, 829.4, 481.6, 824.4, 490.6, 818.4, 498.6, 812.4, 503.6, 803.4, 506.6, 787.4, 509.6, 774.4, 502.6, 762.4, 494.6, 756.4, 489.6, 752.4, 472.6, 753.4, 458.6, 756.4, 447.6, 764.4, 442.6, 769.4, 435.6, 784.4, 428.6, 802.4, 428.6'),
(11, 184, '1075.3333, 172.8333, 1091.3333, 176.8333, 1097.3333, 176.8333, 1109.3333, 192.8333, 1111.3333, 226.8333, 1105.3333, 233.8333, 1101.3333, 241.8333, 1094.3333, 246.8333, 1086.3333, 250.8333, 1081.3333, 252.8333, 1077.3333, 253.8333, 1070.3333, 252.8333, 1069.3333, 251.8333, 1068.3333, 251.8333, 1061.3333, 248.8333, 1046.3333, 242.8333, 1044.3333, 241.8333, 1042.3333, 238.8333, 1038.3333, 227.8333, 1037.3333, 222.8333, 1037.3333, 221.8333, 1033.3333, 217.8333, 1033.3333, 215.8333, 1033.3333, 212.8333, 1036.3333, 198.8333, 1037.3333, 194.8333, 1037.3333, 191.8333, 1042.3333, 184.8333, 1043.3333, 182.8333, 1046.3333, 180.8333, 1048.3333, 177.8333, 1057.3333, 174.8333, 1059.3333, 174.8333, 1063.3333, 173.8333, 1082.3333, 171.8333, 1084.3333, 171.8333, 1090.3333, 173.8333'),
(9, 155, '683.4, 170.6, 697.4, 169.6, 713.4, 170.6, 721.4, 177.6, 732.4, 187.6, 736.4, 204.6, 737.4, 220.6, 729.4, 230.6, 726.4, 240.6, 704.4, 246.6, 688.4, 249.6, 677.4, 242.6, 671.4, 237.6, 663.4, 229.6, 659.4, 215.6, 660.4, 201.6, 660.4, 190.6, 667.4, 182.6, 673.4, 178.6, 681.4, 172.6, 690.4, 169.6, 707.4, 169.6'),
(11, 185, '1110.3333, 426.8333, 1110.3333, 426.8333, 1122.3333, 427.8333, 1131.3333, 429.8333, 1131.3333, 431.8333, 1134.3333, 435.8333, 1139.3333, 442.8333, 1140.3333, 443.8333, 1145.3333, 448.8333, 1146.3333, 450.8333, 1149.3333, 476.8333, 1146.3333, 491.8333, 1138.3333, 496.8333, 1137.3333, 497.8333, 1137.3333, 497.8333, 1134.3333, 500.8333, 1132.3333, 502.8333, 1131.3333, 502.8333, 1127.3333, 504.8333, 1123.3333, 504.8333, 1117.3333, 505.8333, 1112.3333, 507.8333, 1111.3333, 507.8333, 1107.3333, 507.8333, 1103.3333, 506.8333, 1093.3333, 502.8333, 1091.3333, 501.8333, 1079.3333, 498.8333, 1075.3333, 490.8333, 1075.3333, 490.8333, 1074.3333, 487.8333, 1072.3333, 482.8333, 1069.3333, 474.8333, 1067.3333, 471.8333, 1067.3333, 459.8333, 1067.3333, 457.8333, 1070.3333, 452.8333, 1074.3333, 450.8333, 1077.3333, 447.8333, 1080.3333, 443.8333, 1082.3333, 437.8333, 1084.3333, 436.8333, 1087.3333, 434.8333, 1090.3333, 433.8333, 1092.3333, 432.8333, 1095.3333, 429.8333, 1097.3333, 428.8333, 1097.3333, 428.8333, 1102.3333, 427.8333, 1105.3333, 427.8333, 1111.3333, 426.8333, 1112.3333, 426.8333'),
(33, 476, '1188, 250, 1187, 241, 1182, 235, 1183, 225, 1186, 216, 1191, 208, 1198, 202, 1201, 199, 1210, 196, 1216, 193, 1224, 191, 1230, 190, 1239, 190, 1246, 192, 1255, 201, 1256, 205, 1259, 214, 1262, 220, 1263, 233, 1261, 245, 1255, 254, 1251, 261, 1244, 266, 1229, 268, 1218, 271, 1206, 269, 1197, 264, 1187, 257, 1183, 250, 1183, 242, 1183, 229, 1190, 211, 1195, 205'),
(9, 156, '524.4, 511.6, 536.4, 509.6, 546.4, 512.6, 554.4, 515.6, 562.4, 518.6, 568.4, 525.6, 572.4, 535.6, 574.4, 545.6, 574.4, 554.6, 572.4, 563.6, 564.4, 576.6, 553.4, 584.6, 536.4, 588.6, 522.4, 590.6, 508.4, 582.6, 500.4, 573.6, 496.4, 559.6, 496.4, 543.6, 499.4, 526.6, 506.4, 522.6, 516.4, 516.6, 527.4, 511.6, 536.4, 510.6, 551.4, 512.6'),
(11, 186, '860.8333, 171.8333, 866.8333, 171.8333, 879.8333, 177.8333, 883.8333, 180.8333, 888.8333, 184.8333, 894.8333, 190.8333, 894.8333, 190.8333, 899.8333, 201.8333, 900.8333, 211.8333, 900.8333, 212.8333, 900.8333, 222.8333, 894.8333, 229.8333, 892.8333, 232.8333, 891.8333, 234.8333, 890.8333, 237.8333, 889.8333, 239.8333, 888.8333, 240.8333, 885.8333, 241.8333, 884.8333, 242.8333, 881.8333, 242.8333, 881.8333, 243.8333, 879.8333, 245.8333, 879.8333, 245.8333, 872.8333, 248.8333, 869.8333, 248.8333, 864.8333, 250.8333, 855.8333, 250.8333, 851.8333, 250.8333, 842.8333, 249.8333, 835.8333, 242.8333, 831.8333, 240.8333, 828.8333, 235.8333, 824.8333, 232.8333, 822.8333, 228.8333, 818.8333, 213.8333, 818.8333, 211.8333, 818.8333, 207.8333, 818.8333, 203.8333, 819.8333, 198.8333, 822.8333, 194.8333, 824.8333, 190.8333, 834.8333, 182.8333, 840.8333, 177.8333, 846.8333, 176.8333, 850.8333, 175.8333, 854.8333, 172.8333, 859.8333, 172.8333, 862.8333, 171.8333, 866.8333, 170.8333'),
(11, 187, '793.8333, 431.8333, 794.8333, 429.8333, 819.8333, 442.8333, 824.8333, 449.8333, 824.8333, 452.8333, 826.8333, 454.8333, 829.8333, 457.8333, 829.8333, 457.8333, 830.8333, 461.8333, 831.8333, 469.8333, 831.8333, 470.8333, 827.8333, 485.8333, 823.8333, 494.8333, 819.8333, 504.8333, 809.8333, 507.8333, 804.8333, 509.8333, 804.8333, 509.8333, 803.8333, 509.8333, 797.8333, 507.8333, 794.8333, 507.8333, 786.8333, 509.8333, 781.8333, 509.8333, 779.8333, 509.8333, 775.8333, 506.8333, 773.8333, 506.8333, 768.8333, 501.8333, 766.8333, 501.8333, 764.8333, 500.8333, 758.8333, 497.8333, 753.8333, 479.8333, 753.8333, 461.8333, 753.8333, 459.8333, 754.8333, 457.8333, 755.8333, 457.8333, 759.8333, 452.8333, 760.8333, 447.8333, 763.8333, 445.8333, 768.8333, 442.8333, 771.8333, 440.8333, 772.8333, 439.8333, 774.8333, 437.8333, 778.8333, 435.8333, 779.8333, 432.8333, 780.8333, 432.8333, 782.8333, 431.8333, 782.8333, 431.8333'),
(14, 194, '751, 671, 2048, 181, 2057, 180, 2063, 180, 2089, 187, 2092, 190, 2094, 195, 2095, 199, 2095, 204, 2096, 210, 2096, 216, 2096, 221, 2095, 226, 2092, 231, 2088, 236, 2085, 239, 2077, 244, 2074, 244, 2068, 246, 2060, 248, 2056, 248, 2045, 248, 2042, 247, 2040, 242, 2033, 236, 2030, 231, 2028, 226, 2027, 219, 2027, 213, 2027, 207, 2029, 197, 2031, 191, 2032, 190, 2033, 188, 2037, 185, 2043, 183, 2048, 179, 2052, 177, 2057, 176, 2060, 176, 2062, 176'),
(14, 195, '2066, 516, 2074, 515, 2079, 513, 2082, 513, 2086, 515, 2088, 518, 2093, 523, 2097, 525, 2098, 528, 2099, 529, 2102, 531, 2104, 535, 2107, 544, 2108, 550, 2108, 559, 2106, 565, 2105, 570, 2101, 573, 2097, 575, 2091, 579, 2085, 582, 2076, 583, 2071, 583, 2065, 582, 2060, 579, 2057, 577, 2055, 574, 2051, 569, 2048, 564, 2044, 560, 2042, 556, 2039, 551, 2044, 535, 2049, 528, 2049, 528, 2053, 523, 2059, 520, 2075, 516, 2077, 517, 2080, 518'),
(14, 196, '1802, 187, 1804, 185, 1807, 184, 1811, 182, 1817, 181, 1821, 181, 1824, 181, 1829, 180, 1833, 180, 1834, 180, 1836, 180, 1841, 184, 1844, 185, 1848, 186, 1852, 189, 1852, 190, 1856, 194, 1859, 206, 1860, 210, 1860, 217, 1859, 220, 1857, 225, 1856, 229, 1853, 235, 1850, 239, 1847, 241, 1842, 242, 1839, 243, 1833, 245, 1829, 245, 1825, 246, 1816, 246, 1812, 246, 1811, 246, 1806, 243, 1804, 240, 1800, 236, 1799, 234, 1798, 233, 1793, 228, 1791, 224, 1790, 222, 1790, 213, 1790, 211, 1790, 206, 1791, 198, 1795, 194, 1798, 191, 1800, 189, 1806, 185, 1810, 182, 1814, 182, 1819, 181, 1821, 181'),
(9, 157, '403, 166.6, 418, 167.6, 427, 171.6, 440, 178.6, 449, 190.6, 454, 200.6, 453, 216.6, 448, 230.6, 434, 241.6, 382, 237.6, 371, 214.6, 373, 201.6, 375, 186.6, 390, 175.6, 401, 170.6, 410, 167.6, 422, 168.6'),
(14, 197, '1818, 515, 1839, 517, 1843, 516, 1845, 518, 1848, 522, 1852, 526, 1855, 531, 1857, 536, 1858, 550, 1853, 564, 1852, 567, 1849, 572, 1844, 578, 1839, 579, 1833, 581, 1827, 581, 1818, 581, 1816, 581, 1814, 580, 1808, 576, 1799, 572, 1798, 570, 1795, 561, 1793, 559, 1792, 553, 1792, 547, 1792, 536, 1794, 533, 1797, 527, 1803, 519, 1810, 516, 1827, 514, 1828, 514'),
(11, 188, '700, 172.3333, 700, 173.3333, 709, 174.3333, 712, 174.3333, 715, 175.3333, 720, 177.3333, 725, 181.3333, 728, 184.3333, 734, 197.3333, 736, 227.3333, 732, 234.3333, 716, 247.3333, 716, 248.3333, 707, 253.3333, 698, 255.3333, 692, 254.3333, 690, 253.3333, 688, 252.3333, 676, 247.3333, 674, 246.3333, 668, 242.3333, 668, 242.3333, 667, 237.3333, 665, 233.3333, 664, 231.3333, 663, 227.3333, 659, 219.3333, 658, 217.3333, 658, 212.3333, 658, 198.3333, 666, 185.3333, 666, 184.3333, 670, 182.3333, 673, 181.3333, 675, 179.3333, 683, 175.3333, 703, 170.3333'),
(9, 158, '335, 452.6, 352, 448.6, 365, 452.6, 371, 458.6, 377, 466.6, 381, 475.6, 386, 489.6, 383, 500.6, 381, 509.6, 373, 519.6, 362, 522.6, 352, 529.6, 338, 527.6, 330, 524.6, 322, 518.6, 307, 496.6, 309, 482.6, 310, 474.6, 316, 465.6, 324, 457.6, 331, 454.6, 347, 449.6'),
(14, 198, '1539, 487, 1543, 488, 1548, 491, 1551, 494, 1554, 496, 1558, 500, 1559, 500, 1561, 507, 1562, 513, 1564, 519, 1564, 525, 1564, 530, 1562, 532, 1559, 534, 1558, 540, 1556, 543, 1552, 546, 1549, 550, 1546, 552, 1541, 554, 1534, 555, 1527, 556, 1525, 556, 1521, 557, 1516, 557, 1513, 554, 1511, 554, 1506, 551, 1503, 550, 1500, 547, 1498, 541, 1497, 539, 1496, 536, 1494, 533, 1492, 530, 1491, 529, 1491, 526, 1491, 522, 1491, 522, 1491, 514, 1491, 511, 1491, 506, 1494, 501, 1496, 499, 1501, 495, 1506, 492, 1510, 490, 1517, 488, 1523, 486, 1528, 485, 1529, 485, 1530, 485'),
(11, 189, '534, 515.3333, 534, 515.3333, 537, 515.3333, 538, 515.3333, 543, 514.3333, 550, 513.3333, 553, 513.3333, 563, 523.3333, 565, 528.3333, 566, 531.3333, 568, 533.3333, 571, 538.3333, 574, 553.3333, 575, 564.3333, 574, 567.3333, 571, 570.3333, 570, 571.3333, 568, 576.3333, 563, 586.3333, 556, 591.3333, 553, 593.3333, 538, 595.3333, 522, 593.3333, 518, 592.3333, 515, 591.3333, 514, 589.3333, 505, 579.3333, 503, 575.3333, 503, 573.3333, 500, 568.3333, 498, 563.3333, 495, 558.3333, 495, 551.3333, 498, 543.3333, 503, 530.3333, 506, 525.3333, 513, 520.3333, 515, 519.3333, 525, 514.3333, 551, 518.3333, 551, 518.3333'),
(14, 199, '1232, 179, 1243, 176, 1246, 176, 1252, 180, 1252, 180, 1257, 181, 1257, 181, 1268, 189, 1269, 191, 1271, 194, 1273, 194, 1277, 197, 1278, 206, 1279, 210, 1279, 214, 1278, 222, 1274, 225, 1272, 230, 1266, 237, 1262, 242, 1262, 242, 1260, 242, 1260, 242, 1252, 245, 1248, 246, 1239, 246, 1231, 245, 1229, 244, 1223, 241, 1221, 241, 1218, 239, 1215, 238, 1211, 232, 1209, 229, 1206, 223, 1203, 216, 1202, 212, 1202, 208, 1206, 198, 1207, 198, 1215, 191, 1216, 188, 1220, 184, 1231, 179, 1235, 179, 1241, 179, 1245, 179, 1249, 180'),
(9, 160, '195, 449.6, 212, 450.6, 222, 455.6, 232, 463.6, 239, 474.6, 242, 488.6, 238, 500.6, 225, 514.6, 215, 524.6, 201, 526.6, 188, 523.6, 162, 486.6, 164, 476.6, 169, 470.6, 179, 460.6, 190, 452.6, 207, 450.6, 222, 457.6'),
(11, 190, '425, 173.3333, 431, 173.3333, 443, 192.3333, 450, 201.3333, 452, 217.3333, 447, 233.3333, 438, 241.3333, 404, 253.3333, 397, 249.3333, 382, 239.3333, 378, 234.3333, 379, 187.3333, 383, 184.3333, 387, 182.3333, 390, 179.3333, 392, 177.3333, 393, 177.3333, 398, 175.3333, 403, 174.3333, 412, 173.3333, 414, 173.3333, 421, 173.3333, 425, 174.3333'),
(14, 201, '1065, 181, 1070, 181, 1075, 181, 1077, 182, 1080, 185, 1087, 185, 1093, 186, 1097, 187, 1099, 189, 1102, 196, 1106, 204, 1108, 210, 1107, 224, 1105, 228, 1101, 233, 1095, 235, 1092, 237, 1084, 243, 1073, 244, 1066, 245, 1052, 245, 1047, 242, 1046, 237, 1042, 229, 1038, 225, 1036, 219, 1036, 213, 1036, 212, 1036, 206, 1037, 201, 1040, 196, 1044, 192, 1049, 188, 1052, 186, 1059, 182, 1064, 180, 1065, 179, 1071, 180, 1086, 182, 1087, 183'),
(9, 159, '172, 169.6, 182, 168.6, 189, 170.6, 198, 177.6, 207, 185.6, 214, 200.6, 214, 220.6, 208, 227.6, 203, 235.6, 192, 243.6, 180, 246.6, 166, 246.6, 158, 242.6, 150, 236.6, 138, 226.6, 135, 213.6, 135, 203.6, 139, 197.6, 142, 184.6, 151, 177.6, 158, 173.6, 167, 168.6, 179, 166.6'),
(14, 203, '836, 183, 842, 181, 848, 178, 853, 178, 881, 188, 881, 188, 886, 189, 889, 191, 890, 194, 890, 198, 893, 203, 895, 209, 896, 216, 896, 222, 896, 227, 891, 232, 888, 234, 882, 237, 875, 241, 856, 246, 849, 246, 844, 245, 834, 239, 832, 235, 830, 231, 827, 224, 826, 221, 826, 215, 824, 210, 830, 200, 831, 198, 832, 191, 833, 188, 835, 183, 848, 179, 853, 176, 859, 176, 863, 178'),
(11, 191, '355, 453.3333, 370, 463.3333, 373, 466.3333, 376, 468.3333, 379, 470.3333, 380, 472.3333, 383, 483.3333, 384, 486.3333, 384, 488.3333, 385, 491.3333, 386, 494.3333, 386, 498.3333, 385, 504.3333, 385, 506.3333, 383, 509.3333, 381, 512.3333, 380, 514.3333, 378, 516.3333, 375, 522.3333, 353, 536.3333, 350, 534.3333, 343, 534.3333, 309, 502.3333, 308, 498.3333, 308, 483.3333, 331, 456.3333, 353, 453.3333'),
(14, 205, '689, 177, 697, 177, 703, 178, 710, 179, 713, 179, 718, 182, 722, 185, 727, 188, 730, 193, 730, 196, 733, 201, 733, 207, 733, 211, 733, 215, 733, 222, 732, 227, 729, 231, 726, 236, 721, 238, 715, 239, 708, 241, 701, 243, 696, 244, 689, 244, 682, 243, 670, 235, 669, 231, 666, 223, 666, 219, 664, 215, 664, 211, 664, 203, 664, 198, 666, 192, 669, 189, 673, 187, 683, 179, 690, 179, 695, 179'),
(11, 192, '177, 252.3333, 178, 251.3333, 193, 248.3333, 197, 245.3333, 208, 239.3333, 215, 225.3333, 216, 223.3333, 217, 213.3333, 217, 203.3333, 217, 199.3333, 208, 193.3333, 206, 188.3333, 205, 186.3333, 203, 183.3333, 202, 182.3333, 198, 179.3333, 198, 178.3333, 195, 177.3333, 191, 177.3333, 190, 176.3333, 186, 174.3333, 178, 174.3333, 178, 174.3333, 174, 173.3333, 166, 174.3333, 161, 175.3333, 159, 176.3333, 155, 178.3333, 154, 178.3333, 129, 193.3333, 152, 183.3333, 151, 183.3333, 146, 188.3333, 143, 190.3333, 142, 191.3333, 139, 197.3333, 137, 208.3333, 143, 234.3333, 144, 235.3333, 149, 241.3333, 163, 250.3333, 178, 253.3333, 189, 249.3333, 197, 244.3333, 200, 240.3333, 208, 235.3333'),
(14, 206, '539, 517, 543, 517, 549, 517, 551, 519, 559, 527, 563, 530, 563, 532, 565, 536, 566, 541, 567, 542, 567, 547, 568, 548, 570, 552, 571, 556, 571, 562, 571, 566, 567, 571, 565, 574, 562, 576, 561, 579, 556, 584, 552, 587, 551, 587, 548, 588, 541, 590, 535, 590, 530, 590, 525, 589, 521, 587, 519, 587, 517, 585, 515, 584, 513, 583, 510, 581, 510, 578, 507, 572, 506, 571, 504, 571, 503, 569, 502, 566, 502, 563, 500, 554, 500, 550, 500, 548, 501, 541, 502, 538, 503, 535, 510, 530, 517, 525, 524, 522, 530, 520, 535, 519, 537, 519, 539, 519'),
(14, 204, '784, 434, 786, 434, 790, 434, 795, 434, 801, 437, 805, 440, 810, 440, 816, 443, 818, 446, 823, 450, 826, 459, 828, 474, 828, 476, 828, 479, 821, 488, 820, 493, 814, 499, 812, 501, 806, 503, 799, 505, 796, 506, 789, 506, 782, 503, 779, 502, 763, 493, 760, 489, 758, 484, 757, 478, 755, 475, 755, 472, 756, 464, 756, 463, 757, 458, 758, 456, 766, 445, 772, 442, 781, 440, 791, 439, 799, 438'),
(11, 193, '202, 453.3333, 240, 478.3333, 241, 481.3333, 242, 498.3333, 242, 504.3333, 237, 508.3333, 232, 511.3333, 231, 513.3333, 230, 519.3333, 223, 526.3333, 218, 528.3333, 213, 529.3333, 208, 530.3333, 200, 532.3333, 198, 532.3333, 195, 532.3333, 195, 532.3333, 188, 532.3333, 181, 528.3333, 181, 528.3333, 177, 526.3333, 173, 523.3333, 173, 523.3333, 170, 522.3333, 168, 518.3333, 167, 512.3333, 165, 508.3333, 163, 503.3333, 163, 499.3333, 163, 488.3333, 163, 486.3333, 166, 482.3333, 164, 476.3333, 166, 470.3333, 166, 469.3333, 168, 468.3333, 173, 464.3333, 178, 463.3333, 190, 457.3333, 198, 454.3333'),
(14, 202, '1106, 436, 1109, 436, 1115, 436, 1121, 437, 1124, 438, 1127, 439, 1138, 444, 1140, 448, 1141, 452, 1142, 458, 1143, 468, 1143, 471, 1143, 476, 1143, 481, 1142, 484, 1130, 496, 1126, 498, 1120, 500, 1114, 501, 1111, 501, 1108, 501, 1097, 501, 1095, 500, 1091, 496, 1085, 489, 1082, 485, 1078, 483, 1077, 478, 1075, 474, 1074, 472, 1073, 465, 1073, 463, 1073, 454, 1074, 453, 1078, 449, 1083, 444, 1088, 438, 1091, 435, 1097, 433, 1106, 431, 1106, 431, 1112, 431, 1115, 432, 1117, 432'),
(14, 200, '1303, 435, 1307, 435, 1318, 432, 1330, 432, 1334, 433, 1346, 437, 1349, 438, 1351, 439, 1352, 442, 1356, 446, 1357, 450, 1358, 454, 1359, 458, 1361, 462, 1361, 464, 1361, 468, 1361, 475, 1361, 478, 1360, 481, 1358, 484, 1355, 487, 1352, 490, 1349, 494, 1345, 496, 1342, 497, 1335, 501, 1331, 501, 1326, 501, 1320, 501, 1313, 501, 1309, 501, 1307, 500, 1300, 497, 1298, 496, 1297, 493, 1296, 488, 1291, 483, 1290, 481, 1289, 478, 1288, 475, 1286, 468, 1286, 463, 1286, 461, 1287, 455, 1289, 454, 1293, 449, 1295, 446, 1299, 442, 1305, 439, 1309, 437, 1314, 436, 1315, 436'),
(14, 209, '160, 182, 162, 181, 166, 181, 171, 179, 176, 179, 182, 180, 187, 181, 189, 182, 199, 186, 201, 187, 202, 189, 204, 192, 205, 195, 205, 200, 209, 210, 209, 216, 209, 224, 206, 228, 203, 233, 200, 236, 197, 238, 194, 240, 188, 243, 181, 246, 180, 246, 173, 245, 169, 245, 168, 245, 163, 243, 156, 241, 155, 239, 152, 238, 149, 237, 145, 234, 141, 231, 140, 229, 137, 221, 137, 216, 137, 214, 137, 208, 137, 207, 138, 203, 140, 199, 141, 194, 143, 190, 144, 190, 147, 185, 149, 185, 152, 185, 155, 185, 157, 186'),
(14, 210, '183, 459, 194, 457, 199, 457, 216, 461, 219, 461, 228, 462, 229, 468, 232, 477, 234, 480, 236, 486, 237, 490, 237, 494, 237, 500, 237, 503, 235, 506, 232, 509, 231, 512, 227, 517, 222, 521, 219, 523, 214, 525, 199, 531, 194, 531, 188, 528, 180, 524, 175, 522, 172, 519, 171, 516, 169, 513, 165, 504, 163, 500, 162, 495, 162, 490, 164, 488, 166, 484, 167, 481, 168, 479, 176, 468, 177, 467, 179, 465, 182, 463'),
(14, 208, '345, 461, 349, 461, 361, 461, 365, 462, 367, 463, 370, 464, 378, 475, 378, 477, 381, 480, 381, 485, 383, 495, 383, 498, 380, 505, 380, 507, 377, 512, 371, 519, 369, 523, 369, 524, 363, 526, 356, 528, 354, 529, 352, 529, 347, 529, 338, 529, 337, 530, 335, 530, 321, 521, 318, 518, 316, 516, 310, 506, 309, 502, 309, 501, 308, 494, 307, 493, 307, 487, 307, 484, 309, 480, 312, 476, 314, 474, 318, 468, 321, 464, 325, 462, 328, 462, 336, 460, 342, 460, 351, 460, 355, 460, 361, 461'),
(15, 212, '2078, 501.8333, 2080, 500.8333, 2083, 500.8333, 2086, 502.8333, 2087, 502.8333, 2092, 505.8333, 2098, 508.8333, 2101, 511.8333, 2108, 515.8333, 2108, 516.8333, 2116, 525.8333, 2118, 528.8333, 2118, 557.8333, 2116, 557.8333, 2113, 557.8333, 2103, 573.8333, 2100, 576.8333, 2099, 577.8333, 2096, 578.8333, 2088, 580.8333, 2087, 580.8333, 2083, 581.8333, 2078, 582.8333, 2073, 582.8333, 2068, 582.8333, 2068, 582.8333, 2053, 575.8333, 2052, 572.8333, 2047, 567.8333, 2046, 565.8333, 2044, 563.8333, 2042, 559.8333, 2039, 552.8333, 2039, 550.8333, 2039, 542.8333, 2038, 535.8333, 2038, 533.8333, 2038, 532.8333, 2041, 524.8333, 2043, 518.8333, 2045, 517.8333, 2048, 514.8333, 2051, 511.8333, 2053, 507.8333, 2056, 506.8333, 2061, 504.8333, 2063, 502.8333, 2063, 501.8333, 2072, 499.8333, 2076, 498.8333, 2095, 503.8333'),
(14, 207, '396, 177, 403, 177, 408, 177, 412, 177, 417, 178, 420, 181, 422, 182, 427, 182, 430, 182, 438, 184, 438, 186, 447, 195, 448, 196, 448, 201, 447, 204, 446, 209, 446, 213, 446, 216, 445, 222, 444, 223, 443, 229, 440, 231, 437, 236, 434, 240, 433, 241, 430, 244, 423, 244, 420, 246, 417, 247, 409, 247, 406, 247, 401, 247, 396, 246, 392, 244, 388, 242, 383, 240, 381, 237, 378, 231, 378, 227, 377, 223, 377, 219, 377, 216, 376, 210, 376, 205, 376, 203, 377, 198, 384, 191, 388, 188, 390, 186, 394, 184, 397, 183'),
(15, 213, '1827, 165.8333, 1828, 165.8333, 1830, 165.8333, 1835, 166.8333, 1850, 172.8333, 1853, 174.8333, 1855, 177.8333, 1862, 187.8333, 1865, 201.8333, 1866, 211.8333, 1866, 214.8333, 1861, 224.8333, 1858, 227.8333, 1856, 232.8333, 1852, 238.8333, 1843, 242.8333, 1838, 243.8333, 1823, 242.8333, 1815, 242.8333, 1810, 241.8333, 1809, 240.8333, 1807, 240.8333, 1801, 237.8333, 1800, 237.8333, 1791, 227.8333, 1788, 224.8333, 1788, 213.8333, 1788, 209.8333, 1788, 205.8333, 1788, 201.8333, 1788, 194.8333, 1791, 188.8333, 1793, 184.8333, 1796, 179.8333, 1799, 175.8333, 1804, 170.8333, 1809, 166.8333, 1815, 166.8333, 1820, 164.8333, 1823, 164.8333, 1832, 163.8333, 1833, 163.8333, 1843, 166.8333'),
(30, 488, '2005, 222, 2019, 202, 2058, 191, 2077, 211, 2081, 236, 2074, 257, 2037, 267, 2012, 256, 2006, 235'),
(16, 228, '2028, 194, 2038, 189, 2042, 187, 2067, 189, 2080, 199, 2084, 203, 2087, 207, 2090, 217, 2093, 223, 2094, 232, 2093, 237, 2090, 240, 2085, 246, 2077, 250, 2069, 253, 2064, 255, 2048, 258, 2043, 256, 2038, 250, 2029, 244, 2022, 238, 2019, 231, 2017, 224, 2017, 216, 2017, 209, 2017, 204, 2022, 200, 2029, 199, 2033, 195, 2035, 195, 2039, 191, 2049, 188'),
(15, 214, '1633, 164.8333, 1635, 164.8333, 1657, 175.8333, 1658, 175.8333, 1674, 207.8333, 1669, 226.8333, 1663, 230.8333, 1646, 241.8333, 1645, 242.8333, 1642, 242.8333, 1623, 244.8333, 1621, 242.8333, 1618, 241.8333, 1618, 241.8333, 1607, 235.8333, 1604, 233.8333, 1603, 230.8333, 1600, 226.8333, 1597, 221.8333, 1593, 217.8333, 1592, 214.8333, 1593, 200.8333, 1595, 194.8333, 1595, 191.8333, 1597, 185.8333, 1598, 181.8333, 1598, 179.8333, 1599, 176.8333, 1605, 172.8333, 1610, 170.8333, 1616, 169.8333, 1620, 168.8333, 1623, 167.8333, 1632, 165.8333, 1634, 165.8333, 1642, 164.8333'),
(15, 211, '2056.8, 167, 2068.8, 166, 2080.8, 169, 2082.8, 174, 2090.8, 176, 2092.8, 181, 2097.8, 189, 2102.8, 201, 2102.8, 211, 2098.8, 222, 2088.8, 235, 2078.8, 244, 2063.8, 245, 2049.8, 245, 2040.8, 238, 2028.8, 227, 2025.8, 219, 2022.8, 206, 2023.8, 197, 2026.8, 187, 2030.8, 179, 2034.8, 174, 2039.8, 169, 2051.8, 167, 2058.8, 166, 2072.8, 167'),
(16, 236, '1288, 449, 1293, 448, 1305, 442, 1309, 440, 1320, 440, 1322, 440, 1324, 441, 1329, 444, 1334, 446, 1340, 447, 1343, 449, 1345, 454, 1353, 468, 1353, 472, 1353, 477, 1348, 491, 1346, 494, 1343, 499, 1338, 504, 1333, 507, 1329, 510, 1323, 512, 1316, 512, 1303, 511, 1301, 509, 1296, 505, 1290, 499, 1286, 496, 1285, 493, 1282, 487, 1281, 484, 1280, 478, 1279, 472, 1279, 468, 1279, 465, 1280, 462, 1283, 456, 1286, 453, 1296, 443, 1297, 441, 1301, 441'),
(15, 215, '1824, 501.8333, 1824, 501.8333, 1824, 501.8333, 1838, 502.8333, 1854, 512.8333, 1863, 519.8333, 1864, 522.8333, 1867, 546.8333, 1863, 553.8333, 1863, 556.8333, 1850, 571.8333, 1843, 577.8333, 1834, 577.8333, 1833, 578.8333, 1828, 580.8333, 1827, 580.8333, 1819, 580.8333, 1813, 578.8333, 1809, 576.8333, 1805, 574.8333, 1801, 572.8333, 1796, 566.8333, 1793, 557.8333, 1791, 554.8333, 1791, 552.8333, 1788, 547.8333, 1788, 543.8333, 1787, 539.8333, 1787, 536.8333, 1788, 531.8333, 1788, 529.8333, 1788, 528.8333, 1792, 521.8333, 1793, 517.8333, 1795, 515.8333, 1799, 512.8333, 1803, 508.8333, 1805, 508.8333, 1808, 507.8333, 1812, 505.8333, 1817, 503.8333, 1834, 503.8333, 1838, 502.8333, 1841, 502.8333'),
(16, 237, '1045, 189, 1049, 187, 1060, 185, 1068, 185, 1073, 185, 1075, 185, 1080, 186, 1084, 187, 1085, 189, 1088, 193, 1091, 195, 1093, 197, 1095, 200, 1099, 206, 1100, 209, 1101, 213, 1101, 220, 1101, 224, 1099, 229, 1098, 231, 1098, 233, 1096, 236, 1095, 240, 1093, 242, 1089, 247, 1086, 248, 1084, 248, 1078, 251, 1075, 252, 1073, 254, 1073, 254, 1062, 254, 1059, 254, 1054, 253, 1051, 250, 1045, 247, 1043, 245, 1040, 242, 1036, 235, 1034, 232, 1032, 229, 1029, 220, 1029, 220, 1029, 218, 1029, 216, 1029, 213, 1030, 207, 1032, 204, 1036, 200, 1040, 194, 1045, 192, 1048, 191'),
(30, 489, '2062, 528, 2044, 530, 2031, 538, 2024, 548, 2019, 557, 2022, 577, 2034, 596, 2048, 606, 2062, 609, 2075, 606, 2085, 595, 2096, 584, 2104, 563, 2097, 550, 2086, 537, 2072, 529, 2062, 526, 2043, 529, 2035, 535'),
(16, 239, '830, 186, 835, 186, 850, 185, 853, 185, 857, 186, 861, 187, 861, 188, 865, 189, 869, 190, 875, 191, 882, 196, 882, 196, 885, 198, 886, 201, 887, 205, 889, 210, 892, 216, 892, 219, 889, 223, 889, 224, 888, 231, 885, 233, 884, 234, 882, 239, 879, 243, 876, 246, 872, 248, 869, 249, 861, 251, 857, 252, 852, 252, 848, 252, 842, 252, 836, 252, 832, 250, 827, 244, 824, 241, 823, 238, 819, 234, 816, 230, 814, 220, 814, 218, 814, 216, 816, 209, 820, 204, 822, 202, 823, 199, 828, 193, 830, 192, 834, 190, 837, 187, 842, 186, 846, 186, 849, 187'),
(15, 216, '1436, 164.8333, 1454, 165.8333, 1454, 165.8333, 1463, 177.8333, 1464, 177.8333, 1468, 182.8333, 1475, 217.8333, 1471, 222.8333, 1467, 229.8333, 1463, 232.8333, 1454, 235.8333, 1453, 237.8333, 1442, 241.8333, 1435, 242.8333, 1430, 242.8333, 1428, 242.8333, 1420, 240.8333, 1416, 238.8333, 1409, 234.8333, 1404, 230.8333, 1400, 226.8333, 1393, 211.8333, 1393, 209.8333, 1393, 206.8333, 1393, 198.8333, 1393, 198.8333, 1398, 187.8333, 1398, 187.8333, 1400, 182.8333, 1403, 180.8333, 1406, 177.8333, 1413, 173.8333, 1413, 172.8333, 1418, 171.8333, 1418, 169.8333, 1420, 169.8333, 1421, 168.8333, 1425, 167.8333, 1426, 167.8333, 1429, 166.8333, 1442, 166.8333, 1444, 165.8333'),
(30, 490, '1778, 207, 1768, 222, 1770, 242, 1784, 261, 1795, 268, 1821, 272, 1835, 261, 1845, 249, 1848, 233, 1845, 212, 1829, 196, 1818, 192, 1800, 191, 1789, 196'),
(16, 240, '790, 444, 795, 443, 803, 443, 805, 443, 809, 451, 812, 456, 816, 461, 821, 473, 821, 479, 820, 482, 820, 484, 818, 491, 817, 494, 814, 500, 813, 502, 811, 503, 809, 506, 805, 509, 799, 512, 797, 513, 794, 514, 792, 514, 788, 514, 782, 514, 778, 514, 771, 512, 764, 509, 763, 508, 758, 503, 756, 500, 754, 497, 750, 493, 748, 487, 747, 485, 747, 479, 747, 476, 747, 471, 747, 467, 748, 464, 751, 460, 753, 457, 761, 452, 763, 450, 768, 448, 772, 444, 778, 442, 787, 443, 793, 443, 794, 444'),
(17, 245, '2054, 162.6, 2062, 162.6, 2070, 164.6, 2079, 168.6, 2084, 170.6, 2088, 176.6, 2093, 182.6, 2096, 189.6, 2096, 198.6, 2098, 214.6, 2090, 223.6, 2087, 228.6, 2081, 234.6, 2071, 239.6, 2058, 239.6, 2039, 237.6, 2030, 231.6, 2021, 218.6, 2017, 202.6, 2020, 184.6, 2023, 177.6, 2030, 170.6, 2036, 166.6, 2046, 163.6, 2058, 160.6'),
(15, 217, '1526, 472.8333, 1526, 472.8333, 1526, 472.8333, 1526, 472.8333, 1526, 472.8333, 1533, 473.8333, 1540, 474.8333, 1542, 475.8333, 1547, 477.8333, 1552, 484.8333, 1553, 485.8333, 1553, 486.8333, 1556, 489.8333, 1558, 490.8333, 1564, 501.8333, 1565, 504.8333, 1565, 506.8333, 1565, 513.8333, 1563, 519.8333, 1561, 524.8333, 1558, 532.8333, 1558, 534.8333, 1555, 538.8333, 1553, 544.8333, 1548, 546.8333, 1545, 547.8333, 1532, 552.8333, 1531, 552.8333, 1527, 552.8333, 1525, 552.8333, 1522, 552.8333, 1519, 552.8333, 1518, 552.8333, 1514, 550.8333, 1502, 547.8333, 1497, 541.8333, 1493, 537.8333, 1489, 532.8333, 1488, 528.8333, 1486, 524.8333, 1485, 520.8333, 1485, 512.8333, 1485, 509.8333, 1485, 506.8333, 1488, 500.8333, 1490, 495.8333, 1493, 490.8333, 1494, 488.8333, 1496, 487.8333, 1499, 482.8333, 1501, 481.8333, 1503, 480.8333, 1508, 479.8333, 1512, 477.8333, 1513, 476.8333, 1518, 474.8333, 1518, 474.8333, 1524, 473.8333, 1543, 477.8333'),
(30, 492, '1809, 529, 1788, 536, 1770, 561, 1774, 578, 1778, 592, 1788, 599, 1803, 602, 1824, 602, 1841, 596, 1845, 581, 1849, 570, 1845, 554, 1840, 538, 1822, 527, 1799, 526, 1789, 536, 1777, 544'),
(16, 241, '673, 185, 685, 184, 685, 184, 689, 184, 693, 185, 698, 188, 701, 189, 707, 189, 708, 192, 714, 192, 719, 198, 723, 204, 726, 208, 727, 215, 729, 222, 727, 229, 724, 235, 718, 241, 713, 247, 708, 253, 697, 255, 687, 257, 682, 257, 670, 256, 668, 254, 665, 251, 662, 245, 659, 236, 656, 230, 653, 225, 651, 212, 658, 200, 665, 193, 668, 193, 674, 191'),
(30, 491, '1593, 198, 1579, 216, 1576, 227, 1578, 240, 1581, 251, 1591, 262, 1605, 270, 1625, 272, 1639, 267, 1646, 257, 1655, 244, 1656, 232, 1656, 222, 1652, 210, 1641, 199, 1630, 195, 1617, 188, 1605, 191, 1593, 198'),
(15, 218, '1243, 165.8333, 1246, 165.8333, 1259, 168.8333, 1268, 175.8333, 1283, 182.8333, 1275, 222.8333, 1271, 225.8333, 1269, 227.8333, 1258, 239.8333, 1242, 244.8333, 1236, 243.8333, 1232, 242.8333, 1228, 240.8333, 1222, 235.8333, 1214, 231.8333, 1208, 226.8333, 1207, 225.8333, 1203, 207.8333, 1203, 200.8333, 1203, 196.8333, 1203, 191.8333, 1205, 185.8333, 1210, 182.8333, 1213, 180.8333, 1218, 177.8333, 1224, 173.8333, 1224, 172.8333, 1225, 171.8333, 1228, 168.8333, 1233, 168.8333, 1234, 167.8333, 1237, 167.8333, 1243, 166.8333, 1245, 166.8333, 1246, 166.8333, 1248, 166.8333'),
(16, 242, '511, 529, 517, 528, 531, 526, 536, 526, 542, 529, 543, 531, 552, 537, 553, 538, 554, 541, 555, 545, 558, 548, 563, 560, 563, 567, 563, 571, 561, 577, 558, 580, 555, 584, 551, 587, 547, 593, 542, 595, 537, 596, 518, 596, 509, 594, 506, 592, 502, 588, 499, 584, 496, 579, 494, 576, 493, 571, 492, 568, 492, 557, 492, 556, 492, 551, 492, 551, 499, 541, 500, 540, 504, 537, 506, 536, 507, 536'),
(17, 247, '1820, 159.6, 1834, 162.6, 1842, 165.6, 1846, 170.6, 1850, 172.6, 1858, 178.6, 1858, 190.6, 1862, 203.6, 1853, 228.6, 1843, 232.6, 1830, 239.6, 1817, 238.6, 1806, 236.6, 1798, 232.6, 1791, 223.6, 1789, 211.6, 1786, 194.6, 1788, 185.6, 1795, 178.6, 1802, 174.6, 1809, 169.6, 1821, 164.6, 1826, 163.6, 1832, 162.6'),
(30, 493, '1394, 198, 1384, 212, 1380, 225, 1380, 238, 1383, 249, 1392, 257, 1402, 268, 1414, 267, 1425, 267, 1438, 267, 1452, 256, 1455, 247, 1457, 235, 1459, 226, 1457, 217, 1452, 207, 1448, 198, 1436, 192, 1418, 192, 1410, 192, 1396, 197, 1395, 203, 1388, 212'),
(15, 219, '1324, 419.8333, 1324, 417.8333, 1325, 417.8333, 1331, 417.8333, 1347, 424.8333, 1347, 424.8333, 1351, 432.8333, 1353, 435.8333, 1354, 436.8333, 1358, 437.8333, 1363, 448.8333, 1366, 460.8333, 1363, 468.8333, 1359, 474.8333, 1358, 475.8333, 1357, 477.8333, 1352, 484.8333, 1350, 487.8333, 1348, 490.8333, 1344, 492.8333, 1322, 498.8333, 1317, 498.8333, 1304, 493.8333, 1295, 489.8333, 1290, 484.8333, 1288, 482.8333, 1285, 475.8333, 1284, 474.8333, 1281, 467.8333, 1281, 465.8333, 1281, 462.8333, 1281, 459.8333, 1281, 458.8333, 1281, 457.8333, 1284, 452.8333, 1284, 449.8333, 1290, 435.8333, 1292, 433.8333, 1296, 430.8333, 1299, 427.8333, 1302, 425.8333, 1303, 425.8333, 1303, 424.8333, 1310, 423.8333, 1317, 421.8333, 1318, 421.8333, 1323, 419.8333, 1328, 419.8333, 1335, 419.8333, 1336, 419.8333'),
(17, 248, '1622, 162.6, 1636, 164.6, 1643, 166.6, 1654, 171.6, 1659, 178.6, 1665, 188.6, 1667, 199.6, 1667, 209.6, 1661, 221.6, 1658, 226.6, 1651, 233.6, 1642, 238.6, 1626, 238.6, 1615, 236.6, 1601, 229.6, 1592, 219.6, 1587, 207.6, 1589, 198.6, 1594, 183.6, 1600, 174.6, 1607, 168.6, 1615, 164.6, 1622, 162.6, 1635, 163.6'),
(30, 494, '1504, 497, 1489, 507, 1479, 517, 1474, 527, 1471, 536, 1472, 550, 1473, 556, 1478, 567, 1486, 572, 1496, 577, 1509, 577, 1518, 578, 1535, 570, 1543, 560, 1549, 548, 1550, 538, 1547, 527, 1546, 516, 1539, 508, 1531, 504, 1524, 502, 1515, 499, 1506, 499, 1491, 501, 1477, 515'),
(17, 250, '1426, 162.6, 1439, 162.6, 1449, 165.6, 1454, 170.6, 1464, 178.6, 1470, 191.6, 1473, 199.6, 1471, 212.6, 1467, 222.6, 1458, 232.6, 1436, 241.6, 1426, 241.6, 1416, 237.6, 1406, 230.6, 1398, 222.6, 1394, 213.6, 1394, 201.6, 1394, 194.6, 1396, 186.6, 1401, 175.6, 1407, 170.6, 1416, 163.6, 1429, 162.6');
INSERT INTO `tbl_unit_siteplan` (`id_siteplan`, `id_unit`, `coords`) VALUES
(15, 220, '1071.1667, 165.8333, 1071.1667, 165.8333, 1083.1667, 166.8333, 1085.1667, 166.8333, 1094.1667, 169.8333, 1097.1667, 172.8333, 1101.1667, 174.8333, 1103.1667, 175.8333, 1105.1667, 177.8333, 1108.1667, 185.8333, 1112.1667, 193.8333, 1112.1667, 196.8333, 1112.1667, 205.8333, 1112.1667, 217.8333, 1112.1667, 220.8333, 1112.1667, 221.8333, 1112.1667, 222.8333, 1110.1667, 225.8333, 1107.1667, 229.8333, 1107.1667, 230.8333, 1106.1667, 232.8333, 1104.1667, 235.8333, 1102.1667, 237.8333, 1100.1667, 238.8333, 1097.1667, 239.8333, 1094.1667, 240.8333, 1089.1667, 243.8333, 1085.1667, 244.8333, 1083.1667, 246.8333, 1083.1667, 246.8333, 1078.1667, 246.8333, 1077.1667, 246.8333, 1075.1667, 247.8333, 1067.1667, 247.8333, 1061.1667, 245.8333, 1057.1667, 241.8333, 1054.1667, 240.8333, 1050.1667, 237.8333, 1044.1667, 232.8333, 1041.1667, 232.8333, 1036.1667, 226.8333, 1034.1667, 223.8333, 1034.1667, 215.8333, 1034.1667, 213.8333, 1034.1667, 210.8333, 1034.1667, 197.8333, 1034.1667, 194.8333, 1037.1667, 185.8333, 1038.1667, 182.8333, 1041.1667, 182.8333, 1047.1667, 177.8333, 1047.1667, 177.8333, 1063.1667, 167.8333, 1064.1667, 167.8333, 1072.1667, 164.8333'),
(30, 495, '1231, 192, 1222, 191, 1208, 194, 1196, 201, 1192, 209, 1189, 223, 1186, 232, 1187, 244, 1198, 257, 1205, 265, 1207, 267, 1222, 269, 1233, 269, 1249, 266, 1257, 256, 1265, 246, 1265, 235, 1265, 226, 1263, 217, 1260, 211, 1255, 204, 1246, 196, 1238, 191, 1230, 190, 1214, 192, 1210, 194'),
(17, 246, '2070, 497.6, 2081, 499.6, 2094, 501.6, 2097, 506.6, 2102, 509.6, 2107, 518.6, 2109, 526.6, 2110, 538.6, 2110, 550.6, 2104, 561.6, 2098, 568.6, 2091, 573.6, 2067, 578.6, 2047, 574.6, 2042, 563.6, 2039, 522.6, 2047, 514.6, 2058, 505.6, 2067, 500.6, 2086, 498.6, 2101, 507.6'),
(16, 243, '376, 207, 379, 194, 384, 190, 388, 189, 397, 186, 434, 205, 438, 214, 439, 220, 434, 236, 432, 241, 428, 248, 422, 252, 400, 257, 387, 253, 383, 247, 380, 244, 365, 228, 362, 218, 362, 215, 369, 201, 377, 194, 389, 188, 394, 187, 423, 186'),
(15, 221, '1110.1667, 420.8333, 1110.1667, 420.8333, 1121.1667, 419.8333, 1134.1667, 424.8333, 1142.1667, 437.8333, 1142.1667, 437.8333, 1143.1667, 437.8333, 1143.1667, 439.8333, 1145.1667, 442.8333, 1147.1667, 457.8333, 1147.1667, 470.8333, 1138.1667, 480.8333, 1131.1667, 489.8333, 1122.1667, 495.8333, 1108.1667, 500.8333, 1103.1667, 500.8333, 1100.1667, 499.8333, 1092.1667, 494.8333, 1091.1667, 492.8333, 1086.1667, 487.8333, 1078.1667, 481.8333, 1077.1667, 480.8333, 1073.1667, 472.8333, 1072.1667, 468.8333, 1069.1667, 461.8333, 1069.1667, 460.8333, 1069.1667, 448.8333, 1072.1667, 441.8333, 1074.1667, 438.8333, 1085.1667, 427.8333, 1088.1667, 425.8333, 1096.1667, 422.8333, 1100.1667, 420.8333, 1103.1667, 419.8333, 1110.1667, 418.8333, 1115.1667, 420.8333'),
(17, 249, '1822, 498.6, 1836, 501.6, 1843, 503.6, 1850, 507.6, 1854, 514.6, 1859, 523.6, 1861, 534.6, 1860, 547.6, 1846, 571.6, 1833, 572.6, 1818, 576.6, 1806, 570.6, 1798, 568.6, 1787, 556.6, 1783, 538.6, 1784, 525.6, 1789, 516.6, 1797, 508.6, 1809, 501.6, 1820, 498.6'),
(16, 229, '2070, 522, 2092, 526, 2100, 531, 2100, 543, 2100, 559, 2100, 565, 2096, 575, 2092, 579, 2084, 584, 2067, 592, 2044, 584, 2041, 580, 2039, 575, 2036, 572, 2034, 565, 2033, 561, 2033, 555, 2033, 551, 2033, 548, 2035, 544, 2037, 539, 2042, 533, 2045, 530, 2048, 527, 2052, 527, 2059, 523, 2063, 523, 2068, 521, 2070, 521, 2075, 522, 2075, 522'),
(15, 222, '861.1667, 164.8333, 859.1667, 163.8333, 862.1667, 162.8333, 878.1667, 168.8333, 884.1667, 175.8333, 884.1667, 177.8333, 892.1667, 183.8333, 895.1667, 185.8333, 899.1667, 206.8333, 882.1667, 231.8333, 879.1667, 234.8333, 873.1667, 237.8333, 857.1667, 241.8333, 831.1667, 232.8333, 827.1667, 224.8333, 824.1667, 215.8333, 817.1667, 202.8333, 817.1667, 197.8333, 824.1667, 183.8333, 830.1667, 177.8333, 837.1667, 174.8333, 841.1667, 172.8333, 843.1667, 172.8333, 853.1667, 167.8333, 857.1667, 167.8333, 864.1667, 167.8333, 867.1667, 167.8333'),
(19, 277, '2065, 175, 2075, 175, 2083, 179, 2089, 185, 2099, 196, 2099, 216, 2095, 229, 2077, 252, 2056, 253, 2035, 239, 2025, 230, 2024, 214, 2024, 204, 2033, 188, 2042, 182, 2046, 178, 2050, 175'),
(16, 244, '142, 192, 149, 189, 152, 187, 158, 186, 164, 187, 171, 190, 171, 190, 174, 190, 177, 190, 181, 190, 183, 190, 186, 192, 196, 199, 198, 202, 198, 205, 201, 208, 201, 220, 201, 224, 196, 236, 195, 239, 189, 246, 186, 248, 176, 252, 171, 254, 166, 254, 161, 254, 156, 254, 155, 252, 146, 251, 142, 249, 137, 243, 135, 241, 131, 226, 130, 220, 130, 216, 128, 209, 129, 202, 133, 199, 137, 198, 142, 195, 149, 190'),
(17, 251, '1518, 469.6, 1534, 471.6, 1541, 474.6, 1548, 476.6, 1551, 482.6, 1557, 490.6, 1562, 498.6, 1560, 511.6, 1561, 522.6, 1555, 530.6, 1546, 541.6, 1541, 545.6, 1530, 549.6, 1516, 549.6, 1502, 546.6, 1494, 538.6, 1486, 526.6, 1479, 506.6, 1484, 490.6, 1490, 483.6, 1494, 474.6, 1502, 474.6, 1513, 468.6, 1520, 468.6, 1532, 470.6'),
(15, 223, '791.1667, 424.8333, 797.1667, 423.8333, 802.1667, 423.8333, 804.1667, 425.8333, 807.1667, 426.8333, 808.1667, 426.8333, 820.1667, 433.8333, 822.1667, 434.8333, 826.1667, 440.8333, 828.1667, 443.8333, 832.1667, 452.8333, 832.1667, 460.8333, 832.1667, 465.8333, 832.1667, 467.8333, 832.1667, 469.8333, 831.1667, 477.8333, 829.1667, 479.8333, 827.1667, 483.8333, 825.1667, 487.8333, 819.1667, 492.8333, 812.1667, 497.8333, 810.1667, 499.8333, 809.1667, 500.8333, 796.1667, 501.8333, 781.1667, 502.8333, 777.1667, 502.8333, 773.1667, 500.8333, 759.1667, 491.8333, 753.1667, 484.8333, 752.1667, 479.8333, 752.1667, 475.8333, 752.1667, 469.8333, 752.1667, 462.8333, 752.1667, 458.8333, 753.1667, 444.8333, 753.1667, 444.8333, 762.1667, 437.8333, 762.1667, 436.8333, 763.1667, 435.8333, 769.1667, 432.8333, 779.1667, 427.8333, 783.1667, 425.8333, 785.1667, 424.8333, 789.1667, 422.8333, 790.1667, 422.8333, 794.1667, 422.8333, 800.1667, 423.8333, 802.1667, 424.8333'),
(16, 230, '1813, 187, 1819, 186, 1824, 187, 1830, 189, 1834, 189, 1835, 190, 1843, 207, 1845, 208, 1847, 216, 1847, 218, 1847, 220, 1847, 224, 1848, 226, 1847, 229, 1845, 234, 1843, 241, 1839, 247, 1839, 249, 1818, 255, 1817, 255, 1801, 251, 1800, 251, 1796, 247, 1789, 240, 1786, 235, 1785, 229, 1785, 224, 1785, 219, 1786, 209, 1787, 204, 1794, 196, 1797, 193, 1802, 190, 1809, 187, 1813, 186, 1814, 186'),
(19, 278, '2078, 508, 2095, 514, 2105, 522, 2111, 534, 2116, 548, 2113, 564, 2099, 575, 2086, 591, 2074, 587, 2058, 585, 2049, 577, 2040, 565, 2042, 547, 2042, 538, 2045, 526, 2052, 520, 2063, 515, 2066, 514, 2068, 513'),
(16, 231, '1615, 189, 1623, 190, 1628, 190, 1637, 191, 1650, 194, 1651, 198, 1658, 221, 1653, 233, 1650, 239, 1646, 244, 1641, 247, 1637, 248, 1630, 250, 1623, 250, 1614, 250, 1612, 249, 1602, 242, 1600, 240, 1599, 237, 1595, 231, 1593, 226, 1593, 222, 1593, 218, 1593, 214, 1594, 205, 1597, 200, 1603, 193, 1608, 189, 1617, 184, 1623, 181, 1623, 181'),
(15, 224, '694, 164.8333, 694, 164.8333, 697, 164.8333, 720, 169.8333, 723, 172.8333, 738, 220.8333, 734, 218.8333, 733, 218.8333, 731, 220.8333, 725, 230.8333, 720, 235.8333, 713, 237.8333, 713, 237.8333, 709, 237.8333, 692, 242.8333, 688, 242.8333, 669, 227.8333, 659, 209.8333, 658, 203.8333, 658, 201.8333, 665, 183.8333, 668, 179.8333, 669, 176.8333, 671, 174.8333, 673, 173.8333, 676, 170.8333, 681, 168.8333, 687, 167.8333, 689, 167.8333'),
(17, 252, '1226, 161.6, 1242, 160.6, 1255, 165.6, 1262, 168.6, 1266, 174.6, 1275, 182.6, 1278, 209.6, 1276, 221.6, 1266, 230.6, 1260, 239.6, 1248, 242.6, 1235, 242.6, 1222, 240.6, 1210, 234.6, 1204, 225.6, 1200, 218.6, 1196, 206.6, 1198, 194.6, 1206, 175.6, 1221, 165.6, 1230, 160.6, 1246, 161.6'),
(19, 279, '1828, 174, 1845, 181, 1856, 196, 1861, 203, 1865, 204, 1862, 226, 1852, 238, 1842, 247, 1819, 249, 1809, 246, 1800, 239, 1795, 232, 1791, 221, 1792, 207, 1794, 196, 1802, 188, 1806, 183'),
(16, 232, '1820, 521, 1823, 520, 1831, 525, 1834, 526, 1839, 528, 1842, 530, 1844, 531, 1846, 535, 1848, 538, 1850, 542, 1853, 544, 1853, 549, 1854, 560, 1850, 571, 1848, 571, 1846, 574, 1843, 579, 1841, 581, 1833, 585, 1828, 587, 1815, 589, 1800, 582, 1798, 581, 1795, 579, 1787, 566, 1786, 563, 1784, 558, 1784, 552, 1784, 546, 1790, 531, 1794, 529, 1808, 523, 1812, 522, 1815, 522, 1818, 523'),
(15, 225, '537, 507.8333, 538, 506.8333, 553, 510.8333, 553, 511.8333, 563, 516.8333, 564, 517.8333, 572, 524.8333, 573, 533.8333, 576, 548.8333, 576, 549.8333, 572, 559.8333, 565, 570.8333, 561, 573.8333, 554, 577.8333, 546, 582.8333, 526, 584.8333, 526, 584.8333, 513, 578.8333, 506, 577.8333, 504, 575.8333, 504, 575.8333, 502, 571.8333, 498, 562.8333, 497, 559.8333, 497, 557.8333, 496, 548.8333, 496, 546.8333, 496, 543.8333, 496, 538.8333, 498, 534.8333, 499, 532.8333, 500, 530.8333, 502, 526.8333, 504, 522.8333, 507, 520.8333, 516, 514.8333, 518, 512.8333, 530, 508.8333, 535, 507.8333, 538, 506.8333, 554, 509.8333'),
(17, 253, '1321, 417.6, 1335, 418.6, 1345, 422.6, 1350, 426.6, 1356, 436.6, 1359, 444.6, 1359, 451.6, 1361, 462.6, 1357, 470.6, 1351, 480.6, 1344, 488.6, 1336, 494.6, 1325, 494.6, 1309, 493.6, 1297, 486.6, 1290, 478.6, 1283, 469.6, 1282, 458.6, 1281, 446.6, 1288, 434.6, 1294, 424.6, 1302, 422.6, 1313, 416.6, 1324, 416.6'),
(16, 233, '1429, 184, 1432, 184, 1438, 186, 1451, 194, 1452, 195, 1454, 197, 1458, 207, 1459, 212, 1462, 224, 1462, 228, 1462, 236, 1461, 237, 1455, 240, 1452, 243, 1442, 249, 1435, 254, 1430, 254, 1426, 253, 1424, 253, 1414, 253, 1413, 253, 1406, 252, 1403, 248, 1400, 243, 1399, 240, 1397, 236, 1395, 230, 1394, 229, 1393, 225, 1393, 219, 1393, 216, 1393, 212, 1394, 207, 1397, 200, 1397, 198, 1399, 196, 1403, 191, 1405, 190, 1410, 188, 1413, 188, 1429, 185, 1432, 186, 1432, 186'),
(17, 254, '1065, 161.6, 1078, 161.6, 1090, 165.6, 1095, 171.6, 1103, 175.6, 1105, 182.6, 1108, 190.6, 1109, 199.6, 1108, 211.6, 1104, 219.6, 1100, 227.6, 1094, 232.6, 1085, 238.6, 1076, 241.6, 1061, 238.6, 1053, 237.6, 1044, 230.6, 1038, 225.6, 1033, 217.6, 1031, 207.6, 1031, 195.6, 1034, 184.6, 1042, 173.6, 1051, 167.6, 1061, 163.6, 1076, 162.6'),
(15, 226, '413, 165.8333, 413, 165.8333, 413, 164.8333, 420, 167.8333, 437, 174.8333, 447, 181.8333, 451, 193.8333, 451, 196.8333, 453, 203.8333, 453, 213.8333, 450, 214.8333, 449, 216.8333, 448, 220.8333, 443, 229.8333, 428, 237.8333, 428, 237.8333, 413, 241.8333, 403, 241.8333, 393, 237.8333, 388, 234.8333, 385, 232.8333, 373, 225.8333, 373, 219.8333, 371, 209.8333, 371, 199.8333, 371, 195.8333, 372, 193.8333, 372, 192.8333, 373, 191.8333, 375, 187.8333, 378, 183.8333, 380, 181.8333, 383, 178.8333, 388, 175.8333, 388, 175.8333, 389, 174.8333, 395, 170.8333, 398, 169.8333, 401, 167.8333, 404, 166.8333, 410, 165.8333, 413, 164.8333, 415, 164.8333, 418, 164.8333, 419, 164.8333'),
(19, 280, '1632, 174, 1645, 177, 1654, 179, 1662, 189, 1670, 202, 1671, 210, 1669, 223, 1662, 236, 1647, 244, 1635, 245, 1628, 247, 1623, 247, 1608, 243, 1605, 238, 1597, 228, 1594, 224, 1592, 212, 1592, 204, 1593, 198, 1598, 189, 1608, 183, 1615, 176, 1618, 175, 1623, 172, 1625, 171, 1634, 171, 1639, 171, 1641, 171'),
(16, 234, '1522, 489, 1528, 490, 1530, 491, 1533, 492, 1539, 501, 1543, 503, 1547, 518, 1550, 523, 1552, 535, 1552, 541, 1551, 547, 1548, 552, 1545, 555, 1543, 557, 1539, 560, 1530, 561, 1527, 561, 1522, 562, 1513, 563, 1510, 563, 1506, 563, 1500, 557, 1497, 555, 1493, 553, 1492, 550, 1487, 545, 1486, 543, 1485, 537, 1483, 531, 1483, 527, 1483, 519, 1484, 515, 1486, 510, 1488, 508, 1493, 503, 1498, 498, 1500, 495, 1508, 493, 1510, 492, 1517, 490, 1517, 490'),
(15, 227, '174, 165.8333, 175, 165.8333, 186, 165.8333, 204, 179.8333, 211, 189.8333, 213, 191.8333, 218, 212.8333, 218, 213.8333, 215, 217.8333, 210, 225.8333, 203, 234.8333, 201, 235.8333, 192, 240.8333, 188, 241.8333, 180, 242.8333, 173, 246.8333, 165, 242.8333, 156, 238.8333, 149, 236.8333, 148, 232.8333, 138, 222.8333, 136, 216.8333, 136, 204.8333, 136, 196.8333, 137, 189.8333, 141, 183.8333, 142, 181.8333, 142, 179.8333, 143, 176.8333, 148, 172.8333, 157, 167.8333, 161, 166.8333, 164, 164.8333, 165, 163.8333, 168, 163.8333, 186, 162.8333'),
(17, 255, '1090, 417.6, 1099, 415.6, 1112, 415.6, 1120, 416.6, 1130, 422.6, 1136, 427.6, 1142, 436.6, 1144, 442.6, 1147, 450.6, 1145, 464.6, 1140, 471.6, 1139, 479.6, 1135, 484.6, 1126, 490.6, 1106, 495.6, 1096, 494.6, 1081, 486.6, 1072, 479.6, 1067, 465.6, 1066, 457.6, 1066, 446.6, 1068, 439.6, 1072, 431.6, 1079, 425.6, 1086, 422.6, 1091, 418.6, 1098, 416.6, 1120, 415.6'),
(16, 235, '1226, 182, 1235, 185, 1235, 185, 1235, 185, 1243, 185, 1245, 186, 1248, 188, 1251, 190, 1254, 193, 1262, 205, 1267, 215, 1269, 221, 1271, 236, 1268, 239, 1267, 240, 1263, 241, 1262, 245, 1258, 250, 1256, 252, 1253, 254, 1247, 256, 1243, 257, 1241, 258, 1238, 258, 1232, 258, 1228, 255, 1222, 254, 1220, 253, 1220, 253, 1216, 251, 1215, 248, 1212, 247, 1207, 242, 1205, 240, 1201, 237, 1198, 234, 1198, 225, 1198, 220, 1198, 215, 1200, 210, 1203, 204, 1205, 200, 1212, 199, 1219, 191, 1230, 187, 1236, 186, 1237, 186, 1244, 185'),
(19, 281, '1832, 510, 1843, 517, 1852, 520, 1859, 525, 1866, 542, 1867, 554, 1860, 571, 1848, 583, 1830, 589, 1810, 584, 1799, 576, 1790, 562, 1786, 546, 1794, 524, 1803, 519, 1814, 510, 1824, 506, 1831, 510'),
(19, 282, '1438, 173, 1452, 174, 1460, 182, 1470, 189, 1473, 206, 1474, 224, 1461, 238, 1450, 247, 1437, 251, 1432, 251, 1420, 248, 1404, 236, 1400, 232, 1397, 221, 1397, 214, 1397, 203, 1402, 196, 1406, 191, 1413, 184, 1433, 179'),
(16, 238, '1091, 438, 1102, 438, 1107, 438, 1112, 439, 1114, 440, 1118, 442, 1121, 443, 1121, 443, 1130, 452, 1132, 455, 1132, 461, 1135, 470, 1135, 470, 1136, 485, 1137, 486, 1135, 492, 1132, 496, 1130, 499, 1124, 501, 1118, 505, 1112, 507, 1105, 508, 1101, 508, 1093, 508, 1088, 508, 1083, 508, 1078, 503, 1074, 500, 1072, 497, 1071, 493, 1066, 485, 1064, 481, 1064, 477, 1064, 472, 1065, 467, 1065, 463, 1068, 459, 1071, 454, 1075, 450, 1077, 446, 1084, 442, 1089, 441, 1090, 440, 1092, 440, 1096, 438, 1098, 438, 1101, 437, 1101, 437'),
(17, 256, '840, 163.6, 854, 162.6, 864, 162.6, 871, 164.6, 879, 170.6, 882, 170.6, 889, 176.6, 891, 185.6, 894, 196.6, 890, 218.6, 882, 232.6, 874, 236.6, 862, 240.6, 852, 240.6, 844, 237.6, 838, 234.6, 826, 227.6, 821, 218.6, 816, 210.6, 814, 198.6, 816, 191.6, 823, 180.6, 834, 169.6, 846, 164.6, 854, 162.6, 859, 162.6'),
(19, 283, '1530, 483, 1549, 486, 1557, 497, 1564, 510, 1564, 526, 1560, 537, 1554, 547, 1547, 553, 1539, 555, 1533, 557, 1522, 559, 1514, 559, 1491, 538, 1491, 531, 1488, 516, 1490, 508, 1497, 498, 1505, 492, 1509, 487, 1513, 486, 1518, 486, 1522, 483'),
(17, 257, '781, 420.6, 794, 420.6, 802, 422.6, 810, 428.6, 818, 433.6, 822, 440.6, 828, 449.6, 828, 461.6, 828, 469.6, 826, 477.6, 819, 486.6, 812, 493.6, 805, 496.6, 777, 501.6, 772, 495.6, 756, 486.6, 747, 475.6, 750, 466.6, 750, 455.6, 750, 443.6, 758, 432.6, 767, 427.6, 775, 422.6, 785, 420.6'),
(30, 505, '166, 191, 146, 191, 128, 201, 123, 214, 120, 226, 130, 259, 153, 271, 174, 268, 188, 258, 195, 246, 201, 230, 194, 211, 186, 203, 179, 198, 173, 195, 166, 191, 161, 191, 140, 191, 132, 198, 126, 205'),
(19, 284, '1244, 175, 1257, 175, 1266, 184, 1277, 190, 1278, 201, 1281, 215, 1280, 227, 1274, 232, 1265, 242, 1260, 245, 1250, 249, 1246, 250, 1239, 251, 1235, 251, 1211, 240, 1211, 238, 1206, 228, 1205, 225, 1205, 219, 1205, 206, 1206, 202, 1210, 195, 1211, 193, 1216, 185, 1222, 181, 1225, 180, 1227, 179, 1227, 179, 1236, 179, 1236, 179, 1238, 178'),
(19, 285, '1324, 429, 1337, 429, 1351, 439, 1358, 453, 1364, 465, 1364, 472, 1358, 485, 1343, 503, 1334, 504, 1325, 504, 1320, 505, 1314, 505, 1302, 499, 1299, 497, 1295, 494, 1290, 489, 1286, 470, 1287, 458, 1288, 456, 1291, 452, 1292, 450, 1295, 447, 1301, 441, 1302, 437, 1305, 436, 1314, 431, 1314, 431, 1315, 431, 1315, 431, 1315, 431'),
(20, 294, '2078, 161, 2081, 161, 2084, 161, 2090, 164, 2097, 165, 2102, 166, 2108, 168, 2108, 172, 2117, 178, 2120, 184, 2090, 231, 2084, 231, 2074, 230, 2065, 225, 2058, 220, 2056, 216, 2053, 209, 2053, 202, 2053, 195, 2054, 187, 2055, 182, 2060, 176, 2066, 172, 2069, 167, 2080, 162, 2089, 161'),
(30, 506, '144, 498, 144, 522, 154, 539, 161, 545, 183, 551, 196, 552, 205, 546, 215, 541, 221, 531, 224, 521, 225, 510, 225, 500, 214, 481, 207, 477, 199, 474, 189, 473, 166, 473'),
(17, 258, '688.6, 161, 699.6, 161, 711.6, 166, 723.6, 173, 729.6, 187, 731.6, 201, 732.6, 216, 727.6, 229, 719.6, 236, 695.6, 242, 683.6, 241, 658.6, 222, 654.6, 208, 655.6, 187, 659.6, 177, 667.6, 169, 675.6, 164, 695.6, 159, 707.6, 163'),
(19, 286, '1077, 172, 1085, 173, 1094, 178, 1097, 186, 1111, 208, 1112, 218, 1104, 235, 1099, 237, 1093, 245, 1087, 248, 1079, 249, 1076, 250, 1069, 250, 1062, 248, 1043, 230, 1040, 220, 1040, 214, 1049, 188, 1059, 182, 1062, 180, 1065, 179, 1070, 177, 1073, 177, 1074, 177'),
(20, 301, '1339, 418, 1344, 417, 1351, 415, 1354, 415, 1358, 418, 1374, 422, 1377, 427, 1379, 430, 1383, 442, 1385, 448, 1386, 460, 1376, 475, 1371, 479, 1364, 484, 1355, 486, 1349, 487, 1340, 487, 1332, 485, 1327, 482, 1321, 479, 1318, 474, 1314, 465, 1312, 458, 1311, 451, 1310, 446, 1311, 438, 1313, 436, 1316, 432, 1320, 430, 1327, 425, 1331, 422, 1336, 419, 1342, 419, 1347, 419'),
(19, 287, '1114, 428, 1127, 429, 1146, 443, 1148, 444, 1146, 453, 1141, 483, 1135, 490, 1133, 496, 1125, 499, 1105, 504, 1068, 471, 1086, 436, 1091, 432, 1095, 429, 1099, 428, 1108, 429, 1110, 429, 1118, 429, 1120, 430'),
(17, 259, '524.6, 503, 536.6, 503, 548.6, 506, 555.6, 512, 560.6, 515, 565.6, 525, 570.6, 535, 571.6, 541, 568.6, 553, 568.6, 569, 561.6, 571, 552.6, 577, 543.6, 581, 532.6, 585, 520.6, 581, 510.6, 577, 503.6, 570, 495.6, 560, 490.6, 541, 497.6, 529, 502.6, 517, 510.6, 509, 520.6, 505, 527.6, 504, 534.6, 503'),
(20, 303, '1113, 422, 1117, 420, 1122, 420, 1130, 419, 1137, 419, 1154, 422, 1166, 433, 1166, 436, 1170, 446, 1172, 461, 1172, 464, 1172, 468, 1170, 470, 1167, 474, 1161, 478, 1156, 480, 1153, 482, 1148, 483, 1143, 485, 1137, 486, 1134, 486, 1126, 486, 1124, 486, 1119, 484, 1117, 482, 1115, 480, 1107, 475, 1105, 472, 1102, 466, 1101, 463, 1099, 455, 1099, 452, 1099, 444, 1099, 438, 1099, 435, 1101, 432, 1104, 430'),
(18, 260, '2061, 172.5, 2061, 172.5, 2088, 181.5, 2088, 181.5, 2092, 182.5, 2096, 234.5, 2082, 246.5, 2079, 248.5, 2074, 251.5, 2061, 253.5, 2059, 253.5, 2039, 248.5, 2035, 244.5, 2034, 242.5, 2029, 238.5, 2027, 236.5, 2024, 229.5, 2024, 223.5, 2024, 203.5, 2026, 196.5, 2047, 180.5, 2049, 178.5, 2067, 173.5'),
(20, 304, '866, 169, 869, 166, 870, 165, 877, 163, 880, 163, 887, 164, 893, 164, 897, 165, 902, 165, 905, 166, 908, 169, 910, 170, 912, 170, 915, 172, 917, 173, 918, 178, 919, 183, 919, 185, 921, 190, 922, 195, 922, 199, 922, 203, 923, 209, 921, 214, 918, 217, 915, 220, 911, 224, 906, 225, 899, 229, 892, 230, 886, 229, 882, 229, 871, 227, 868, 227, 863, 225, 860, 223, 856, 218, 852, 213, 848, 199, 848, 197, 848, 190, 849, 187, 852, 184, 853, 181, 857, 177, 861, 173, 865, 167, 869, 166, 871, 164'),
(18, 261, '2074, 509.5, 2076, 508.5, 2095, 509.5, 2101, 509.5, 2110, 529.5, 2114, 552.5, 2114, 552.5, 2114, 556.5, 2107, 571.5, 2107, 572.5, 2105, 573.5, 2098, 578.5, 2095, 579.5, 2095, 579.5, 2093, 583.5, 2089, 584.5, 2086, 584.5, 2084, 585.5, 2078, 586.5, 2073, 585.5, 2070, 585.5, 2069, 584.5, 2059, 583.5, 2056, 583.5, 2041, 565.5, 2036, 559.5, 2034, 557.5, 2032, 550.5, 2032, 544.5, 2034, 534.5, 2041, 529.5, 2049, 522.5, 2054, 518.5, 2061, 513.5, 2076, 508.5, 2078, 508.5, 2080, 508.5'),
(20, 305, '798, 425, 801, 424, 839, 429, 842, 430, 845, 433, 846, 438, 853, 452, 854, 457, 854, 462, 848, 474, 847, 477, 833, 490, 827, 490, 820, 491, 813, 491, 806, 491, 800, 489, 788, 482, 782, 471, 781, 462, 781, 461, 781, 454, 781, 453, 782, 446, 782, 444, 786, 439, 790, 434, 795, 431, 800, 428, 803, 426, 812, 424, 817, 424'),
(30, 504, '349, 477, 343, 476, 333, 475, 317, 476, 316, 473, 309, 477, 306, 479, 294, 500, 293, 508, 292, 523, 294, 530, 301, 542, 360, 534, 367, 517, 364, 496, 362, 488, 356, 484, 350, 481, 346, 477, 331, 474, 323, 473'),
(20, 306, '710, 165, 718, 164, 722, 164, 729, 165, 733, 166, 738, 167, 743, 167, 744, 167, 751, 171, 753, 174, 753, 177, 754, 180, 756, 184, 759, 201, 759, 206, 748, 222, 743, 225, 739, 226, 734, 228, 732, 228, 719, 230, 718, 230, 718, 230, 711, 232, 710, 232, 704, 228, 701, 225, 697, 222, 694, 219, 692, 213, 690, 208, 688, 203, 688, 198, 688, 193, 688, 181, 688, 181, 697, 174, 695, 196, 697, 186, 700, 170, 715, 167'),
(18, 262, '1829, 173.3333, 1830, 173.3333, 1849, 178.3333, 1862, 184.3333, 1864, 219.3333, 1864, 224.3333, 1862, 228.3333, 1861, 232.3333, 1853, 239.3333, 1848, 242.3333, 1845, 243.3333, 1844, 243.3333, 1839, 246.3333, 1831, 247.3333, 1824, 248.3333, 1819, 248.3333, 1818, 248.3333, 1801, 247.3333, 1799, 239.3333, 1794, 234.3333, 1794, 225.3333, 1793, 221.3333, 1789, 213.3333, 1789, 210.3333, 1794, 200.3333, 1797, 194.3333, 1807, 182.3333, 1831, 173.3333, 1831, 173.3333'),
(18, 263, '1631, 173.3333, 1634, 173.3333, 1644, 174.3333, 1645, 174.3333, 1654, 178.3333, 1667, 191.3333, 1668, 192.3333, 1669, 198.3333, 1670, 199.3333, 1673, 207.3333, 1670, 226.3333, 1665, 238.3333, 1661, 241.3333, 1659, 243.3333, 1654, 245.3333, 1649, 248.3333, 1634, 252.3333, 1621, 250.3333, 1614, 247.3333, 1606, 242.3333, 1603, 237.3333, 1597, 226.3333, 1607, 184.3333, 1611, 180.3333, 1625, 173.3333, 1629, 173.3333, 1645, 173.3333'),
(20, 302, '1106, 159, 1118, 162, 1127, 167, 1133, 176, 1138, 191, 1139, 206, 1135, 224, 1125, 230, 1120, 230, 1111, 234, 1110, 235, 1093, 235, 1086, 232, 1078, 226, 1076, 224, 1068, 211, 1067, 207, 1066, 183, 1068, 178, 1080, 163, 1088, 160, 1092, 159, 1101, 160, 1110, 158'),
(18, 264, '1827, 508.3333, 1849, 515.3333, 1855, 523.3333, 1869, 548.3333, 1864, 557.3333, 1857, 570.3333, 1809, 583.3333, 1803, 578.3333, 1801, 576.3333, 1796, 567.3333, 1792, 563.3333, 1792, 558.3333, 1791, 538.3333, 1812, 512.3333, 1829, 509.3333, 1842, 510.3333'),
(20, 308, '416, 171, 419, 169, 422, 167, 442, 167, 452, 169, 455, 169, 460, 171, 461, 171, 464, 172, 465, 175, 469, 181, 473, 187, 473, 192, 474, 197, 474, 200, 474, 205, 474, 209, 469, 215, 467, 217, 465, 220, 460, 223, 456, 227, 452, 229, 433, 232, 430, 232, 424, 228, 416, 226, 415, 225, 412, 220, 409, 217, 407, 214, 404, 209, 403, 206, 402, 200, 402, 197, 402, 192, 402, 190, 402, 185, 404, 184, 406, 179, 407, 176, 409, 174, 413, 169, 415, 167, 416, 167, 424, 165, 427, 164'),
(18, 265, '1434, 173.3333, 1445, 175.3333, 1456, 179.3333, 1465, 185.3333, 1474, 204.3333, 1473, 227.3333, 1471, 228.3333, 1465, 240.3333, 1440, 248.3333, 1435, 249.3333, 1427, 249.3333, 1422, 249.3333, 1418, 248.3333, 1417, 247.3333, 1405, 244.3333, 1402, 241.3333, 1401, 237.3333, 1400, 233.3333, 1397, 208.3333, 1398, 203.3333, 1403, 194.3333, 1409, 189.3333, 1414, 186.3333, 1444, 173.3333'),
(20, 307, '561, 499, 582, 501, 587, 507, 594, 520, 602, 526, 600, 543, 598, 552, 580, 573, 575, 574, 570, 574, 566, 576, 562, 577, 561, 577, 556, 575, 553, 574, 546, 570, 541, 567, 535, 564, 532, 560, 528, 557, 525, 552, 526, 522, 526, 520, 526, 520, 530, 515, 532, 514, 539, 506, 545, 503, 545, 503, 548, 502, 552, 498, 552, 498'),
(18, 266, '1528, 480.3333, 1530, 480.3333, 1553, 495.3333, 1561, 505.3333, 1564, 516.3333, 1557, 542.3333, 1543, 555.3333, 1538, 556.3333, 1535, 556.3333, 1529, 556.3333, 1524, 557.3333, 1521, 557.3333, 1519, 557.3333, 1512, 554.3333, 1508, 553.3333, 1504, 549.3333, 1499, 546.3333, 1494, 541.3333, 1491, 535.3333, 1492, 507.3333, 1502, 493.3333, 1505, 489.3333, 1519, 483.3333, 1522, 483.3333, 1532, 482.3333'),
(18, 267, '1245, 174.3333, 1256, 177.3333, 1258, 178.3333, 1272, 184.3333, 1277, 207.3333, 1278, 223.3333, 1269, 237.3333, 1252, 242.3333, 1250, 244.3333, 1228, 247.3333, 1222, 242.3333, 1208, 232.3333, 1207, 208.3333, 1212, 195.3333, 1214, 190.3333, 1229, 180.3333'),
(20, 309, '367, 440, 385, 440, 392, 441, 401, 456, 408, 465, 410, 470, 408, 488, 403, 495, 399, 503, 394, 510, 383, 519, 364, 519, 341, 504, 337, 498, 331, 489, 330, 484, 333, 472, 335, 468, 337, 462, 346, 448, 348, 446, 352, 445, 359, 441, 362, 441, 375, 440, 376, 441'),
(18, 268, '1327, 428.3333, 1339, 435.3333, 1344, 437.3333, 1356, 453.3333, 1361, 460.3333, 1361, 467.3333, 1350, 495.3333, 1345, 501.3333, 1329, 505.3333, 1329, 505.3333, 1316, 505.3333, 1312, 503.3333, 1305, 498.3333, 1301, 495.3333, 1294, 490.3333, 1286, 484.3333, 1285, 471.3333, 1287, 457.3333, 1293, 442.3333, 1295, 440.3333, 1309, 433.3333, 1314, 430.3333, 1319, 427.3333, 1328, 427.3333, 1329, 428.3333, 1329, 428.3333'),
(20, 310, '206, 158, 226, 168, 236, 183, 237, 193, 235, 214, 233, 217, 216, 231, 208, 232, 202, 235, 182, 230, 176, 223, 165, 202, 165, 196, 165, 190, 172, 170, 175, 167, 186, 161, 189, 159, 190, 157, 201, 154, 204, 154, 207, 154, 208, 155, 208, 155'),
(28, 435, '2071, 221, 2066, 219, 2057, 222, 2049, 224, 2045, 227, 2032, 236, 2027, 245, 2025, 252, 2026, 273, 2035, 288, 2044, 294, 2053, 296, 2062, 298, 2077, 298, 2089, 290, 2096, 282, 2102, 270, 2103, 258, 2103, 247, 2100, 241, 2096, 234, 2091, 230, 2085, 228, 2076, 222, 2061, 220, 2052, 224, 2045, 226'),
(20, 311, '228, 442, 235, 439, 246, 442, 250, 445, 253, 451, 255, 456, 262, 461, 267, 479, 263, 486, 255, 506, 247, 514, 241, 517, 235, 518, 229, 518, 215, 514, 206, 511, 204, 509, 201, 505, 191, 489, 198, 458, 202, 452, 206, 448, 209, 445, 215, 442, 220, 441, 222, 441, 223, 441, 223, 441, 224, 440, 225, 440'),
(18, 269, '1074, 175.3333, 1087, 177.3333, 1089, 178.3333, 1095, 182.3333, 1099, 188.3333, 1104, 189.3333, 1114, 208.3333, 1114, 211.3333, 1114, 222.3333, 1112, 230.3333, 1110, 233.3333, 1104, 240.3333, 1091, 248.3333, 1089, 248.3333, 1085, 248.3333, 1081, 248.3333, 1079, 250.3333, 1077, 250.3333, 1069, 250.3333, 1066, 249.3333, 1066, 249.3333, 1063, 247.3333, 1059, 245.3333, 1057, 243.3333, 1051, 242.3333, 1046, 239.3333, 1041, 231.3333, 1040, 224.3333, 1039, 222.3333, 1039, 214.3333, 1038, 213.3333, 1039, 202.3333, 1039, 197.3333, 1044, 190.3333, 1055, 186.3333, 1058, 182.3333, 1060, 178.3333, 1066, 177.3333, 1069, 175.3333, 1072, 174.3333, 1076, 174.3333, 1084, 174.3333'),
(20, 295, '1840, 169, 1842, 168, 1847, 166, 1868, 169, 1873, 172, 1885, 186, 1883, 205, 1845, 234, 1822, 221, 1821, 214, 1816, 197, 1816, 191, 1818, 185, 1825, 177, 1831, 171, 1838, 167, 1845, 166, 1848, 166'),
(18, 270, '1110, 428.3333, 1121, 432.3333, 1134, 437.3333, 1147, 477.3333, 1139, 493.3333, 1134, 495.3333, 1129, 496.3333, 1124, 498.3333, 1108, 504.3333, 1104, 504.3333, 1087, 502.3333, 1084, 497.3333, 1083, 493.3333, 1080, 488.3333, 1076, 478.3333, 1074, 470.3333, 1072, 464.3333, 1071, 461.3333, 1071, 456.3333, 1081, 438.3333, 1088, 435.3333, 1090, 433.3333, 1095, 430.3333, 1098, 430.3333, 1110, 428.3333, 1116, 428.3333'),
(20, 296, '1633, 174, 1639, 172, 1645, 167, 1649, 166, 1654, 166, 1671, 165, 1676, 168, 1679, 170, 1684, 173, 1688, 178, 1690, 180, 1691, 186, 1693, 197, 1693, 201, 1691, 206, 1688, 211, 1685, 216, 1682, 222, 1680, 225, 1674, 228, 1667, 231, 1661, 232, 1656, 232, 1649, 231, 1644, 230, 1640, 227, 1639, 224, 1635, 218, 1630, 214, 1628, 212, 1626, 209, 1624, 205, 1622, 201, 1622, 195, 1622, 189, 1625, 186, 1631, 177, 1634, 173, 1642, 167, 1646, 165, 1649, 165, 1650, 165'),
(20, 300, '1265, 159, 1280, 160, 1284, 161, 1288, 163, 1298, 169, 1302, 176, 1302, 181, 1307, 190, 1307, 194, 1307, 197, 1304, 203, 1301, 207, 1298, 214, 1293, 230, 1290, 231, 1284, 233, 1280, 234, 1274, 234, 1268, 235, 1262, 235, 1254, 236, 1245, 230, 1226, 210, 1228, 196, 1228, 189, 1228, 186, 1255, 164, 1256, 164, 1261, 157, 1264, 157, 1264, 157, 1268, 158, 1268, 158, 1268, 158'),
(18, 271, '860.1667, 173.3333, 878.1667, 177.3333, 889.1667, 186.3333, 897.1667, 228.3333, 883.1667, 248.3333, 877.1667, 249.3333, 860.1667, 250.3333, 858.1667, 250.3333, 847.1667, 250.3333, 840.1667, 243.3333, 834.1667, 240.3333, 832.1667, 237.3333, 829.1667, 234.3333, 829.1667, 233.3333, 828.1667, 227.3333, 826.1667, 221.3333, 825.1667, 218.3333, 824.1667, 211.3333, 826.1667, 188.3333, 833.1667, 185.3333, 839.1667, 180.3333, 840.1667, 179.3333, 844.1667, 175.3333, 851.1667, 173.3333, 854.1667, 172.3333, 854.1667, 172.3333, 864.1667, 172.3333, 864.1667, 172.3333'),
(20, 297, '1829, 505, 1834, 502, 1854, 500, 1872, 503, 1884, 510, 1884, 514, 1884, 520, 1882, 528, 1883, 538, 1883, 543, 1880, 551, 1877, 554, 1869, 565, 1852, 568, 1844, 568, 1837, 565, 1834, 561, 1824, 556, 1821, 555, 1816, 540, 1816, 534, 1817, 526, 1820, 520, 1824, 516, 1830, 510, 1836, 506, 1840, 505, 1848, 502, 1849, 502'),
(28, 436, '2062, 558, 2054, 564, 2046, 570, 2040, 579, 2038, 595, 2039, 606, 2043, 617, 2050, 625, 2063, 630, 2072, 634, 2088, 635, 2107, 624, 2115, 612, 2117, 600, 2117, 591, 2114, 576, 2108, 566, 2102, 562, 2095, 559, 2061, 554, 2057, 560, 2050, 564'),
(18, 272, '790.1667, 430.3333, 802.1667, 433.3333, 803.1667, 434.3333, 811.1667, 438.3333, 814.1667, 441.3333, 828.1667, 458.3333, 815.1667, 500.3333, 785.1667, 510.3333, 764.1667, 501.3333, 761.1667, 498.3333, 753.1667, 462.3333, 761.1667, 457.3333, 765.1667, 449.3333, 770.1667, 441.3333, 780.1667, 435.3333, 780.1667, 435.3333, 791.1667, 433.3333, 805.1667, 436.3333'),
(20, 298, '1444, 166, 1453, 163, 1456, 162, 1457, 162, 1472, 162, 1475, 163, 1482, 166, 1483, 167, 1485, 168, 1487, 174, 1489, 176, 1491, 176, 1491, 179, 1494, 185, 1496, 188, 1497, 191, 1497, 197, 1497, 205, 1495, 209, 1492, 215, 1489, 221, 1486, 225, 1480, 227, 1475, 228, 1467, 230, 1466, 230, 1463, 230, 1452, 231, 1451, 231, 1450, 231, 1443, 228, 1438, 226, 1436, 222, 1434, 219, 1434, 217, 1427, 209, 1425, 205, 1425, 197, 1425, 193, 1427, 183, 1428, 182, 1432, 178, 1436, 173, 1452, 163, 1453, 162'),
(28, 437, '1848, 222, 1818, 223, 1803, 227, 1795, 238, 1791, 244, 1788, 255, 1806, 294, 1813, 297, 1818, 299, 1830, 299, 1842, 296, 1853, 287, 1858, 283, 1860, 276, 1864, 268, 1864, 257, 1851, 225, 1850, 224, 1840, 223, 1835, 221, 1831, 221, 1824, 221, 1816, 222, 1804, 227'),
(18, 273, '696.1667, 172.3333, 696.1667, 172.3333, 698.1667, 172.3333, 703.1667, 173.3333, 715.1667, 179.3333, 726.1667, 188.3333, 735.1667, 224.3333, 732.1667, 231.3333, 725.1667, 238.3333, 719.1667, 242.3333, 717.1667, 246.3333, 697.1667, 253.3333, 693.1667, 253.3333, 690.1667, 253.3333, 687.1667, 252.3333, 687.1667, 252.3333, 677.1667, 246.3333, 677.1667, 246.3333, 664.1667, 236.3333, 663.1667, 233.3333, 661.1667, 229.3333, 660.1667, 213.3333, 659.1667, 208.3333, 660.1667, 203.3333, 663.1667, 194.3333, 667.1667, 190.3333, 670.1667, 188.3333, 681.1667, 180.3333, 683.1667, 179.3333, 684.1667, 178.3333, 691.1667, 175.3333, 701.1667, 173.3333, 710.1667, 173.3333, 713.1667, 174.3333'),
(18, 274, '533.1667, 513.3333, 537.1667, 513.3333, 541.1667, 513.3333, 543.1667, 513.3333, 548.1667, 518.3333, 557.1667, 524.3333, 564.1667, 531.3333, 573.1667, 549.3333, 557.1667, 583.3333, 515.1667, 589.3333, 509.1667, 582.3333, 506.1667, 577.3333, 500.1667, 571.3333, 498.1667, 568.3333, 499.1667, 546.3333, 503.1667, 541.3333, 512.1667, 526.3333, 514.1667, 523.3333, 515.1667, 523.3333, 522.1667, 517.3333, 523.1667, 516.3333, 526.1667, 516.3333, 533.1667, 516.3333, 537.1667, 516.3333, 538.1667, 516.3333, 550.1667, 520.3333, 556.1667, 521.3333'),
(28, 439, '1840, 557, 1832, 557, 1824, 555, 1816, 555, 1807, 559, 1800, 566, 1789, 585, 1789, 592, 1788, 600, 1789, 610, 1794, 618, 1800, 623, 1806, 627, 1822, 634, 1840, 635, 1846, 629, 1852, 626, 1861, 614, 1864, 606, 1865, 601, 1865, 596, 1859, 575, 1852, 566, 1847, 561, 1842, 560, 1833, 554, 1824, 558, 1806, 561, 1794, 568'),
(20, 299, '1550, 468, 1565, 470, 1576, 473, 1583, 477, 1585, 482, 1587, 493, 1590, 508, 1589, 510, 1586, 519, 1584, 524, 1582, 527, 1578, 534, 1574, 537, 1570, 540, 1566, 541, 1564, 542, 1556, 544, 1541, 543, 1524, 530, 1523, 528, 1515, 521, 1514, 516, 1514, 512, 1514, 505, 1514, 498, 1531, 475, 1534, 474, 1539, 471, 1541, 470, 1546, 469, 1549, 467, 1550, 467'),
(25, 383, '2044, 196, 2058, 189, 2074, 195, 2079, 197, 2089, 203, 2091, 208, 2094, 215, 2096, 217, 2096, 223, 2096, 229, 2096, 233, 2094, 237, 2091, 241, 2088, 247, 2083, 251, 2079, 255, 2076, 256, 2072, 259, 2068, 260, 2061, 260, 2053, 260, 2050, 260, 2049, 260, 2047, 258, 2043, 256, 2040, 255, 2037, 253, 2031, 249, 2029, 246, 2027, 239, 2027, 235, 2027, 229, 2028, 221, 2028, 217, 2028, 216, 2031, 211, 2035, 203, 2036, 202, 2041, 197, 2041, 194, 2043, 192, 2050, 190, 2065, 191, 2066, 192'),
(18, 275, '346.3333, 451.3333, 350.3333, 455.3333, 355.3333, 456.3333, 357.3333, 457.3333, 360.3333, 457.3333, 374.3333, 464.3333, 377.3333, 467.3333, 379.3333, 479.3333, 381.3333, 482.3333, 382.3333, 483.3333, 379.3333, 508.3333, 367.3333, 525.3333, 347.3333, 528.3333, 333.3333, 528.3333, 330.3333, 528.3333, 311.3333, 510.3333, 307.3333, 489.3333, 307.3333, 485.3333, 309.3333, 480.3333, 318.3333, 465.3333, 325.3333, 459.3333, 330.3333, 458.3333, 338.3333, 455.3333, 341.3333, 455.3333, 350.3333, 455.3333, 350.3333, 455.3333'),
(19, 288, '857, 174, 888, 179, 898, 215, 898, 220, 898, 228, 892, 237, 848, 249, 835, 236, 822, 217, 842, 178, 843, 177, 843, 177, 848, 177, 851, 177'),
(19, 289, '792, 435, 803, 435, 816, 441, 825, 446, 827, 452, 830, 468, 822, 496, 807, 507, 804, 508, 798, 510, 786, 510, 784, 510, 784, 510, 771, 500, 767, 496, 759, 491, 757, 489, 757, 476, 760, 453, 762, 448, 767, 443, 772, 441, 775, 438, 781, 436, 792, 435, 795, 435, 798, 435, 798, 435'),
(25, 391, '1311, 445, 1318, 445, 1326, 444, 1329, 444, 1341, 448, 1345, 449, 1346, 451, 1348, 454, 1351, 457, 1359, 461, 1361, 466, 1360, 470, 1359, 477, 1359, 481, 1359, 484, 1357, 490, 1355, 495, 1354, 496, 1353, 501, 1350, 506, 1346, 509, 1343, 511, 1330, 514, 1327, 516, 1321, 516, 1317, 516, 1307, 509, 1305, 508, 1298, 503, 1294, 500, 1291, 496, 1289, 492, 1289, 486, 1288, 482, 1288, 481, 1288, 475, 1288, 472, 1291, 466, 1293, 464, 1298, 451, 1298, 448, 1302, 445, 1306, 445, 1309, 445, 1324, 445, 1327, 445, 1328, 445'),
(19, 290, '700, 173, 713, 177, 729, 189, 737, 208, 737, 214, 726, 238, 723, 242, 716, 248, 701, 255, 688, 252, 676, 245, 671, 242, 659, 231, 659, 216, 659, 214, 674, 185, 679, 183, 684, 179, 692, 177, 698, 175, 698, 175'),
(28, 438, '1593, 258, 1608, 293, 1613, 293, 1625, 292, 1616, 294, 1625, 297, 1629, 298, 1638, 297, 1649, 295, 1654, 292, 1659, 287, 1665, 279, 1668, 274, 1672, 259, 1671, 253, 1671, 248, 1669, 242, 1665, 239, 1661, 233, 1659, 230, 1610, 225'),
(25, 392, '1062, 196, 1070, 194, 1074, 193, 1095, 199, 1098, 204, 1100, 207, 1101, 208, 1103, 227, 1101, 234, 1101, 239, 1101, 243, 1097, 254, 1093, 256, 1081, 258, 1074, 258, 1067, 258, 1064, 258, 1062, 258, 1056, 253, 1054, 252, 1051, 251, 1043, 238, 1043, 234, 1043, 231, 1041, 219, 1041, 214, 1041, 212, 1047, 205, 1050, 201, 1056, 198, 1065, 197, 1069, 197'),
(18, 276, '215.3333, 455.3333, 230.3333, 466.3333, 232.3333, 468.3333, 240.3333, 494.3333, 240.3333, 501.3333, 234.3333, 515.3333, 230.3333, 518.3333, 229.3333, 522.3333, 222.3333, 525.3333, 222.3333, 525.3333, 219.3333, 527.3333, 215.3333, 528.3333, 188.3333, 531.3333, 182.3333, 525.3333, 177.3333, 523.3333, 164.3333, 513.3333, 164.3333, 513.3333, 164.3333, 503.3333, 164.3333, 500.3333, 163.3333, 495.3333, 163.3333, 480.3333, 163.3333, 480.3333, 167.3333, 473.3333, 169.3333, 472.3333, 174.3333, 468.3333, 178.3333, 465.3333'),
(19, 291, '536, 514, 552, 515, 558, 525, 563, 526, 570, 531, 574, 564, 555, 589, 533, 593, 530, 593, 525, 593, 508, 577, 503, 571, 500, 533, 505, 527, 528, 518, 530, 516, 534, 515'),
(25, 393, '853, 189, 858, 189, 861, 189, 864, 189, 868, 191, 869, 192, 876, 194, 878, 196, 880, 197, 882, 199, 887, 200, 890, 204, 890, 207, 892, 210, 893, 214, 895, 222, 896, 225, 896, 227, 896, 230, 896, 232, 895, 235, 894, 238, 892, 240, 891, 242, 889, 246, 888, 249, 883, 254, 878, 257, 878, 257, 874, 258, 874, 258, 872, 259, 867, 260, 865, 260, 863, 262, 862, 262, 859, 262, 856, 262, 855, 262, 855, 262, 850, 260, 847, 260, 846, 260, 842, 255, 841, 253, 840, 252, 838, 256, 832, 250, 830, 244, 827, 237, 825, 232, 825, 216, 828, 207, 830, 204, 834, 203, 842, 197, 844, 196, 853, 192, 855, 192'),
(28, 441, '1525, 529, 1521, 527, 1513, 528, 1505, 533, 1492, 546, 1485, 566, 1494, 593, 1500, 599, 1504, 601, 1510, 603, 1516, 605, 1530, 607, 1546, 602, 1551, 597, 1554, 593, 1561, 589, 1566, 584, 1567, 575, 1567, 563, 1566, 558, 1563, 548, 1561, 545, 1556, 538, 1555, 535, 1548, 531, 1543, 529, 1537, 528, 1534, 527, 1526, 526, 1508, 530, 1502, 536, 1498, 541, 1494, 545, 1493, 547, 1491, 551'),
(25, 384, '2063, 533, 2067, 532, 2077, 530, 2082, 530, 2095, 534, 2097, 537, 2100, 543, 2102, 545, 2104, 549, 2105, 556, 2106, 562, 2106, 567, 2107, 572, 2098, 585, 2096, 589, 2084, 595, 2068, 594, 2064, 592, 2057, 589, 2055, 587, 2051, 585, 2047, 583, 2046, 579, 2043, 575, 2042, 569, 2041, 562, 2041, 558, 2042, 555, 2047, 552, 2049, 548, 2051, 544, 2052, 540, 2060, 533, 2065, 530, 2068, 529, 2074, 528, 2077, 527, 2079, 527'),
(28, 440, '1405, 233, 1402, 239, 1398, 257, 1398, 266, 1402, 276, 1412, 290, 1419, 293, 1420, 293, 1438, 299, 1445, 298, 1455, 292, 1463, 290, 1468, 283, 1473, 277, 1475, 269, 1476, 257, 1474, 250, 1471, 239, 1469, 237, 1464, 232, 1458, 226, 1451, 223, 1443, 220, 1434, 220, 1429, 221, 1421, 224, 1418, 226, 1408, 231, 1402, 238, 1398, 245, 1396, 250, 1396, 257, 1397, 277'),
(19, 292, '343, 458, 364, 461, 384, 501, 384, 509, 365, 524, 356, 525, 348, 527, 342, 528, 329, 528, 308, 498, 309, 491, 310, 485, 313, 475, 314, 471, 321, 465, 328, 461, 336, 459, 340, 459'),
(25, 397, '395, 193, 402, 192, 407, 190, 413, 190, 421, 190, 425, 191, 429, 194, 431, 194, 436, 199, 439, 200, 443, 208, 445, 212, 445, 214, 447, 226, 447, 231, 447, 237, 445, 241, 443, 244, 439, 248, 432, 253, 426, 255, 424, 255, 415, 258, 410, 258, 403, 257, 393, 253, 391, 252, 390, 251, 387, 241, 384, 237, 377, 231, 377, 225, 377, 222, 377, 218, 378, 215, 380, 209, 383, 207, 391, 201, 392, 200, 398, 196, 398, 195'),
(19, 293, '201, 455, 203, 456, 223, 461, 230, 463, 233, 475, 236, 485, 239, 490, 223, 524, 221, 525, 211, 527, 208, 531, 200, 531, 195, 532, 193, 532, 187, 527, 179, 523, 173, 518, 170, 515, 164, 509, 162, 507, 161, 498, 161, 493, 161, 487, 162, 482, 162, 478, 163, 471, 163, 469, 165, 466, 182, 462, 186, 460, 196, 454, 198, 453, 202, 452, 209, 449'),
(28, 442, '1352, 485, 1341, 479, 1320, 477, 1316, 475, 1300, 480, 1289, 490, 1287, 498, 1283, 508, 1284, 515, 1291, 535, 1305, 547, 1315, 549, 1320, 549, 1327, 550, 1332, 550, 1348, 547, 1355, 538, 1358, 535, 1361, 530, 1363, 521, 1366, 511, 1365, 504, 1360, 495, 1355, 487, 1354, 484, 1346, 479, 1340, 477, 1334, 476, 1327, 474, 1321, 474, 1314, 474, 1311, 475, 1301, 480, 1290, 491, 1290, 494, 1285, 500, 1283, 508'),
(25, 394, '790, 451, 797, 449, 804, 452, 817, 464, 817, 465, 819, 467, 823, 477, 829, 490, 823, 505, 819, 509, 805, 518, 794, 523, 788, 523, 781, 517, 769, 513, 768, 512, 761, 504, 759, 499, 756, 490, 756, 487, 756, 480, 756, 476, 757, 473, 760, 467, 763, 462, 765, 461, 786, 449, 790, 449, 792, 449'),
(25, 395, '675, 198, 679, 197, 686, 196, 700, 196, 708, 196, 712, 196, 715, 197, 719, 199, 721, 201, 721, 201, 725, 204, 727, 207, 727, 207, 731, 210, 733, 215, 726, 243, 720, 250, 717, 253, 697, 258, 697, 258, 684, 259, 679, 253, 676, 250, 672, 247, 670, 241, 669, 239, 666, 236, 666, 232, 664, 228, 663, 222, 663, 220, 664, 212, 665, 208, 667, 208, 673, 202, 678, 196, 683, 193, 691, 193, 691, 193'),
(28, 443, '1095, 474, 1087, 481, 1083, 488, 1078, 494, 1075, 501, 1072, 511, 1072, 516, 1072, 522, 1079, 533, 1081, 536, 1085, 544, 1086, 545, 1102, 550, 1104, 550, 1111, 551, 1128, 551, 1132, 546, 1137, 542, 1141, 539, 1143, 533, 1145, 528, 1147, 520, 1148, 511, 1148, 505, 1148, 498, 1143, 491, 1140, 487, 1132, 483, 1129, 479, 1123, 477, 1117, 476, 1113, 473, 1104, 472, 1089, 482, 1085, 485, 1080, 487, 1071, 507, 1070, 514, 1071, 520'),
(25, 396, '519, 535, 522, 534, 528, 535, 539, 536, 557, 544, 560, 545, 564, 549, 567, 559, 567, 563, 567, 566, 563, 567, 567, 571, 568, 583, 563, 591, 557, 593, 548, 600, 529, 603, 518, 595, 510, 590, 507, 585, 506, 580, 501, 566, 501, 559, 502, 554, 504, 551, 509, 547, 535, 534, 543, 534'),
(21, 277, ''),
(22, 330, '1849, 173.3333, 1849, 173.3333, 1852, 173.3333, 1854, 173.3333, 1855, 173.3333, 1858, 173.3333, 1861, 176.3333, 1862, 176.3333, 1864, 176.3333, 1866, 178.3333, 1866, 178.3333, 1867, 178.3333, 1879, 183.3333, 1879, 184.3333, 1883, 192.3333, 1884, 195.3333, 1884, 198.3333, 1884, 201.3333, 1884, 201.3333, 1884, 204.3333, 1885, 205.3333, 1885, 207.3333, 1886, 213.3333, 1886, 223.3333, 1886, 224.3333, 1880, 236.3333, 1880, 236.3333, 1879, 239.3333, 1875, 242.3333, 1874, 242.3333, 1868, 246.3333, 1866, 248.3333, 1864, 249.3333, 1863, 251.3333, 1860, 252.3333, 1860, 252.3333, 1854, 252.3333, 1847, 253.3333, 1846, 253.3333, 1846, 253.3333, 1846, 253.3333, 1842, 253.3333, 1839, 253.3333, 1836, 251.3333, 1834, 251.3333, 1827, 248.3333, 1825, 248.3333, 1825, 246.3333, 1823, 243.3333, 1818, 240.3333, 1818, 240.3333, 1815, 237.3333, 1814, 234.3333, 1812, 230.3333, 1812, 228.3333, 1812, 223.3333, 1812, 223.3333, 1812, 222.3333, 1809, 218.3333, 1809, 218.3333, 1809, 206.3333, 1809, 205.3333, 1809, 204.3333, 1809, 204.3333, 1809, 200.3333, 1811, 196.3333, 1814, 193.3333, 1814, 191.3333, 1815, 188.3333, 1821, 184.3333, 1822, 184.3333, 1825, 183.3333, 1828, 182.3333, 1830, 180.3333, 1833, 179.3333, 1837, 178.3333, 1839, 176.3333, 1842, 176.3333, 1855, 173.3333, 1857, 173.3333'),
(21, 279, ''),
(21, 280, ''),
(28, 444, '859, 222, 853, 220, 847, 224, 840, 226, 833, 234, 830, 239, 822, 247, 822, 250, 832, 286, 837, 292, 840, 294, 849, 296, 854, 298, 867, 299, 875, 295, 880, 291, 886, 287, 891, 282, 893, 280, 895, 274, 897, 271, 899, 263, 901, 256, 900, 249, 897, 243, 894, 240, 888, 234, 883, 227, 879, 225, 871, 222, 861, 222, 855, 222, 851, 222, 843, 226, 838, 232, 832, 233, 826, 239, 823, 246, 821, 261'),
(25, 398, '342, 471, 346, 471, 361, 473, 369, 483, 373, 484, 378, 488, 379, 489, 382, 498, 382, 501, 382, 513, 381, 517, 379, 523, 377, 528, 373, 532, 366, 535, 359, 539, 353, 539, 346, 538, 338, 536, 335, 536, 325, 534, 318, 530, 315, 527, 311, 522, 309, 516, 308, 512, 308, 506, 308, 502, 308, 500, 308, 494, 311, 490, 314, 486, 334, 475, 338, 473, 342, 473, 343, 473, 345, 473'),
(28, 445, '777, 482, 770, 488, 765, 496, 760, 492, 759, 496, 757, 500, 754, 511, 754, 528, 760, 536, 766, 547, 769, 550, 773, 552, 779, 554, 787, 555, 792, 555, 797, 556, 809, 555, 813, 552, 817, 547, 824, 540, 827, 535, 830, 527, 831, 522, 831, 512, 831, 506, 829, 501, 826, 493, 819, 488, 815, 484, 810, 482, 804, 480, 799, 480, 788, 478, 779, 478, 769, 488, 767, 489, 760, 493, 756, 501, 753, 504, 753, 511, 754, 515'),
(25, 399, '169, 192, 176, 192, 179, 194, 185, 194, 193, 198, 197, 200, 204, 203, 204, 203, 207, 211, 207, 226, 208, 231, 206, 238, 205, 244, 201, 248, 195, 251, 177, 259, 173, 258, 166, 258, 161, 258, 154, 255, 149, 253, 147, 251, 145, 250, 143, 247, 140, 243, 139, 241, 138, 235, 138, 230, 138, 227, 138, 221, 138, 217, 139, 213, 142, 210, 146, 205, 150, 202, 153, 199, 159, 196, 166, 193, 170, 193'),
(25, 400, '193, 473, 200, 473, 206, 473, 209, 474, 220, 477, 225, 479, 227, 480, 229, 483, 232, 488, 232, 489, 235, 496, 237, 499, 238, 502, 239, 506, 239, 511, 238, 514, 237, 516, 235, 520, 235, 521, 233, 525, 229, 529, 227, 533, 224, 536, 220, 538, 214, 542, 208, 544, 206, 545, 205, 545, 194, 544, 192, 543, 190, 543, 187, 542, 186, 541, 182, 540, 179, 539, 176, 533, 175, 532, 173, 528, 171, 523, 170, 521, 167, 519, 165, 508, 165, 506, 165, 503, 165, 499, 166, 495, 169, 490, 171, 488, 174, 483, 179, 483, 184, 479, 188, 478, 191, 477, 192, 477, 194, 477'),
(28, 446, '675, 225, 671, 230, 664, 236, 657, 254, 657, 268, 678, 290, 689, 298, 693, 298, 709, 296, 714, 294, 723, 289, 732, 280, 737, 250, 737, 241, 730, 235, 723, 229, 711, 222, 699, 220, 679, 220, 654, 257, 660, 269, 660, 270, 662, 274'),
(22, 331, '1650, 172.3333, 1674, 179.3333, 1694, 210.3333, 1682, 242.3333, 1655, 252.3333, 1629, 247.3333, 1614, 221.3333, 1620, 190.3333, 1650, 175.3333, 1684, 186.3333, 1694, 216.3333'),
(25, 385, '1813, 192, 1825, 192, 1832, 194, 1849, 203, 1854, 204, 1854, 208, 1856, 214, 1859, 220, 1862, 226, 1861, 242, 1856, 245, 1853, 250, 1841, 258, 1837, 259, 1831, 259, 1816, 259, 1815, 258, 1804, 252, 1800, 249, 1796, 244, 1793, 236, 1791, 232, 1790, 226, 1790, 222, 1791, 210, 1796, 207, 1799, 203, 1806, 197, 1810, 194, 1821, 191, 1825, 191, 1831, 192'),
(28, 448, '397, 222, 390, 227, 383, 237, 375, 244, 382, 282, 386, 288, 402, 296, 415, 298, 421, 298, 430, 296, 437, 291, 442, 286, 445, 279, 449, 274, 451, 268, 452, 263, 448, 245, 447, 236, 442, 234, 434, 229, 430, 225, 420, 221, 418, 220, 412, 219, 390, 228, 385, 232, 379, 237, 376, 243, 374, 248, 370, 264'),
(22, 332, '1845, 509.3333, 1869, 515.3333, 1889, 546.3333, 1879, 572.3333, 1874, 581.3333, 1851, 589.3333, 1823, 580.3333, 1808, 556.3333, 1821, 518.3333, 1851, 510.3333'),
(25, 386, '1608, 200, 1621, 194, 1627, 194, 1629, 194, 1635, 195, 1646, 199, 1646, 201, 1646, 201, 1646, 201, 1657, 202, 1660, 205, 1664, 213, 1669, 227, 1670, 232, 1670, 237, 1659, 248, 1641, 258, 1635, 258, 1629, 256, 1616, 255, 1614, 253, 1607, 247, 1604, 244, 1601, 239, 1598, 234, 1597, 230, 1595, 226, 1596, 215, 1598, 213, 1601, 211, 1605, 207, 1613, 197, 1616, 194, 1620, 193, 1630, 192, 1632, 192'),
(28, 450, '190, 221, 179, 219, 170, 219, 162, 221, 153, 226, 145, 233, 141, 240, 138, 269, 140, 278, 150, 289, 153, 291, 172, 299, 179, 299, 188, 297, 193, 295, 200, 290, 207, 286, 214, 274, 215, 268, 217, 260, 216, 248, 210, 236, 208, 232, 201, 225, 190, 220, 180, 216, 175, 220, 171, 220, 145, 235, 144, 239, 141, 244, 138, 249, 137, 252'),
(25, 387, '1815, 526, 1833, 526, 1840, 530, 1843, 532, 1849, 538, 1851, 544, 1853, 552, 1857, 571, 1855, 577, 1850, 583, 1840, 589, 1836, 589, 1825, 591, 1821, 591, 1812, 591, 1808, 587, 1802, 581, 1799, 577, 1795, 571, 1793, 567, 1791, 553, 1793, 548, 1794, 545, 1799, 541, 1805, 536, 1809, 533, 1810, 532, 1816, 530, 1821, 530, 1824, 530, 1827, 530'),
(22, 333, '1459, 173.3333, 1478, 179.3333, 1493, 192.3333, 1497, 214.3333, 1494, 228.3333, 1485, 243.3333, 1463, 252.3333, 1444, 249.3333, 1429, 240.3333, 1419, 219.3333, 1421, 195.3333, 1437, 178.3333, 1460, 173.3333'),
(28, 447, '534, 563, 525, 567, 516, 570, 505, 576, 500, 584, 497, 597, 495, 611, 506, 623, 508, 629, 513, 635, 523, 637, 527, 638, 533, 640, 545, 639, 549, 637, 557, 635, 562, 632, 566, 627, 568, 622, 571, 618, 574, 611, 575, 607, 575, 607, 575, 598, 574, 592, 571, 585, 568, 576, 564, 571, 558, 568, 555, 566, 544, 563, 534, 561, 530, 562, 519, 567, 515, 571, 507, 575, 499, 586, 496, 595'),
(25, 388, '1423, 196, 1429, 196, 1432, 196, 1438, 196, 1451, 197, 1456, 199, 1461, 204, 1463, 206, 1465, 221, 1465, 233, 1465, 235, 1462, 244, 1454, 252, 1452, 255, 1447, 257, 1445, 257, 1445, 257, 1444, 258, 1438, 258, 1438, 258, 1433, 258, 1428, 256, 1425, 254, 1419, 250, 1417, 249, 1412, 242, 1409, 239, 1402, 235, 1401, 231, 1400, 225, 1400, 218, 1401, 211, 1405, 208, 1406, 205, 1409, 203, 1414, 200, 1416, 199, 1426, 192, 1428, 191, 1432, 190, 1434, 190'),
(22, 334, '1549, 481.3333, 1570, 489.3333, 1578, 497.3333, 1588, 516.3333, 1583, 538.3333, 1574, 553.3333, 1549, 561.3333, 1532, 557.3333, 1519, 547.3333, 1507, 523.3333, 1516, 497.3333, 1532, 486.3333, 1554, 483.3333'),
(25, 389, '1514, 499, 1525, 500, 1539, 504, 1545, 508, 1547, 510, 1556, 519, 1559, 525, 1560, 532, 1559, 538, 1558, 544, 1549, 559, 1545, 562, 1533, 563, 1527, 564, 1519, 565, 1511, 563, 1504, 558, 1494, 550, 1492, 546, 1491, 538, 1491, 532, 1492, 528, 1492, 519, 1492, 518, 1497, 513, 1503, 508, 1506, 505, 1514, 500, 1522, 498, 1526, 496'),
(28, 449, '347, 497, 337, 503, 331, 505, 324, 509, 317, 516, 315, 523, 311, 528, 307, 544, 319, 568, 324, 573, 336, 578, 359, 579, 367, 576, 373, 572, 376, 566, 379, 562, 383, 557, 385, 552, 387, 544, 387, 538, 387, 531, 385, 522, 380, 518, 377, 513, 372, 507, 370, 504, 361, 501, 356, 500, 346, 499, 339, 502, 324, 508, 320, 510, 314, 515, 311, 518, 309, 520, 305, 542, 305, 549'),
(25, 390, '1222, 197, 1225, 196, 1229, 194, 1243, 193, 1249, 193, 1256, 193, 1263, 206, 1267, 210, 1268, 213, 1271, 222, 1271, 227, 1269, 245, 1262, 256, 1256, 258, 1242, 259, 1240, 259, 1236, 259, 1231, 257, 1229, 255, 1226, 253, 1218, 249, 1217, 248, 1214, 242, 1209, 237, 1208, 234, 1206, 227, 1206, 226, 1206, 219, 1209, 213, 1211, 210, 1213, 204, 1217, 200, 1223, 197, 1228, 196, 1235, 192'),
(28, 451, '232, 511, 230, 509, 227, 507, 212, 504, 206, 503, 195, 502, 181, 507, 175, 511, 166, 531, 164, 550, 166, 555, 171, 563, 174, 567, 181, 572, 188, 575, 195, 578, 198, 579, 207, 579, 209, 579, 217, 577, 223, 571, 227, 568, 231, 564, 234, 560, 238, 556, 240, 552, 240, 546, 240, 538, 238, 529, 237, 524, 236, 520, 233, 514, 229, 511, 229, 511, 223, 506, 217, 504, 217, 504, 208, 501, 196, 500, 188, 503, 179, 507, 174, 515, 169, 519, 164, 525, 161, 546'),
(22, 335, '1260.1667, 174.3333, 1279.1667, 176.3333, 1298.1667, 188.3333, 1297.1667, 230.3333, 1287.1667, 245.3333, 1268.1667, 253.3333, 1253.1667, 251.3333, 1231.1667, 239.3333, 1224.1667, 217.3333, 1226.1667, 198.3333, 1237.1667, 181.3333, 1262.1667, 174.3333'),
(21, 312, '2092, 166, 2107, 176, 2110, 186, 2110, 192, 2110, 219, 2105, 226, 2100, 229, 2095, 234, 2090, 240, 2097, 237, 2021, 202, 2025, 175, 2073, 159, 2091, 165, 2095, 169'),
(22, 336, '1342.1667, 426.3333, 1364.1667, 432.3333, 1380.1667, 447.3333, 1378.1667, 468.3333, 1375.1667, 493.3333, 1365.1667, 503.3333, 1349.1667, 504.3333, 1314.1667, 490.3333, 1307.1667, 467.3333, 1313.1667, 445.3333, 1335.1667, 430.3333, 1350.1667, 427.3333'),
(22, 337, '1092.1667, 174.3333, 1111.1667, 176.3333, 1130.1667, 189.3333, 1136.1667, 213.3333, 1127.1667, 237.3333, 1116.1667, 249.3333, 1098.1667, 254.3333, 1084.1667, 254.3333, 1065.1667, 239.3333, 1053.1667, 211.3333, 1065.1667, 188.3333, 1077.1667, 179.3333, 1094.1667, 173.3333, 1114.1667, 180.3333'),
(26, 401, '2032, 191, 2052, 191, 2064, 197, 2079, 215, 2080, 234, 2075, 247, 2066, 260, 2057, 264, 2042, 268, 2026, 267, 2017, 257, 2009, 245, 2006, 229, 2006, 213, 2015, 204, 2029, 195, 2040, 190');
INSERT INTO `tbl_unit_siteplan` (`id_siteplan`, `id_unit`, `coords`) VALUES
(22, 338, '1128.1667, 427.3333, 1151.1667, 433.3333, 1163.1667, 445.3333, 1172.1667, 470.3333, 1166.1667, 485.3333, 1156.1667, 498.3333, 1132.1667, 507.3333, 1111.1667, 502.3333, 1094.1667, 487.3333, 1091.1667, 464.3333, 1097.1667, 442.3333, 1110.1667, 434.3333, 1130.1667, 428.3333'),
(26, 409, '1302, 448, 1307, 447, 1312, 447, 1315, 447, 1318, 450, 1319, 451, 1322, 453, 1327, 454, 1332, 459, 1333, 463, 1335, 468, 1338, 472, 1340, 478, 1340, 484, 1339, 484, 1337, 484, 1337, 491, 1336, 499, 1332, 506, 1329, 508, 1326, 510, 1322, 513, 1318, 515, 1312, 518, 1308, 520, 1301, 520, 1295, 520, 1293, 518, 1287, 516, 1283, 514, 1281, 511, 1279, 509, 1277, 506, 1273, 503, 1270, 500, 1267, 494, 1267, 493, 1266, 491, 1266, 485, 1265, 484, 1265, 479, 1266, 476, 1266, 476, 1269, 467, 1269, 466, 1271, 464, 1278, 458, 1278, 458, 1283, 454, 1284, 451, 1288, 449, 1293, 447, 1303, 444, 1308, 444, 1310, 446, 1313, 446'),
(22, 339, '879.1667, 173.3333, 899.1667, 178.3333, 909.1667, 186.3333, 920.1667, 209.3333, 916.1667, 235.3333, 903.1667, 247.3333, 883.1667, 252.3333, 868.1667, 249.3333, 852.1667, 237.3333, 842.1667, 216.3333, 850.1667, 185.3333, 863.1667, 178.3333, 883.1667, 173.3333'),
(30, 515, ''),
(22, 340, '818.1667, 433.3333, 836.1667, 440.3333, 848.1667, 453.3333, 846.1667, 494.3333, 835.1667, 505.3333, 819.1667, 510.3333, 798.1667, 511.3333, 788.1667, 505.3333, 774.1667, 465.3333, 774.1667, 457.3333, 782.1667, 444.3333, 799.1667, 437.3333, 818.1667, 432.3333'),
(26, 411, '824, 193, 833, 193, 839, 192, 843, 192, 845, 192, 854, 191, 867, 198, 870, 203, 873, 212, 879, 218, 875, 229, 873, 234, 870, 240, 868, 244, 867, 249, 861, 256, 854, 259, 843, 263, 833, 263, 825, 262, 820, 260, 815, 256, 808, 251, 806, 246, 805, 237, 805, 233, 805, 228, 804, 221, 804, 216, 804, 212, 806, 205, 811, 201, 816, 198, 823, 193, 824, 193, 830, 193, 835, 192, 839, 192'),
(30, 516, ''),
(30, 517, ''),
(30, 518, ''),
(30, 519, ''),
(30, 520, ''),
(26, 410, '1042, 195, 1045, 195, 1054, 195, 1059, 195, 1063, 195, 1068, 196, 1072, 198, 1075, 199, 1078, 202, 1080, 206, 1082, 211, 1087, 220, 1088, 225, 1089, 233, 1089, 237, 1088, 241, 1084, 245, 1081, 248, 1077, 253, 1075, 257, 1073, 259, 1068, 262, 1061, 263, 1057, 266, 1048, 266, 1043, 266, 1038, 263, 1034, 260, 1032, 258, 1029, 255, 1028, 252, 1022, 248, 1020, 245, 1017, 239, 1016, 233, 1016, 229, 1016, 223, 1016, 220, 1016, 216, 1019, 212, 1023, 209, 1025, 207, 1030, 203, 1034, 200, 1040, 198, 1045, 196, 1049, 195, 1053, 194'),
(30, 521, ''),
(30, 522, ''),
(22, 341, '717.3333, 173.3333, 736.3333, 178.3333, 750.3333, 188.3333, 760.3333, 211.3333, 744.3333, 244.3333, 724.3333, 253.3333, 701.3333, 250.3333, 684.3333, 236.3333, 678.3333, 217.3333, 683.3333, 193.3333, 697.3333, 177.3333, 717.3333, 172.3333'),
(26, 412, '772, 451, 773, 451, 778, 451, 785, 455, 785, 455, 786, 456, 788, 456, 789, 457, 792, 459, 794, 460, 797, 463, 801, 468, 801, 469, 806, 475, 808, 477, 809, 482, 809, 495, 809, 497, 808, 502, 807, 505, 802, 511, 796, 513, 796, 514, 790, 517, 781, 520, 775, 522, 767, 522, 762, 522, 759, 522, 758, 521, 753, 520, 752, 519, 746, 517, 744, 513, 743, 510, 735, 502, 735, 496, 735, 493, 735, 489, 735, 482, 736, 478, 739, 474, 740, 469, 745, 459, 750, 456'),
(21, 319, '1304, 410, 1354, 407, 1369, 421, 1371, 438, 1371, 455, 1372, 473, 1364, 484, 1349, 498, 1327, 499, 1308, 497, 1295, 490, 1288, 481, 1286, 473, 1284, 446, 1284, 441, 1287, 430, 1297, 416, 1304, 411, 1314, 411, 1316, 410, 1316, 410'),
(30, 503, '372, 198, 366, 207, 360, 216, 358, 230, 358, 238, 367, 257, 371, 261, 385, 269, 393, 269, 403, 270, 411, 270, 420, 266, 430, 258, 432, 252, 434, 244, 437, 236, 436, 230, 433, 223, 433, 216, 426, 209, 424, 202, 420, 198, 385, 198, 375, 198, 369, 201, 364, 202'),
(22, 342, '555.3333, 515.3333, 575.3333, 520.3333, 592.3333, 536.3333, 597.3333, 556.3333, 589.3333, 580.3333, 580.3333, 587.3333, 558.3333, 593.3333, 539.3333, 593.3333, 522.3333, 580.3333, 517.3333, 558.3333, 519.3333, 535.3333, 537.3333, 523.3333, 558.3333, 515.3333'),
(26, 413, '656, 197, 679, 195, 698, 199, 702, 202, 704, 205, 708, 213, 709, 214, 711, 222, 708, 234, 706, 241, 704, 246, 700, 250, 697, 255, 682, 262, 675, 262, 658, 262, 653, 260, 651, 254, 648, 251, 647, 246, 644, 240, 644, 238, 642, 234, 642, 228, 642, 225, 642, 218, 642, 214, 642, 214, 644, 213, 646, 207, 646, 206, 652, 200, 653, 199, 662, 195, 665, 195'),
(21, 282, ''),
(30, 501, '662, 199, 656, 203, 652, 207, 646, 212, 644, 218, 642, 236, 644, 241, 652, 257, 658, 262, 663, 265, 667, 267, 671, 269, 674, 269, 681, 269, 684, 269, 691, 269, 699, 267, 706, 260, 710, 257, 715, 251, 719, 245, 719, 237, 720, 229, 722, 223, 718, 214, 710, 209, 707, 203, 703, 197, 651, 205'),
(22, 343, '430.3333, 173.3333, 447.3333, 174.3333, 467.3333, 192.3333, 474.3333, 214.3333, 470.3333, 232.3333, 458.3333, 247.3333, 417.3333, 249.3333, 405.3333, 239.3333, 394.3333, 220.3333, 397.3333, 195.3333, 413.3333, 179.3333, 432.3333, 172.3333'),
(26, 414, '520, 532, 525, 532, 534, 539, 535, 541, 541, 545, 550, 552, 553, 563, 552, 579, 549, 585, 545, 590, 545, 590, 538, 597, 536, 601, 531, 605, 525, 606, 519, 608, 515, 609, 507, 610, 505, 609, 503, 605, 500, 604, 497, 602, 492, 601, 491, 599, 489, 596, 488, 595, 484, 590, 483, 590, 480, 590, 477, 581, 477, 578, 477, 577, 477, 569, 479, 566, 478, 561, 483, 556, 487, 549, 489, 546, 494, 542, 502, 538, 511, 535, 513, 534'),
(30, 499, '842, 192, 834, 195, 829, 195, 822, 204, 818, 208, 816, 210, 811, 214, 809, 216, 807, 222, 806, 226, 807, 243, 808, 250, 812, 256, 817, 260, 824, 265, 829, 267, 832, 267, 839, 270, 841, 270, 847, 270, 852, 269, 853, 268, 859, 266, 876, 261, 878, 255, 885, 246, 886, 241, 886, 229, 886, 224, 882, 212, 879, 209, 876, 207, 874, 204, 868, 199, 864, 196, 857, 194, 848, 193, 840, 193, 829, 194, 826, 197, 822, 197, 817, 199, 814, 205, 811, 209, 808, 219, 808, 222, 806, 226'),
(22, 344, '367.3333, 453.3333, 389.3333, 459.3333, 407.3333, 493.3333, 403.3333, 513.3333, 392.3333, 528.3333, 370.3333, 533.3333, 346.3333, 528.3333, 333.3333, 519.3333, 332.3333, 473.3333, 346.3333, 460.3333, 368.3333, 455.3333'),
(26, 415, '388, 195, 388, 194, 395, 195, 396, 196, 405, 198, 410, 202, 415, 202, 417, 203, 420, 209, 423, 213, 428, 224, 428, 228, 428, 232, 427, 233, 424, 238, 421, 242, 421, 244, 420, 247, 420, 253, 417, 256, 414, 256, 409, 258, 404, 260, 397, 260, 392, 260, 388, 263, 385, 263, 380, 262, 376, 259, 368, 255, 367, 253, 363, 249, 360, 245, 358, 241, 356, 238, 355, 231, 355, 226, 354, 223, 354, 220, 354, 216, 355, 213, 358, 210, 359, 208, 363, 204, 367, 201, 372, 201, 377, 201, 383, 200, 387, 199'),
(30, 497, '1049, 191, 1035, 198, 1026, 215, 1024, 219, 1020, 228, 1020, 233, 1028, 258, 1033, 260, 1054, 266, 1058, 267, 1068, 267, 1074, 264, 1083, 261, 1086, 258, 1089, 254, 1093, 246, 1094, 240, 1097, 235, 1097, 216, 1093, 209, 1089, 205, 1087, 201, 1080, 196, 1074, 194, 1072, 193, 1060, 191, 1052, 191, 1045, 192, 1034, 195, 1027, 204, 1025, 206, 1025, 206, 1015, 216'),
(22, 345, '196.3333, 252.3333, 214.3333, 250.3333, 229.3333, 238.3333, 237.3333, 213.3333, 231.3333, 193.3333, 217.3333, 179.3333, 197.3333, 172.3333, 175.3333, 178.3333, 162.3333, 193.3333, 157.3333, 222.3333, 164.3333, 239.3333, 182.3333, 249.3333, 204.3333, 255.3333, 202.3333, 252.3333'),
(26, 416, '301, 483, 308, 480, 315, 479, 344, 479, 347, 481, 352, 485, 353, 490, 356, 504, 356, 504, 356, 524, 354, 528, 341, 542, 321, 545, 317, 546, 307, 546, 303, 542, 299, 536, 296, 535, 294, 534, 292, 531, 292, 526, 292, 526, 291, 523, 289, 520, 288, 515, 288, 510, 288, 503, 288, 499, 289, 494, 295, 490, 304, 486, 309, 484'),
(30, 502, '508, 535, 507, 534, 498, 541, 497, 541, 494, 545, 488, 551, 485, 554, 482, 561, 482, 573, 482, 578, 482, 585, 492, 601, 498, 607, 508, 610, 519, 611, 526, 611, 546, 610, 535, 607, 543, 604, 545, 601, 547, 598, 549, 595, 553, 585, 555, 581, 557, 572, 556, 565, 552, 560, 548, 552, 546, 546, 536, 539, 529, 537, 522, 537, 514, 536, 508, 535, 495, 540, 491, 542, 485, 545, 483, 550, 479, 565, 480, 572, 480, 576'),
(22, 346, '224.3333, 454.3333, 242.3333, 458.3333, 249.3333, 466.3333, 259.3333, 474.3333, 264.3333, 491.3333, 258.3333, 508.3333, 247.3333, 526.3333, 187.3333, 517.3333, 184.3333, 492.3333, 187.3333, 473.3333, 204.3333, 458.3333, 222.3333, 452.3333'),
(26, 417, '139, 193, 158, 194, 162, 194, 167, 197, 172, 198, 173, 199, 183, 211, 184, 216, 185, 219, 187, 225, 186, 230, 180, 242, 179, 243, 179, 249, 177, 255, 174, 257, 171, 258, 164, 261, 157, 262, 155, 262, 149, 264, 146, 263, 142, 260, 136, 259, 134, 258, 132, 258, 129, 255, 126, 252, 126, 252, 124, 249, 122, 246, 121, 245, 118, 240, 117, 237, 117, 232, 117, 229, 117, 225, 117, 222, 117, 221, 122, 211, 125, 209, 129, 206, 135, 204, 145, 198, 148, 197, 151, 197, 155, 196, 155, 196'),
(26, 418, '175, 473, 180, 473, 195, 478, 199, 481, 202, 483, 208, 487, 209, 490, 213, 498, 216, 504, 216, 508, 216, 512, 216, 517, 215, 519, 200, 539, 194, 542, 193, 543, 185, 544, 184, 545, 175, 545, 173, 545, 164, 544, 162, 543, 157, 536, 155, 535, 152, 533, 150, 529, 149, 526, 146, 521, 144, 517, 144, 512, 144, 512, 144, 509, 144, 504, 145, 497, 146, 496, 147, 491, 152, 488, 154, 484, 158, 480, 162, 478, 170, 475, 174, 475, 178, 475, 185, 474'),
(21, 320, '1094.5, 163, 1104.5, 168, 1114.5, 178, 1119.5, 186, 1120.5, 202, 1121.5, 216, 1118.5, 221, 1113.5, 227, 1099.5, 236, 1093.5, 236, 1078.5, 239, 1075.5, 241, 1070.5, 232, 1058.5, 232, 1055.5, 223, 1053.5, 212, 1048.5, 199, 1053.5, 178, 1060.5, 172, 1064.5, 169, 1086.5, 163, 1089.5, 163, 1094.5, 164, 1094.5, 164'),
(30, 481, ''),
(26, 403, '1800, 196, 1812, 198, 1828, 201, 1831, 202, 1837, 206, 1839, 218, 1840, 223, 1834, 252, 1819, 262, 1814, 263, 1800, 264, 1799, 264, 1794, 264, 1791, 263, 1788, 260, 1785, 257, 1782, 256, 1780, 254, 1775, 250, 1774, 243, 1774, 241, 1769, 225, 1769, 225, 1772, 212, 1777, 207, 1780, 205, 1789, 199, 1798, 198, 1803, 197, 1806, 197'),
(21, 321, '1133.5, 417, 1146.5, 421, 1151.5, 432, 1155.5, 441, 1156.5, 448, 1156.5, 458, 1144.5, 478, 1140.5, 484, 1126.5, 494, 1101.5, 487, 1094.5, 482, 1084.5, 464, 1084.5, 456, 1085.5, 444, 1089.5, 437, 1091.5, 431, 1095.5, 427, 1100.5, 422, 1121.5, 418, 1121.5, 419, 1126.5, 419, 1128.5, 419, 1129.5, 419'),
(30, 500, '761, 457, 760, 455, 753, 459, 750, 463, 743, 469, 742, 471, 736, 481, 736, 500, 750, 520, 769, 528, 777, 528, 794, 523, 806, 516, 810, 507, 815, 490, 807, 470, 804, 466, 800, 461, 792, 457, 782, 455, 775, 455, 752, 461, 742, 466, 740, 471, 738, 477, 737, 482'),
(26, 404, '1620, 193, 1624, 195, 1628, 196, 1629, 197, 1634, 199, 1635, 202, 1637, 205, 1641, 209, 1645, 214, 1646, 217, 1646, 223, 1646, 226, 1646, 232, 1646, 237, 1645, 240, 1642, 242, 1642, 244, 1641, 245, 1639, 247, 1633, 254, 1625, 258, 1623, 259, 1617, 261, 1611, 261, 1611, 261, 1604, 262, 1597, 262, 1595, 261, 1592, 256, 1588, 253, 1586, 250, 1583, 246, 1578, 239, 1577, 238, 1576, 234, 1576, 224, 1576, 219, 1576, 217, 1576, 214, 1578, 207, 1583, 204, 1587, 200, 1596, 197, 1600, 195, 1604, 194, 1609, 192, 1612, 192, 1614, 192'),
(21, 322, '873.5, 164, 886.5, 164, 901.5, 174, 901.5, 181, 905.5, 202, 900.5, 218, 896.5, 223, 879.5, 234, 860.5, 238, 854.5, 236, 846.5, 228, 839.5, 216, 835.5, 211, 835.5, 196, 838.5, 184, 844.5, 172, 865.5, 164, 866.5, 164, 874.5, 162'),
(30, 498, '1083, 450, 1069, 458, 1065, 461, 1059, 463, 1056, 470, 1053, 481, 1067, 514, 1069, 517, 1089, 524, 1093, 523, 1104, 521, 1110, 518, 1119, 514, 1123, 508, 1124, 502, 1127, 496, 1129, 489, 1127, 473, 1123, 467, 1119, 458, 1115, 454, 1108, 451, 1102, 448, 1094, 447, 1088, 447, 1081, 448, 1070, 452, 1064, 456, 1061, 459, 1057, 464, 1055, 468'),
(26, 405, '1800, 530, 1806, 530, 1809, 530, 1814, 530, 1821, 533, 1823, 536, 1834, 544, 1835, 552, 1839, 559, 1840, 562, 1840, 568, 1840, 573, 1838, 578, 1836, 582, 1836, 593, 1832, 595, 1832, 595, 1825, 599, 1813, 600, 1807, 600, 1792, 598, 1789, 595, 1789, 592, 1781, 589, 1780, 589, 1777, 584, 1775, 581, 1772, 577, 1771, 572, 1770, 570, 1770, 567, 1770, 565, 1770, 562, 1770, 556, 1770, 553, 1771, 548, 1773, 545, 1774, 543, 1776, 542, 1780, 540, 1784, 537, 1787, 534, 1796, 531, 1805, 528, 1808, 529'),
(21, 323, '809.5, 419, 826.5, 422, 828.5, 424, 836.5, 442, 838.5, 444, 839.5, 448, 835.5, 477, 835.5, 484, 826.5, 493, 818.5, 498, 813.5, 496, 806.5, 497, 800.5, 497, 793.5, 497, 789.5, 497, 781.5, 491, 781.5, 491, 778.5, 487, 775.5, 487, 766.5, 477, 766.5, 472, 766.5, 469, 768.5, 443, 771.5, 438, 786.5, 424, 789.5, 424, 794.5, 424, 795.5, 424, 795.5, 424, 803.5, 422, 804.5, 422'),
(30, 496, '1279, 457, 1274, 461, 1270, 483, 1293, 522, 1303, 525, 1319, 522, 1327, 519, 1336, 513, 1338, 507, 1343, 497, 1343, 490, 1346, 479, 1346, 472, 1334, 454, 1328, 452, 1322, 449, 1314, 447, 1307, 447, 1299, 446, 1294, 448, 1273, 460, 1268, 472, 1268, 480'),
(26, 406, '1413, 196, 1429, 196, 1431, 199, 1446, 209, 1446, 210, 1448, 217, 1449, 222, 1451, 225, 1451, 229, 1449, 236, 1447, 241, 1446, 245, 1444, 247, 1441, 254, 1438, 258, 1430, 261, 1422, 263, 1420, 264, 1412, 265, 1407, 265, 1403, 265, 1396, 265, 1393, 263, 1390, 255, 1390, 254, 1384, 250, 1383, 248, 1381, 243, 1378, 238, 1378, 234, 1377, 233, 1378, 223, 1381, 221, 1382, 219, 1383, 215, 1386, 211, 1388, 208, 1391, 205, 1395, 202, 1399, 195, 1405, 194, 1427, 196'),
(21, 317, '1549.5, 472, 1570.5, 487, 1571.5, 492, 1563.5, 534, 1560.5, 539, 1545.5, 544, 1535.5, 546, 1514.5, 546, 1505.5, 536, 1505.5, 534, 1500.5, 527, 1495.5, 522, 1494.5, 516, 1493.5, 511, 1496.5, 502, 1496.5, 498, 1503.5, 483, 1506.5, 479, 1510.5, 477, 1518.5, 476, 1521.5, 472, 1529.5, 471, 1539.5, 471, 1541.5, 472, 1543.5, 472, 1543.5, 472'),
(24, 365, '2086, 525.3333, 2103, 530.3333, 2116, 538.3333, 2126, 562.3333, 2125, 579.3333, 2115, 591.3333, 2094, 604.3333, 2078, 603.3333, 2062, 597.3333, 2045, 567.3333, 2051, 547.3333, 2065, 533.3333, 2085, 525.3333'),
(26, 407, '1502, 500, 1508, 502, 1519, 505, 1527, 511, 1530, 514, 1533, 518, 1536, 522, 1538, 527, 1539, 532, 1539, 541, 1537, 545, 1536, 551, 1536, 555, 1531, 563, 1516, 573, 1508, 575, 1501, 575, 1492, 574, 1489, 570, 1485, 568, 1484, 567, 1475, 562, 1473, 560, 1469, 547, 1468, 545, 1468, 539, 1468, 535, 1468, 530, 1469, 527, 1472, 522, 1472, 522, 1477, 518, 1483, 511, 1483, 511, 1486, 508, 1491, 504, 1499, 504, 1505, 503, 1515, 505'),
(21, 318, '1256.5, 162, 1281.5, 168, 1281.5, 172, 1285.5, 178, 1286.5, 204, 1278.5, 219, 1265.5, 234, 1258.5, 236, 1250.5, 236, 1243.5, 236, 1236.5, 236, 1228.5, 231, 1225.5, 228, 1220.5, 224, 1216.5, 222, 1215.5, 217, 1215.5, 204, 1218.5, 183, 1219.5, 179, 1221.5, 174, 1229.5, 164, 1234.5, 162, 1240.5, 161, 1240.5, 161, 1246.5, 161, 1251.5, 161, 1253.5, 161, 1258.5, 161, 1258.5, 161, 1260.5, 161'),
(24, 366, '1835, 190.3333, 1858, 193.3333, 1869, 209.3333, 1876, 232.3333, 1870, 250.3333, 1859, 262.3333, 1835, 270.3333, 1819, 266.3333, 1800, 252.3333, 1795, 229.3333, 1800, 207.3333, 1818, 195.3333, 1837, 190.3333'),
(23, 347, '2067.8, 529.4, 2079.8, 527.4, 2090.8, 526.4, 2093.8, 526.4, 2098.8, 526.4, 2104.8, 531.4, 2106.8, 532.4, 2116.8, 539.4, 2120.8, 547.4, 2124.8, 555.4, 2127.8, 565.4, 2124.8, 574.4, 2119.8, 582.4, 2118.8, 591.4, 2108.8, 599.4, 2099.8, 602.4, 2094.8, 605.4, 2067.8, 602.4, 2056.8, 597.4, 2050.8, 591.4, 2047.8, 583.4, 2044.8, 575.4, 2045.8, 568.4, 2045.8, 557.4, 2046.8, 553.4, 2053.8, 545.4, 2055.8, 542.4, 2068.8, 531.4, 2072.8, 528.4, 2078.8, 527.4, 2082.8, 527.4, 2087.8, 525.4, 2094.8, 526.4, 2104.8, 528.4'),
(26, 402, '2065, 532, 2069, 532, 2075, 535, 2075, 537, 2079, 540, 2083, 542, 2087, 546, 2089, 547, 2089, 559, 2089, 564, 2089, 570, 2089, 574, 2085, 580, 2084, 586, 2076, 596, 2056, 600, 2051, 600, 2048, 598, 2044, 596, 2039, 595, 2034, 594, 2029, 587, 2028, 586, 2026, 583, 2023, 578, 2022, 574, 2021, 570, 2021, 570, 2021, 565, 2021, 561, 2023, 553, 2025, 552, 2026, 549, 2028, 545, 2031, 542, 2034, 538, 2038, 534, 2039, 533, 2042, 533, 2045, 532, 2047, 532, 2052, 532'),
(21, 315, '1839.5, 503, 1841.5, 501, 1865.5, 508, 1868.5, 522, 1868.5, 552, 1861.5, 558, 1856.5, 564, 1843.5, 571, 1818.5, 567, 1813.5, 562, 1809.5, 554, 1806.5, 551, 1805.5, 546, 1805.5, 538, 1805.5, 532, 1805.5, 527, 1808.5, 522, 1810.5, 516, 1813.5, 512, 1816.5, 511, 1831.5, 503, 1849.5, 503, 1851.5, 504'),
(24, 367, '1640, 191.3333, 1659, 191.3333, 1676, 206.3333, 1676, 248.3333, 1663, 263.3333, 1645, 269.3333, 1625, 268.3333, 1613, 256.3333, 1606, 209.3333, 1618, 196.3333, 1642, 190.3333'),
(26, 408, '1210, 195, 1221, 196, 1237, 197, 1240, 199, 1253, 213, 1257, 229, 1239, 256, 1233, 259, 1223, 260, 1214, 260, 1208, 259, 1202, 258, 1196, 255, 1189, 248, 1188, 245, 1186, 240, 1183, 235, 1183, 230, 1183, 225, 1184, 219, 1185, 215, 1188, 210, 1195, 202, 1197, 200, 1198, 198, 1206, 196, 1211, 195, 1215, 195, 1219, 195, 1226, 196'),
(21, 316, '1451.5, 159, 1468.5, 167, 1480.5, 178, 1483.5, 184, 1483.5, 194, 1483.5, 199, 1478.5, 221, 1471.5, 228, 1465.5, 236, 1453.5, 236, 1445.5, 236, 1438.5, 236, 1433.5, 233, 1425.5, 227, 1414.5, 213, 1411.5, 208, 1409.5, 199, 1415.5, 186, 1421.5, 178, 1425.5, 174, 1428.5, 172, 1443.5, 167, 1449.5, 164, 1450.5, 164, 1453.5, 164, 1453.5, 164'),
(23, 350, '1830.8, 526.4, 1838.8, 525.4, 1849.8, 526.4, 1858.8, 529.4, 1862.8, 534.4, 1868.8, 543.4, 1873.8, 553.4, 1873.8, 567.4, 1873.8, 575.4, 1866.8, 585.4, 1855.8, 598.4, 1867.8, 591.4, 1854.8, 601.4, 1846.8, 603.4, 1842.8, 603.4, 1835.8, 603.4, 1828.8, 603.4, 1818.8, 599.4, 1812.8, 591.4, 1805.8, 589.4, 1799.8, 579.4, 1800.8, 551.4, 1806.8, 539.4, 1810.8, 535.4, 1817.8, 531.4, 1825.8, 529.4, 1832.8, 528.4, 1838.8, 527.4, 1838.8, 527.4, 1843.8, 528.4'),
(29, 452, '2041, 225, 2038, 226, 2026, 251, 2024, 261, 2040, 288, 2046, 294, 2076, 296, 2081, 292, 2086, 288, 2090, 283, 2093, 278, 2095, 272, 2098, 265, 2099, 259, 2099, 250, 2098, 247, 2095, 239, 2095, 233, 2090, 228, 2085, 226, 2078, 224, 2074, 223, 2063, 220, 2055, 220, 2048, 223, 2039, 226, 2032, 236, 2029, 239, 2027, 241, 2027, 244'),
(24, 368, '1836, 527.3333, 1855, 530.3333, 1876, 568.3333, 1857, 602.3333, 1829, 605.3333, 1813, 597.3333, 1800, 582.3333, 1798, 563.3333, 1803, 543.3333, 1820, 528.3333, 1837, 527.3333'),
(21, 314, '1646.5, 166, 1658.5, 168, 1670.5, 176, 1673.5, 189, 1671.5, 218, 1669.5, 221, 1656.5, 234, 1638.5, 236, 1633.5, 236, 1626.5, 232, 1623.5, 229, 1609.5, 211, 1605.5, 206, 1609.5, 194, 1613.5, 179, 1625.5, 169, 1644.5, 164, 1650.5, 164, 1650.5, 164, 1650.5, 164'),
(21, 313, '1839.5, 164, 1870.5, 187, 1873.5, 191, 1873.5, 196, 1869.5, 208, 1860.5, 222, 1855.5, 229, 1831.5, 232, 1821.5, 232, 1818.5, 231, 1809.5, 224, 1808.5, 222, 1804.5, 208, 1801.5, 202, 1804.5, 186, 1818.5, 174, 1835.5, 162, 1850.5, 168'),
(23, 352, '1536.8, 498.4, 1554.8, 500.4, 1561.8, 506.4, 1566.8, 511.4, 1572.8, 521.4, 1575.8, 536.4, 1572.8, 546.4, 1572.8, 551.4, 1569.8, 562.4, 1526.8, 577.4, 1518.8, 573.4, 1511.8, 568.4, 1502.8, 562.4, 1498.8, 555.4, 1495.8, 545.4, 1494.8, 535.4, 1494.8, 527.4, 1497.8, 519.4, 1502.8, 515.4, 1505.8, 508.4, 1509.8, 505.4, 1514.8, 502.4, 1521.8, 498.4'),
(29, 454, '1833, 221, 1830, 221, 1823, 221, 1806, 226, 1799, 229, 1795, 234, 1787, 244, 1785, 267, 1792, 280, 1797, 285, 1812, 293, 1818, 297, 1822, 298, 1833, 299, 1838, 299, 1845, 294, 1850, 291, 1855, 287, 1860, 280, 1865, 273, 1865, 259, 1864, 249, 1865, 237, 1860, 232, 1855, 227, 1848, 224, 1843, 222, 1843, 222, 1834, 219, 1826, 216, 1808, 220, 1799, 230, 1794, 234, 1792, 239, 1791, 240'),
(24, 369, '1448, 189.3333, 1466, 193.3333, 1474, 202.3333, 1487, 227.3333, 1480, 243.3333, 1468, 262.3333, 1448, 268.3333, 1425, 262.3333, 1409, 249.3333, 1405, 227.3333, 1409, 209.3333, 1425, 196.3333, 1450, 188.3333'),
(21, 325, '545, 504.5, 558, 506.5, 571, 514.5, 579, 525.5, 581, 546.5, 581, 564.5, 575, 573.5, 564, 575.5, 551, 578.5, 534, 578.5, 526, 571.5, 519, 569.5, 513, 558.5, 506, 545.5, 508, 529.5, 515, 514.5, 520, 511.5, 529, 506.5, 539, 504.5, 545, 504.5, 551, 504.5'),
(29, 455, '1606, 231, 1600, 236, 1595, 241, 1595, 251, 1592, 260, 1595, 268, 1601, 285, 1605, 289, 1638, 297, 1646, 297, 1655, 293, 1657, 289, 1662, 283, 1669, 277, 1672, 273, 1675, 260, 1674, 256, 1666, 235, 1661, 229, 1658, 227, 1651, 224, 1645, 222, 1637, 221, 1632, 220, 1617, 222, 1610, 225, 1601, 236, 1597, 243, 1595, 248, 1594, 252'),
(27, 419, '2059, 240, 2065, 238, 2070, 238, 2073, 238, 2086, 239, 2093, 240, 2100, 242, 2102, 243, 2105, 248, 2107, 258, 2108, 261, 2109, 267, 2109, 272, 2105, 286, 2101, 292, 2096, 295, 2088, 302, 2085, 303, 2081, 304, 2073, 304, 2064, 304, 2064, 304, 2061, 301, 2054, 297, 2051, 294, 2043, 288, 2040, 284, 2039, 276, 2038, 271, 2037, 267, 2039, 260, 2041, 259, 2049, 250, 2052, 246, 2059, 242'),
(24, 370, '1536, 497.3333, 1556, 503.3333, 1571, 518.3333, 1575, 543.3333, 1552, 570.3333, 1530, 577.3333, 1513, 570.3333, 1500, 556.3333, 1497, 532.3333, 1507, 513.3333, 1520, 501.3333, 1537, 501.3333'),
(23, 354, '1320.8, 445.4, 1329.8, 444.4, 1338.8, 444.4, 1344.8, 444.4, 1352.8, 447.4, 1357.8, 451.4, 1362.8, 456.4, 1366.8, 464.4, 1372.8, 473.4, 1372.8, 484.4, 1370.8, 495.4, 1367.8, 503.4, 1363.8, 511.4, 1352.8, 517.4, 1343.8, 521.4, 1330.8, 522.4, 1322.8, 521.4, 1309.8, 515.4, 1302.8, 507.4, 1294.8, 494.4, 1292.8, 479.4, 1292.8, 470.4, 1297.8, 463.4, 1299.8, 457.4, 1306.8, 451.4, 1314.8, 447.4, 1326.8, 443.4'),
(29, 457, '1420, 225, 1408, 232, 1401, 239, 1398, 243, 1393, 265, 1397, 274, 1401, 281, 1416, 292, 1421, 294, 1429, 298, 1450, 295, 1455, 293, 1462, 289, 1465, 286, 1467, 283, 1470, 276, 1474, 258, 1474, 255, 1472, 242, 1470, 239, 1466, 232, 1463, 228, 1457, 223, 1457, 222, 1456, 222, 1452, 221, 1448, 220, 1442, 220, 1441, 220, 1432, 221, 1428, 223, 1424, 223, 1420, 225, 1415, 229, 1410, 232, 1407, 236, 1404, 238, 1398, 251, 1398, 252'),
(27, 426, '1335, 490, 1349, 491, 1352, 491, 1354, 492, 1356, 495, 1361, 497, 1364, 498, 1366, 502, 1368, 506, 1369, 511, 1370, 516, 1373, 522, 1375, 525, 1374, 533, 1373, 534, 1370, 541, 1366, 546, 1363, 550, 1359, 551, 1353, 554, 1339, 560, 1335, 560, 1324, 557, 1319, 556, 1314, 553, 1310, 548, 1304, 542, 1302, 539, 1300, 535, 1299, 531, 1299, 524, 1300, 518, 1303, 513, 1303, 513, 1307, 511, 1310, 504, 1310, 500, 1312, 495, 1316, 492, 1321, 490, 1326, 489, 1332, 489, 1334, 489'),
(21, 326, '421, 160.75, 446, 169.75, 464, 196.75, 461, 210.75, 450, 224.75, 445, 230.75, 430, 231.75, 415, 235.75, 395, 234.75, 389, 221.75, 381, 206.75, 393, 175.75, 415, 162.75, 419, 161.75, 426, 161.75'),
(21, 327, '353, 444.75, 373, 450.75, 385, 464.75, 393, 486.75, 393, 499.75, 384, 505.75, 374, 515.75, 361, 522.75, 350, 522.75, 336, 515.75, 325, 505.75, 313, 490.75, 315, 480.75, 319, 457.75, 326, 452.75, 334, 446.75, 350, 446.75, 353, 446.75, 359, 446.75, 359, 446.75'),
(29, 453, '2065, 558, 2054, 562, 2051, 568, 2044, 575, 2042, 580, 2040, 585, 2039, 591, 2040, 614, 2043, 619, 2050, 623, 2055, 626, 2062, 629, 2071, 633, 2078, 633, 2091, 632, 2096, 629, 2102, 623, 2106, 620, 2109, 615, 2112, 608, 2113, 605, 2115, 597, 2112, 574, 2112, 574, 2108, 571, 2101, 562, 2097, 560, 2089, 560, 2086, 556, 2078, 557, 2075, 557, 2068, 560, 2065, 561, 2058, 563, 2053, 567, 2047, 572, 2042, 576, 2040, 581, 2037, 584'),
(23, 348, '1825.8, 191.4, 1836.8, 189.4, 1848.8, 190.4, 1857.8, 196.4, 1861.8, 199.4, 1867.8, 203.4, 1873.8, 215.4, 1874.8, 222.4, 1874.8, 231.4, 1874.8, 243.4, 1866.8, 255.4, 1857.8, 261.4, 1849.8, 267.4, 1833.8, 268.4, 1822.8, 268.4, 1810.8, 261.4, 1802.8, 253.4, 1797.8, 242.4, 1794.8, 227.4, 1796.8, 218.4, 1799.8, 209.4, 1804.8, 202.4, 1812.8, 195.4, 1819.8, 194.4, 1830.8, 191.4'),
(27, 427, '852, 245, 855, 241, 864, 238, 869, 236, 882, 236, 889, 239, 894, 242, 895, 247, 900, 249, 904, 254, 907, 256, 907, 265, 907, 274, 905, 283, 902, 289, 897, 297, 894, 302, 873, 304, 865, 304, 859, 304, 845, 296, 839, 290, 835, 284, 834, 276, 835, 266, 837, 259, 842, 252, 847, 246, 865, 238, 870, 241'),
(21, 328, '185, 159.75, 205, 164.75, 216, 175.75, 221, 190.75, 223, 204.75, 219, 215.75, 215, 225.75, 214, 227.75, 208, 230.75, 203, 231.75, 198, 236.75, 193, 239.75, 185, 239.75, 180, 239.75, 171, 236.75, 168, 235.75, 161, 231.75, 149, 212.75, 146, 201.75, 146, 192.75, 150, 185.75, 151, 180.75, 169, 164.75, 174, 162.75, 181, 162.75, 183, 162.75, 185, 162.75, 189, 162.75, 190, 162.75, 191, 162.75'),
(29, 456, '1814, 558, 1808, 561, 1801, 565, 1789, 579, 1789, 585, 1788, 588, 1787, 596, 1790, 607, 1792, 614, 1799, 620, 1804, 627, 1813, 631, 1831, 631, 1856, 625, 1863, 614, 1864, 608, 1864, 599, 1864, 592, 1864, 584, 1858, 567, 1858, 567, 1852, 562, 1839, 558, 1831, 556, 1823, 556, 1816, 561, 1810, 565, 1823, 559, 1812, 558, 1798, 567, 1791, 578, 1789, 582'),
(24, 371, '1252.1667, 188.3333, 1271.1667, 195.3333, 1284.1667, 206.3333, 1291.1667, 227.3333, 1289.1667, 245.3333, 1279.1667, 256.3333, 1233.1667, 263.3333, 1214.1667, 249.3333, 1211.1667, 231.3333, 1221.1667, 207.3333, 1232.1667, 196.3333, 1254.1667, 188.3333'),
(21, 329, '209, 442.75, 220, 447.75, 233, 449.75, 241, 455.75, 244, 460.75, 245, 467.75, 248, 470.75, 251, 476.75, 251, 481.75, 249, 487.75, 245, 496.75, 244, 509.75, 236, 511.75, 225, 514.75, 219, 516.75, 215, 519.75, 196, 519.75, 196, 519.75, 181, 509.75, 178, 494.75, 175, 467.75, 179, 460.75, 191, 450.75, 198, 446.75, 203, 445.75, 210, 445.75'),
(27, 428, '806, 492, 817, 494, 820, 494, 822, 499, 826, 500, 829, 502, 834, 504, 835, 511, 835, 514, 836, 517, 839, 523, 839, 526, 842, 534, 844, 541, 844, 544, 840, 548, 836, 549, 832, 553, 821, 564, 819, 565, 809, 567, 802, 567, 802, 566, 801, 565, 793, 561, 791, 559, 789, 557, 782, 556, 780, 554, 774, 544, 774, 541, 772, 535, 772, 530, 770, 526, 770, 521, 772, 514, 773, 512, 778, 506, 790, 499, 796, 498, 802, 496, 804, 496'),
(23, 349, '1635.8, 187.4, 1646.8, 188.4, 1652.8, 191.4, 1661.8, 193.4, 1666.8, 199.4, 1671.8, 201.4, 1675.8, 207.4, 1680.8, 215.4, 1681.8, 223.4, 1682.8, 230.4, 1681.8, 235.4, 1680.8, 244.4, 1674.8, 255.4, 1667.8, 262.4, 1661.8, 264.4, 1650.8, 270.4, 1641.8, 270.4, 1634.8, 269.4, 1623.8, 267.4, 1614.8, 262.4, 1606.8, 255.4, 1602.8, 246.4, 1599.8, 237.4, 1598.8, 229.4, 1602.8, 220.4, 1605.8, 211.4, 1608.8, 205.4, 1613.8, 201.4, 1616.8, 199.4, 1621.8, 196.4, 1627.8, 191.4, 1636.8, 191.4, 1650.8, 190.4'),
(29, 458, '1516, 525, 1516, 528, 1514, 530, 1510, 535, 1505, 539, 1495, 545, 1487, 562, 1491, 585, 1498, 598, 1524, 607, 1532, 607, 1537, 606, 1545, 600, 1548, 597, 1555, 595, 1558, 588, 1559, 582, 1561, 576, 1562, 571, 1566, 570, 1561, 547, 1559, 542, 1540, 531, 1528, 530, 1525, 529, 1511, 531, 1506, 535, 1502, 541, 1500, 542, 1490, 553, 1488, 564'),
(24, 372, '1329.1667, 443.3333, 1349.1667, 447.3333, 1363.1667, 455.3333, 1372.1667, 481.3333, 1367.1667, 504.3333, 1354.1667, 516.3333, 1334.1667, 522.3333, 1302.1667, 507.3333, 1299.1667, 465.3333, 1309.1667, 452.3333, 1330.1667, 442.3333, 1335.1667, 442.3333'),
(21, 324, '701, 162.75, 711, 164.75, 719, 166.75, 726, 169.75, 729, 169.75, 739, 176.75, 743, 195.75, 745, 205.75, 745, 210.75, 736, 224.75, 734, 226.75, 730, 229.75, 715, 236.75, 710, 237.75, 701, 239.75, 696, 239.75, 683, 234.75, 681, 231.75, 678, 227.75, 675, 225.75, 673, 217.75, 671, 214.75, 669, 201.75, 669, 199.75, 669, 192.75, 674, 184.75, 676, 181.75, 680, 179.75, 681, 176.75, 709, 166.75, 715, 164.75, 716, 162.75, 719, 164.75'),
(27, 429, '704, 237, 708, 237, 712, 237, 714, 237, 716, 237, 728, 241, 732, 242, 735, 243, 737, 244, 738, 245, 740, 252, 742, 257, 743, 259, 744, 263, 744, 270, 744, 277, 744, 282, 740, 288, 737, 291, 734, 297, 727, 301, 723, 304, 717, 305, 710, 305, 704, 306, 699, 306, 695, 305, 689, 302, 685, 299, 680, 293, 679, 289, 677, 287, 676, 279, 676, 275, 674, 273, 674, 269, 672, 263, 672, 261, 677, 256, 679, 253, 684, 247, 686, 245, 701, 238, 712, 236'),
(27, 430, '542, 578, 551, 579, 551, 579, 557, 579, 561, 581, 566, 584, 568, 585, 571, 588, 573, 591, 578, 598, 581, 602, 582, 606, 582, 611, 582, 619, 582, 623, 581, 628, 573, 639, 569, 642, 558, 644, 552, 646, 545, 646, 542, 646, 537, 643, 532, 638, 529, 637, 529, 636, 523, 631, 521, 627, 518, 616, 518, 612, 517, 607, 516, 605, 516, 600, 516, 598, 517, 592, 525, 591, 552, 582, 553, 582, 554, 582'),
(23, 351, '1431.8, 191.4, 1444.8, 191.4, 1454.8, 191.4, 1462.8, 192.4, 1470.8, 199.4, 1478.8, 207.4, 1484.8, 218.4, 1486.8, 232.4, 1484.8, 246.4, 1476.8, 256.4, 1467.8, 266.4, 1457.8, 268.4, 1442.8, 271.4, 1433.8, 270.4, 1426.8, 265.4, 1418.8, 259.4, 1410.8, 251.4, 1406.8, 241.4, 1406.8, 231.4, 1405.8, 223.4, 1405.8, 216.4, 1408.8, 211.4, 1415.8, 203.4, 1418.8, 196.4, 1425.8, 194.4, 1430.8, 191.4, 1437.8, 190.4, 1444.8, 190.4, 1454.8, 191.4'),
(24, 373, '1082.1667, 190.3333, 1102.1667, 192.3333, 1114.1667, 204.3333, 1125.1667, 228.3333, 1119.1667, 245.3333, 1104.1667, 263.3333, 1084.1667, 268.3333, 1049.1667, 248.3333, 1043.1667, 214.3333, 1047.1667, 208.3333, 1057.1667, 200.3333, 1071.1667, 193.3333, 1083.1667, 187.3333'),
(27, 431, '408, 244, 414, 242, 431, 242, 435, 242, 439, 242, 441, 243, 445, 243, 446, 244, 450, 247, 453, 248, 454, 251, 456, 256, 457, 260, 457, 266, 458, 279, 452, 290, 448, 296, 446, 300, 442, 302, 434, 302, 423, 305, 422, 305, 420, 305, 413, 303, 410, 301, 403, 300, 403, 300, 401, 300, 398, 294, 397, 290, 394, 284, 391, 276, 389, 273, 388, 267, 388, 264, 389, 259, 392, 255, 395, 252, 398, 249, 401, 244, 402, 243, 406, 240, 407, 239, 410, 239, 419, 239, 422, 238, 422, 238'),
(24, 374, '1120.1667, 443.3333, 1136.1667, 448.3333, 1153.1667, 463.3333, 1158.1667, 485.3333, 1154.1667, 498.3333, 1145.1667, 511.3333, 1084.1667, 504.3333, 1081.1667, 481.3333, 1087.1667, 459.3333, 1121.1667, 445.3333'),
(29, 459, '1305, 479, 1301, 482, 1295, 490, 1292, 494, 1289, 499, 1288, 502, 1286, 509, 1293, 540, 1298, 547, 1308, 550, 1313, 550, 1321, 551, 1344, 548, 1346, 546, 1350, 542, 1352, 541, 1358, 535, 1360, 531, 1362, 527, 1362, 522, 1363, 517, 1363, 505, 1362, 500, 1356, 488, 1351, 484, 1348, 481, 1343, 477, 1339, 476, 1334, 474, 1328, 473, 1324, 471, 1312, 474, 1304, 478, 1295, 485, 1291, 491, 1289, 494, 1285, 501, 1284, 522'),
(23, 353, '1243.8, 190.4, 1252.8, 189.4, 1261.8, 191.4, 1268.8, 194.4, 1275.8, 197.4, 1282.8, 204.4, 1286.8, 214.4, 1290.8, 225.4, 1290.8, 238.4, 1285.8, 249.4, 1282.8, 256.4, 1272.8, 264.4, 1265.8, 267.4, 1256.8, 269.4, 1245.8, 267.4, 1235.8, 265.4, 1226.8, 259.4, 1221.8, 253.4, 1213.8, 242.4, 1210.8, 229.4, 1212.8, 218.4, 1216.8, 211.4, 1221.8, 207.4, 1228.8, 196.4, 1238.8, 191.4, 1249.8, 189.4, 1257.8, 189.4'),
(29, 460, '1095, 474, 1088, 481, 1082, 486, 1076, 494, 1073, 499, 1071, 506, 1070, 525, 1075, 534, 1080, 541, 1091, 546, 1098, 549, 1119, 553, 1132, 544, 1137, 537, 1143, 529, 1144, 522, 1145, 514, 1147, 505, 1147, 499, 1145, 489, 1139, 486, 1135, 480, 1132, 479, 1132, 479, 1129, 476, 1125, 474, 1120, 472, 1106, 471, 1098, 476, 1090, 480, 1086, 484, 1083, 487, 1080, 489, 1076, 493, 1076, 493, 1072, 514, 1070, 522'),
(24, 375, '869.1667, 189.3333, 889.1667, 193.3333, 900.1667, 204.3333, 909.1667, 229.3333, 904.1667, 247.3333, 893.1667, 263.3333, 869.1667, 266.3333, 851.1667, 265.3333, 835.1667, 252.3333, 831.1667, 231.3333, 834.1667, 207.3333, 850.1667, 198.3333, 873.1667, 190.3333'),
(29, 461, '840, 227, 835, 230, 831, 235, 822, 252, 823, 271, 832, 286, 838, 291, 858, 297, 861, 297, 870, 298, 877, 297, 880, 293, 890, 287, 891, 282, 896, 275, 897, 274, 901, 257, 899, 251, 892, 237, 892, 233, 888, 229, 885, 227, 873, 223, 867, 221, 857, 221, 854, 221, 849, 222, 843, 226, 836, 231, 835, 232, 828, 238, 825, 245, 822, 250, 821, 259, 822, 270, 825, 275'),
(29, 462, '776, 482, 762, 493, 761, 498, 758, 503, 755, 509, 754, 513, 758, 537, 763, 544, 771, 548, 775, 552, 781, 556, 794, 558, 817, 552, 820, 548, 827, 539, 831, 520, 831, 513, 829, 499, 828, 495, 820, 486, 815, 484, 804, 478, 786, 480, 778, 484, 774, 485, 770, 486, 764, 491, 760, 495, 757, 501, 757, 505, 752, 514, 753, 521, 754, 527'),
(32, 507, '2044.5, 191.5, 2057.5, 193.5, 2066.5, 194.5, 2072.5, 203.5, 2081.5, 216.5, 2083.5, 235.5, 2083.5, 244.5, 2081.5, 248.5, 2077.5, 250.5, 2069.5, 260.5, 2067.5, 261.5, 2062.5, 265.5, 2059.5, 266.5, 2048.5, 268.5, 2044.5, 268.5, 2036.5, 268.5, 2032.5, 268.5, 2028.5, 265.5, 2024.5, 263.5, 2022.5, 258.5, 2019.5, 254.5, 2016.5, 248.5, 2014.5, 246.5, 2014.5, 239.5, 2012.5, 231.5, 2012.5, 228.5, 2011.5, 221.5, 2012.5, 215.5, 2018.5, 208.5, 2021.5, 205.5, 2022.5, 204.5, 2024.5, 201.5, 2027.5, 200.5, 2036.5, 195.5, 2038.5, 195.5, 2052.5, 195.5, 2052.5, 195.5, 2052.5, 195.5, 2056.5, 195.5, 2057.5, 195.5'),
(24, 376, '799.1667, 447.3333, 818.1667, 451.3333, 829.1667, 458.3333, 842.1667, 486.3333, 836.1667, 508.3333, 828.1667, 518.3333, 807.1667, 528.3333, 782.1667, 524.3333, 760.1667, 493.3333, 781.1667, 456.3333, 802.1667, 451.3333'),
(24, 377, '704.1667, 189.3333, 740.1667, 207.3333, 739.1667, 248.3333, 725.1667, 263.3333, 712.1667, 269.3333, 691.1667, 268.3333, 684.1667, 260.3333, 673.1667, 248.3333, 669.1667, 221.3333, 672.1667, 208.3333, 679.1667, 203.3333, 694.1667, 195.3333, 706.1667, 190.3333, 713.1667, 189.3333'),
(29, 463, '681, 224, 673, 229, 665, 240, 662, 245, 668, 283, 676, 289, 701, 299, 708, 299, 716, 294, 723, 288, 726, 284, 730, 280, 736, 272, 738, 264, 740, 253, 739, 250, 737, 244, 735, 240, 727, 233, 727, 233, 721, 229, 717, 226, 713, 222, 703, 221, 703, 221, 692, 221, 688, 221, 682, 224, 677, 227, 670, 231, 665, 237, 663, 242, 658, 249, 661, 275'),
(29, 465, '395, 229, 394, 227, 389, 230, 386, 236, 383, 239, 379, 243, 377, 246, 376, 249, 374, 261, 374, 269, 384, 287, 395, 295, 398, 297, 407, 299, 417, 300, 427, 299, 442, 289, 447, 283, 449, 278, 452, 272, 454, 262, 454, 254, 451, 242, 447, 240, 444, 234, 438, 228, 436, 226, 429, 222, 421, 220, 418, 220, 410, 219, 408, 219, 394, 223, 389, 227, 385, 230, 381, 234, 375, 241, 371, 268, 374, 272'),
(23, 355, '1081.8, 190.2, 1089.8, 189.2, 1096.8, 191.2, 1102.8, 193.2, 1110.8, 200.2, 1118.8, 211.2, 1123.8, 221.2, 1123.8, 232.2, 1116.8, 252.2, 1103.8, 264.2, 1090.8, 270.2, 1081.8, 269.2, 1069.8, 268.2, 1053.8, 259.2, 1046.8, 250.2, 1042.8, 239.2, 1042.8, 228.2, 1042.8, 220.2, 1043.8, 212.2, 1049.8, 207.2, 1056.8, 196.2, 1074.8, 190.2'),
(29, 467, '141, 234, 141, 236, 141, 250, 138, 247, 134, 258, 155, 292, 172, 300, 187, 298, 195, 293, 203, 286, 206, 283, 207, 279, 212, 274, 213, 271, 214, 265, 215, 252, 213, 245, 198, 232, 204, 229, 198, 226, 192, 225, 186, 222, 170, 219, 161, 223, 156, 225, 155, 225, 150, 229, 145, 236, 143, 240, 139, 249, 136, 256, 136, 260, 138, 272'),
(23, 357, '870.8, 189.2, 878.8, 192.2, 884.8, 194.2, 890.8, 196.2, 897.8, 202.2, 904.8, 211.2, 910.8, 220.2, 910.8, 233.2, 907.8, 244.2, 902.8, 250.2, 879.8, 267.2, 863.8, 268.2, 850.8, 264.2, 838.8, 254.2, 833.8, 245.2, 830.8, 236.2, 830.8, 222.2, 832.8, 211.2, 838.8, 201.2, 848.8, 195.2, 857.8, 190.2'),
(24, 378, '542.3333, 530.5, 558.3333, 533.5, 576.3333, 544.5, 585.3333, 572.5, 581.3333, 588.5, 573.3333, 597.5, 546.3333, 613.5, 529.3333, 606.5, 505.3333, 589.5, 506.3333, 574.5, 510.3333, 550.5, 526.3333, 536.5, 546.3333, 534.5'),
(29, 468, '190, 505, 188, 506, 183, 509, 181, 511, 178, 513, 174, 516, 168, 520, 167, 521, 166, 527, 165, 532, 165, 536, 174, 517, 165, 519, 162, 532, 162, 536, 168, 556, 187, 576, 196, 578, 220, 573, 237, 560, 239, 554, 239, 548, 239, 533, 239, 526, 228, 513, 213, 504, 207, 502, 193, 502, 173, 514'),
(24, 379, '420.3333, 188.3333, 440.3333, 190.3333, 452.3333, 203.3333, 463.3333, 233.3333, 458.3333, 246.3333, 419.3333, 267.3333, 383.3333, 243.3333, 382.3333, 226.3333, 388.3333, 203.3333, 423.3333, 188.3333'),
(29, 466, '330, 506, 325, 512, 317, 521, 315, 526, 309, 532, 309, 534, 310, 549, 315, 565, 335, 577, 340, 578, 371, 569, 377, 566, 381, 563, 387, 549, 387, 541, 386, 533, 384, 523, 381, 519, 376, 515, 374, 512, 360, 504, 359, 503, 342, 503, 333, 505, 331, 507, 323, 511, 320, 515, 317, 521, 313, 525, 312, 528, 308, 534, 307, 548, 319, 566'),
(24, 380, '354.3333, 470.3333, 373.3333, 473.3333, 388.3333, 486.3333, 389.3333, 533.3333, 380.3333, 543.3333, 333.3333, 544.3333, 321.3333, 532.3333, 337.3333, 477.3333, 357.3333, 472.3333'),
(27, 420, '2090, 572, 2097, 573, 2103, 576, 2106, 578, 2108, 581, 2110, 584, 2112, 586, 2113, 590, 2118, 601, 2121, 608, 2121, 611, 2122, 627, 2120, 629, 2117, 630, 2113, 635, 2098, 639, 2092, 639, 2088, 639, 2077, 640, 2073, 636, 2070, 632, 2064, 627, 2054, 619, 2053, 614, 2053, 606, 2055, 600, 2059, 595, 2063, 589, 2082, 577, 2086, 576, 2089, 577'),
(29, 464, '512, 569, 506, 575, 503, 577, 496, 594, 510, 632, 521, 638, 536, 640, 543, 639, 548, 638, 554, 635, 561, 630, 565, 626, 567, 625, 574, 619, 580, 614, 573, 611, 576, 604, 576, 597, 573, 589, 571, 586, 566, 576, 563, 571, 560, 568, 552, 565, 545, 562, 538, 562, 527, 563, 524, 565, 514, 568, 508, 574, 506, 576, 497, 601, 497, 612, 497, 613'),
(24, 381, '186.3333, 190.3333, 205.3333, 194.3333, 221.3333, 234.3333, 213.3333, 253.3333, 198.3333, 266.3333, 162.3333, 261.3333, 149.3333, 246.3333, 144.3333, 229.3333, 148.3333, 205.3333, 165.3333, 195.3333, 180.3333, 188.3333'),
(23, 359, '704.8, 188.2, 718.8, 192.2, 729.8, 195.2, 738.8, 206.2, 742.8, 212.2, 743.8, 232.2, 744.8, 242.2, 738.8, 252.2, 732.8, 261.2, 722.8, 262.2, 714.8, 265.2, 701.8, 266.2, 691.8, 262.2, 678.8, 257.2, 670.8, 244.2, 667.8, 236.2, 666.8, 224.2, 669.8, 216.2, 675.8, 205.2, 678.8, 200.2, 686.8, 194.2, 695.8, 191.2, 708.8, 188.2'),
(27, 421, '1828, 241, 1836, 241, 1844, 239, 1847, 239, 1853, 239, 1856, 239, 1859, 241, 1862, 247, 1864, 248, 1866, 248, 1871, 266, 1871, 272, 1868, 281, 1865, 286, 1862, 291, 1859, 294, 1857, 297, 1854, 300, 1851, 302, 1845, 303, 1841, 303, 1825, 303, 1823, 303, 1818, 298, 1817, 297, 1815, 295, 1813, 292, 1810, 286, 1810, 283, 1807, 276, 1806, 270, 1805, 266, 1807, 262, 1809, 257, 1813, 251, 1815, 246, 1821, 244, 1835, 236, 1838, 236, 1840, 237'),
(32, 515, '1316.5, 448.5, 1329.5, 453.5, 1338.5, 459.5, 1342.5, 469.5, 1343.5, 480.5, 1344.5, 495.5, 1339.5, 504.5, 1334.5, 513.5, 1329.5, 519.5, 1318.5, 523.5, 1304.5, 524.5, 1289.5, 524.5, 1282.5, 516.5, 1274.5, 505.5, 1272.5, 471.5, 1279.5, 463.5, 1284.5, 459.5, 1292.5, 453.5, 1298.5, 449.5, 1317.5, 449.5, 1319.5, 449.5, 1322.5, 450.5'),
(24, 382, '213.3333, 469.3333, 237.3333, 484.3333, 252.3333, 495.3333, 250.3333, 508.3333, 245.3333, 531.3333, 230.3333, 545.3333, 177.3333, 533.3333, 175.3333, 488.3333, 189.3333, 477.3333, 206.3333, 469.3333'),
(27, 422, '1650, 237, 1659, 238, 1664, 240, 1666, 243, 1668, 246, 1673, 255, 1674, 261, 1675, 265, 1676, 271, 1676, 276, 1673, 289, 1670, 292, 1667, 296, 1663, 300, 1656, 304, 1650, 304, 1632, 305, 1629, 305, 1623, 300, 1621, 294, 1616, 287, 1614, 284, 1612, 279, 1612, 272, 1612, 268, 1612, 263, 1612, 258, 1613, 255, 1616, 251, 1622, 247, 1637, 239, 1640, 237, 1645, 236, 1647, 236, 1650, 236, 1653, 236'),
(32, 516, '1059.5, 194.5, 1083.5, 200.5, 1091.5, 211.5, 1092.5, 223.5, 1094.5, 243.5, 1083.5, 255.5, 1078.5, 266.5, 1073.5, 271.5, 1057.5, 270.5, 1044.5, 270.5, 1034.5, 265.5, 1014.5, 245.5, 1016.5, 238.5, 1019.5, 208.5, 1033.5, 205.5, 1054.5, 190.5, 1072.5, 196.5, 1077.5, 196.5, 1086.5, 201.5, 1087.5, 205.5, 1088.5, 205.5'),
(23, 356, '1110.8, 444.2, 1121.8, 445.2, 1130.8, 446.2, 1138.8, 449.2, 1142.8, 454.2, 1151.8, 460.2, 1154.8, 471.2, 1157.8, 478.2, 1156.8, 490.2, 1151.8, 499.2, 1146.8, 513.2, 1136.8, 516.2, 1125.8, 521.2, 1113.8, 521.2, 1102.8, 518.2, 1089.8, 512.2, 1084.8, 501.2, 1081.8, 488.2, 1081.8, 472.2, 1083.8, 467.2, 1090.8, 458.2, 1095.8, 455.2, 1101.8, 450.2, 1110.8, 445.2, 1118.8, 444.2'),
(32, 517, '1096.5, 446.5, 1113.5, 451.5, 1128.5, 463.5, 1129.5, 484.5, 1129.5, 498.5, 1101.5, 521.5, 1083.5, 523.5, 1072.5, 520.5, 1068.5, 515.5, 1058.5, 506.5, 1054.5, 499.5, 1052.5, 479.5, 1056.5, 466.5, 1062.5, 458.5, 1063.5, 454.5, 1079.5, 450.5, 1079.5, 450.5, 1082.5, 450.5, 1086.5, 450.5, 1087.5, 450.5, 1092.5, 450.5, 1093.5, 450.5'),
(27, 423, '1843, 577, 1843, 577, 1847, 577, 1852, 577, 1857, 580, 1859, 581, 1860, 581, 1866, 591, 1866, 591, 1870, 597, 1870, 603, 1871, 609, 1873, 616, 1871, 622, 1869, 624, 1866, 630, 1864, 633, 1862, 634, 1856, 636, 1851, 639, 1849, 640, 1847, 640, 1845, 640, 1841, 640, 1838, 640, 1833, 640, 1830, 638, 1821, 635, 1821, 635, 1816, 632, 1812, 628, 1808, 624, 1805, 620, 1804, 616, 1804, 609, 1804, 605, 1805, 598, 1805, 597, 1806, 591, 1809, 588, 1812, 582, 1823, 576, 1843, 573, 1845, 573, 1847, 576'),
(23, 358, '795.8, 448.2, 805.8, 448.2, 814.8, 450.2, 823.8, 454.2, 830.8, 460.2, 835.8, 467.2, 839.8, 476.2, 840.8, 492.2, 838.8, 504.2, 830.8, 514.2, 824.8, 519.2, 816.8, 523.2, 809.8, 525.2, 797.8, 529.2, 787.8, 524.2, 780.8, 520.2, 770.8, 512.2, 765.8, 501.2, 763.8, 492.2, 763.8, 480.2, 769.8, 469.2, 776.8, 460.2, 784.8, 456.2, 790.8, 452.2, 800.8, 448.2'),
(27, 424, '1435, 237, 1450, 240, 1462, 240, 1468, 239, 1472, 239, 1473, 245, 1475, 250, 1476, 255, 1478, 259, 1480, 265, 1472, 290, 1470, 292, 1466, 295, 1465, 295, 1460, 299, 1453, 301, 1450, 301, 1446, 302, 1442, 302, 1437, 302, 1433, 300, 1429, 297, 1425, 297, 1424, 292, 1422, 288, 1421, 286, 1418, 281, 1416, 276, 1415, 274, 1415, 267, 1416, 261, 1416, 258, 1420, 250, 1425, 248, 1433, 244, 1439, 240, 1445, 237, 1451, 236, 1454, 236'),
(27, 425, '1537, 544, 1549, 545, 1559, 550, 1562, 551, 1565, 556, 1567, 558, 1569, 561, 1571, 566, 1571, 572, 1572, 576, 1573, 580, 1573, 587, 1573, 592, 1569, 600, 1567, 603, 1559, 608, 1556, 610, 1550, 613, 1546, 615, 1541, 616, 1523, 616, 1519, 612, 1517, 609, 1513, 605, 1511, 602, 1508, 597, 1506, 594, 1505, 590, 1504, 585, 1504, 579, 1504, 574, 1504, 568, 1508, 562, 1513, 557, 1517, 552, 1519, 551, 1526, 547, 1531, 546, 1536, 546, 1541, 545'),
(23, 360, '538, 532.2, 551, 533.2, 563, 536.2, 572, 543.2, 579, 548.2, 583, 560.2, 585, 572.2, 582, 584.2, 578, 598.2, 570, 603.2, 559, 610.2, 546, 613.2, 530, 611.2, 522, 604.2, 512, 596.2, 508, 586.2, 506, 575.2, 506, 565.2, 509, 551.2, 516, 546.2, 523, 536.2, 531, 533.2, 544, 532.2, 554, 532.2'),
(32, 518, '839.5, 196.5, 852.5, 193.5, 861.5, 198.5, 872.5, 201.5, 874.5, 213.5, 876.5, 224.5, 873.5, 249.5, 866.5, 256.5, 864.5, 259.5, 859.5, 264.5, 853.5, 265.5, 851.5, 265.5, 834.5, 265.5, 821.5, 258.5, 817.5, 254.5, 812.5, 248.5, 811.5, 244.5, 806.5, 230.5, 806.5, 225.5, 811.5, 211.5, 812.5, 208.5, 816.5, 204.5, 822.5, 199.5, 826.5, 195.5, 831.5, 194.5, 843.5, 193.5, 844.5, 193.5, 848.5, 193.5'),
(32, 519, '782.5, 450.5, 793.5, 450.5, 806.5, 460.5, 808.5, 471.5, 817.5, 495.5, 813.5, 506.5, 799.5, 520.5, 777.5, 525.5, 769.5, 526.5, 752.5, 524.5, 751.5, 524.5, 747.5, 519.5, 741.5, 510.5, 739.5, 499.5, 737.5, 493.5, 737.5, 485.5, 747.5, 461.5, 761.5, 455.5, 766.5, 453.5, 769.5, 453.5, 774.5, 450.5, 787.5, 450.5, 794.5, 450.5, 796.5, 450.5, 796.5, 450.5'),
(27, 432, '346, 519, 350, 518, 361, 518, 365, 518, 369, 518, 372, 520, 377, 522, 381, 525, 395, 531, 392, 535, 392, 538, 392, 544, 392, 549, 392, 552, 392, 557, 392, 563, 390, 567, 387, 573, 383, 578, 378, 580, 374, 582, 371, 583, 366, 585, 356, 590, 354, 590, 348, 590, 340, 584, 337, 580, 332, 576, 332, 576, 329, 569, 328, 567, 326, 563, 324, 558, 324, 555, 323, 543, 323, 538, 326, 533, 343, 525, 348, 522, 348, 522'),
(33, 477, '1291, 448, 1288, 452, 1284, 455, 1278, 459, 1271, 473, 1269, 477, 1269, 481, 1284, 517, 1287, 517, 1294, 518, 1298, 519, 1325, 518, 1333, 513, 1337, 509, 1340, 504, 1343, 499, 1346, 491, 1345, 484, 1344, 474, 1340, 466, 1338, 459, 1333, 454, 1327, 452, 1324, 451, 1323, 451, 1314, 449, 1309, 448, 1308, 448, 1301, 448, 1293, 451, 1292, 453, 1286, 457, 1286, 457, 1282, 459, 1278, 461, 1275, 466, 1274, 469, 1271, 474, 1271, 478, 1271, 490, 1271, 492'),
(23, 362, '347, 471.2, 362, 472.2, 372, 473.2, 382, 480.2, 391, 490.2, 394, 499.2, 396, 512.2, 394, 525.2, 388, 536.2, 382, 543.2, 370, 549.2, 361, 549.2, 350, 549.2, 338, 547.2, 328, 540.2, 321, 532.2, 317, 522.2, 315, 508.2, 322, 489.2, 325, 484.2, 332, 480.2, 341, 474.2, 346, 472.2'),
(32, 508, '2061.5, 531.5, 2076.5, 531.5, 2092.5, 541.5, 2094.5, 553.5, 2096.5, 563.5, 2096.5, 575.5, 2087.5, 591.5, 2084.5, 595.5, 2078.5, 600.5, 2073.5, 601.5, 2068.5, 604.5, 2062.5, 609.5, 2057.5, 609.5, 2051.5, 609.5, 2044.5, 606.5, 2031.5, 598.5, 2026.5, 593.5, 2023.5, 591.5, 2018.5, 575.5, 2018.5, 568.5, 2018.5, 556.5, 2023.5, 545.5, 2027.5, 541.5, 2042.5, 535.5, 2046.5, 533.5, 2049.5, 533.5, 2054.5, 531.5, 2059.5, 530.5, 2061.5, 530.5, 2063.5, 531.5, 2064.5, 531.5, 2068.5, 534.5, 2072.5, 536.5'),
(27, 433, '180, 237, 189, 237, 190, 238, 195, 239, 199, 240, 200, 240, 204, 241, 209, 242, 211, 243, 219, 254, 220, 260, 220, 263, 220, 266, 220, 272, 221, 278, 221, 281, 221, 287, 219, 290, 216, 293, 210, 294, 209, 295, 206, 297, 204, 300, 201, 302, 197, 303, 193, 304, 189, 305, 182, 305, 178, 305, 174, 305, 171, 305, 163, 301, 161, 299, 159, 297, 156, 289, 155, 286, 154, 280, 153, 276, 152, 272, 152, 268, 152, 264, 152, 261, 156, 254, 158, 251, 167, 243, 171, 241, 173, 240, 179, 239, 183, 239'),
(33, 478, '1029, 201, 1030, 207, 1024, 208, 1021, 212, 1019, 219, 1018, 225, 1028, 257, 1032, 261, 1052, 270, 1057, 270, 1070, 269, 1072, 269, 1079, 265, 1081, 263, 1084, 261, 1090, 256, 1093, 250, 1097, 242, 1099, 235, 1099, 229, 1098, 221, 1096, 211, 1092, 204, 1088, 199, 1081, 195, 1077, 193, 1057, 193, 1048, 191, 1041, 194, 1036, 196, 1025, 206, 1021, 219, 1022, 224, 1022, 227, 1022, 243'),
(27, 434, '196, 517, 203, 517, 207, 516, 212, 517, 225, 520, 232, 522, 236, 523, 239, 525, 241, 526, 246, 531, 249, 539, 252, 546, 254, 552, 253, 560, 250, 570, 244, 577, 238, 585, 229, 590, 218, 591, 209, 592, 199, 591, 193, 587, 185, 580, 178, 570, 175, 557, 174, 544, 181, 532, 190, 524, 198, 519'),
(23, 364, '210, 471.2, 229, 472.2, 238, 480.2, 245, 490.2, 252, 502.2, 250, 514.2, 250, 526.2, 243, 533.2, 226, 545.2, 217, 549.2, 205, 549.2, 191, 545.2, 184, 540.2, 176, 532.2, 171, 515.2, 172, 503.2, 174, 492.2, 179, 487.2, 184, 480.2, 190, 476.2, 198, 472.2, 204, 469.2, 219, 471.2'),
(33, 479, '1062, 459, 1059, 471, 1056, 478, 1055, 481, 1057, 497, 1059, 502, 1065, 510, 1067, 514, 1077, 522, 1086, 519, 1093, 518, 1107, 518, 1111, 518, 1118, 516, 1122, 512, 1125, 506, 1127, 502, 1129, 496, 1131, 487, 1131, 480, 1128, 469, 1124, 464, 1119, 457, 1115, 452, 1111, 450, 1102, 448, 1096, 446, 1087, 447, 1079, 450, 1073, 453, 1070, 455, 1065, 460, 1057, 471, 1055, 476, 1054, 482, 1054, 488'),
(33, 480, '826, 196, 823, 198, 817, 207, 814, 204, 811, 207, 807, 219, 806, 225, 806, 229, 806, 236, 819, 260, 820, 262, 835, 268, 835, 268, 845, 270, 846, 270, 856, 269, 857, 269, 865, 262, 867, 260, 870, 258, 875, 253, 878, 250, 880, 246, 883, 233, 883, 229, 883, 226, 880, 214, 880, 213, 873, 202, 870, 200, 870, 200, 859, 196, 854, 195, 851, 193, 842, 193, 842, 193, 835, 194, 835, 194, 823, 197, 821, 200, 810, 214, 810, 214, 807, 218, 807, 218, 807, 236, 807, 243, 810, 252'),
(23, 361, '417, 188.6, 434, 188.6, 442, 194.6, 448, 199.6, 454, 206.6, 458, 216.6, 460, 226.6, 460, 238.6, 456, 250.6, 445, 261.6, 436, 266.6, 419, 266.6, 407, 266.6, 395, 257.6, 386, 251.6, 381, 223.6, 382, 210.6, 388, 204.6, 394, 200.6, 399, 196.6, 410, 190.6, 418, 188.6, 430, 187.6, 410, 188.6, 420, 186.6, 428, 188.6'),
(32, 523, '343, 476.5, 353, 481.5, 363, 489.5, 366, 499.5, 368, 508.5, 370, 515.5, 356, 540.5, 350, 545.5, 338, 553.5, 331, 551.5, 315, 545.5, 313, 544.5, 308, 539.5, 304, 535.5, 301, 531.5, 296, 521.5, 295, 514.5, 296, 505.5, 296, 501.5, 296, 491.5, 299, 488.5, 300, 486.5, 303, 484.5, 305, 483.5, 311, 478.5, 323, 475.5, 326, 475.5, 329, 474.5, 330, 474.5, 340, 474.5'),
(33, 481, '765, 453, 761, 452, 755, 454, 752, 459, 746, 462, 744, 465, 741, 469, 738, 475, 736, 481, 740, 497, 744, 507, 764, 527, 777, 530, 788, 528, 797, 524, 803, 520, 806, 515, 811, 507, 814, 503, 816, 498, 816, 494, 816, 486, 813, 478, 809, 470, 805, 463, 798, 460, 790, 456, 788, 453, 780, 451, 772, 451, 766, 455, 765, 455, 765, 455, 758, 457, 755, 458, 749, 458, 745, 464, 738, 472, 737, 474, 736, 478, 741, 512'),
(32, 524, '176, 196.5, 184, 203.5, 188, 204.5, 190, 206.5, 193, 216.5, 199, 223.5, 199, 235.5, 193, 244.5, 189, 254.5, 176, 265.5, 170, 268.5, 156, 269.5, 149, 265.5, 143, 259.5, 135, 256.5, 128, 246.5, 128, 244.5, 125, 231.5, 128, 216.5, 128, 215.5, 131, 208.5, 133, 208.5, 136, 200.5, 171, 196.5, 191, 206.5, 193, 210.5, 193, 215.5, 196, 220.5, 206, 218.5'),
(23, 363, '173, 189.6, 186, 190.6, 195, 190.6, 205, 194.6, 221, 210.6, 222, 242.6, 217, 249.6, 209, 257.6, 202, 262.6, 190, 269.6, 176, 266.6, 167, 262.6, 156, 254.6, 147, 241.6, 146, 228.6, 148, 213.6, 151, 208.6, 156, 202.6, 162, 197.6, 171, 193.6, 178, 190.6, 196, 191.6'),
(33, 482, '660, 198, 654, 205, 653, 207, 650, 211, 647, 213, 646, 216, 643, 220, 643, 223, 643, 238, 642, 244, 644, 251, 655, 264, 659, 265, 667, 266, 672, 266, 672, 266, 679, 270, 687, 270, 691, 269, 696, 266, 701, 263, 707, 258, 710, 256, 711, 255, 714, 247, 716, 241, 717, 234, 717, 226, 717, 221, 716, 212, 713, 207, 708, 202, 703, 199, 697, 195, 690, 194, 687, 192, 677, 192, 675, 192, 669, 193, 668, 193, 656, 202, 650, 205, 645, 209, 642, 216'),
(32, 525, '186, 473.5, 201, 476.5, 213, 480.5, 221, 490.5, 223, 501.5, 223, 516.5, 220, 524.5, 215, 531.5, 214, 536.5, 203, 549.5, 198, 550.5, 176, 550.5, 170, 550.5, 164, 545.5, 160, 543.5, 151, 529.5, 148, 525.5, 148, 520.5, 150, 508.5, 150, 505.5, 154, 491.5, 161, 485.5, 165, 480.5, 165, 480.5, 180, 480.5, 181, 481.5, 183, 479.5'),
(32, 520, '676, 190.5, 685, 190.5, 698, 195.5, 715, 210.5, 716, 215.5, 719, 221.5, 719, 238.5, 718, 244.5, 709, 256.5, 705, 259.5, 666, 268.5, 664, 268.5, 659, 265.5, 653, 260.5, 650, 258.5, 636, 234.5, 638, 226.5, 641, 220.5, 646, 211.5, 650, 208.5, 654, 204.5, 668, 199.5, 676, 199.5, 683, 194.5, 686, 194.5, 688, 194.5'),
(33, 484, '364, 206, 360, 210, 355, 216, 353, 234, 355, 239, 371, 264, 386, 274, 403, 272, 415, 270, 421, 265, 426, 260, 429, 256, 433, 251, 437, 247, 438, 240, 441, 231, 441, 224, 436, 216, 430, 210, 428, 207, 425, 202, 421, 198, 412, 194, 401, 191, 390, 189, 379, 194, 377, 195, 374, 195, 367, 201, 361, 209, 361, 212, 358, 218, 357, 221, 357, 237, 357, 248');
INSERT INTO `tbl_unit_siteplan` (`id_siteplan`, `id_unit`, `coords`) VALUES
(32, 521, '514, 535.5, 529, 535.5, 543, 546.5, 551, 556.5, 556, 574.5, 556, 578.5, 553, 589.5, 549, 595.5, 544, 600.5, 535, 608.5, 529, 610.5, 513, 610.5, 506, 609.5, 504, 605.5, 501, 603.5, 499, 600.5, 496, 595.5, 494, 591.5, 491, 589.5, 489, 586.5, 486, 581.5, 486, 576.5, 486, 571.5, 486, 568.5, 486, 563.5, 486, 560.5, 486, 558.5, 486, 556.5, 486, 554.5, 489, 550.5, 498, 543.5, 498, 543.5, 503, 541.5, 506, 540.5, 518, 540.5, 519, 540.5, 528, 543.5, 529, 543.5'),
(33, 486, '145, 195, 139, 198, 137, 200, 135, 205, 132, 207, 131, 209, 128, 212, 125, 214, 123, 219, 120, 222, 119, 225, 119, 235, 126, 253, 137, 264, 142, 266, 145, 267, 150, 271, 158, 271, 168, 271, 176, 269, 187, 263, 190, 259, 193, 251, 195, 246, 198, 238, 201, 230, 207, 220, 197, 217, 190, 208, 188, 204, 181, 201, 175, 195, 168, 192, 159, 192, 150, 193, 143, 196, 139, 198, 133, 202, 129, 208, 125, 213, 123, 217, 119, 221, 120, 247, 121, 251'),
(32, 522, '386, 196, 399, 196, 403, 196, 410, 198, 412, 199, 421, 205, 422, 209, 427, 213, 427, 220, 429, 227, 429, 233, 423, 246, 420, 252, 418, 255, 411, 260, 406, 263, 399, 264, 393, 264, 384, 263, 380, 262, 376, 260, 372, 257, 365, 252, 361, 247, 359, 242, 358, 238, 358, 231, 358, 226, 358, 219, 360, 215, 363, 212, 368, 206, 369, 203, 374, 200, 384, 196, 388, 195, 391, 194'),
(32, 490, ''),
(32, 491, ''),
(32, 492, ''),
(32, 493, ''),
(33, 483, '491, 544, 488, 548, 480, 554, 479, 566, 481, 580, 488, 596, 492, 602, 498, 608, 508, 611, 531, 613, 542, 609, 548, 604, 550, 599, 552, 595, 557, 585, 558, 574, 559, 567, 554, 554, 552, 551, 545, 544, 542, 537, 536, 533, 528, 532, 514, 533, 511, 535, 507, 535, 500, 539, 497, 542, 494, 545, 491, 547, 488, 550, 487, 552, 482, 558, 480, 563, 479, 573, 479, 575, 479, 581'),
(32, 494, ''),
(32, 495, ''),
(33, 485, '313, 478, 309, 478, 304, 481, 298, 488, 296, 491, 293, 496, 292, 500, 318, 554, 325, 553, 329, 551, 342, 549, 350, 545, 358, 540, 363, 536, 363, 531, 368, 524, 370, 518, 368, 510, 366, 501, 363, 494, 359, 482, 355, 478, 340, 473, 328, 471, 318, 473, 307, 479, 302, 482, 295, 488, 288, 503, 290, 521, 304, 539, 304, 539'),
(32, 509, '1816.5, 191.5, 1828.5, 193.5, 1838.5, 201.5, 1844.5, 213.5, 1846.5, 224.5, 1844.5, 239.5, 1841.5, 254.5, 1832.5, 260.5, 1826.5, 260.5, 1818.5, 265.5, 1807.5, 269.5, 1798.5, 269.5, 1788.5, 263.5, 1781.5, 260.5, 1781.5, 259.5, 1772.5, 238.5, 1772.5, 234.5, 1772.5, 220.5, 1772.5, 216.5, 1777.5, 211.5, 1782.5, 205.5, 1786.5, 203.5, 1789.5, 200.5, 1793.5, 199.5, 1808.5, 194.5, 1812.5, 193.5, 1822.5, 193.5, 1822.5, 193.5'),
(2, 31, '885, 203.3333, 907, 206.3333, 927, 253.3333, 917, 273.3333, 911, 278.3333, 890, 283.3333, 868, 279.3333, 853, 267.3333, 847, 222.3333, 847, 222.3333, 861, 213.3333, 887, 204.3333'),
(32, 510, '1613.5, 190.5, 1631.5, 190.5, 1647.5, 203.5, 1654.5, 213.5, 1656.5, 216.5, 1657.5, 229.5, 1657.5, 233.5, 1653.5, 240.5, 1653.5, 244.5, 1647.5, 254.5, 1633.5, 264.5, 1622.5, 266.5, 1609.5, 269.5, 1592.5, 265.5, 1583.5, 254.5, 1574.5, 239.5, 1576.5, 218.5, 1583.5, 208.5, 1611.5, 194.5, 1617.5, 194.5, 1621.5, 194.5, 1622.5, 194.5'),
(33, 487, '166, 478, 165, 480, 160, 482, 155, 495, 151, 498, 150, 501, 147, 509, 153, 529, 164, 543, 181, 552, 201, 548, 204, 545, 211, 541, 214, 539, 219, 533, 222, 527, 224, 520, 226, 512, 226, 508, 224, 501, 219, 495, 217, 489, 211, 482, 204, 479, 196, 477, 196, 477, 182, 474, 178, 474, 175, 476, 172, 478, 169, 478, 163, 481, 161, 483, 159, 486, 156, 490, 153, 494, 149, 498, 148, 501, 146, 506, 145, 508, 183, 524'),
(32, 511, '1821.5, 530.5, 1837.5, 540.5, 1841.5, 549.5, 1846.5, 565.5, 1842.5, 580.5, 1841.5, 591.5, 1827.5, 600.5, 1818.5, 603.5, 1802.5, 604.5, 1794.5, 603.5, 1788.5, 594.5, 1777.5, 588.5, 1777.5, 588.5, 1776.5, 584.5, 1771.5, 573.5, 1771.5, 566.5, 1771.5, 563.5, 1778.5, 543.5, 1781.5, 539.5, 1806.5, 531.5, 1816.5, 531.5, 1816.5, 531.5, 1817.5, 531.5'),
(2, 32, '815, 463.3333, 833, 463.3333, 842, 468.3333, 848, 472.3333, 853, 480.3333, 855, 518.3333, 850, 527.3333, 844, 533.3333, 832, 538.3333, 821, 541.3333, 808, 541.3333, 801, 538.3333, 797, 533.3333, 793, 528.3333, 786, 523.3333, 782, 517.3333, 778, 508.3333, 782, 490.3333, 785, 483.3333, 789, 477.3333, 794, 472.3333, 805, 468.3333, 808, 468.3333, 823, 463.3333, 823, 463.3333'),
(32, 512, '1422.5, 196.5, 1447.5, 204.5, 1448.5, 254.5, 1441.5, 259.5, 1436.5, 265.5, 1428.5, 265.5, 1416.5, 266.5, 1414.5, 266.5, 1408.5, 266.5, 1399.5, 261.5, 1396.5, 259.5, 1393.5, 255.5, 1383.5, 243.5, 1382.5, 241.5, 1382.5, 230.5, 1384.5, 225.5, 1384.5, 224.5, 1388.5, 210.5, 1391.5, 208.5, 1396.5, 204.5, 1401.5, 200.5, 1411.5, 195.5, 1423.5, 194.5, 1423.5, 194.5'),
(32, 513, '1507.5, 500.5, 1526.5, 504.5, 1533.5, 508.5, 1539.5, 514.5, 1543.5, 523.5, 1546.5, 538.5, 1546.5, 553.5, 1546.5, 559.5, 1541.5, 564.5, 1526.5, 570.5, 1522.5, 574.5, 1516.5, 576.5, 1509.5, 578.5, 1492.5, 574.5, 1487.5, 573.5, 1484.5, 570.5, 1479.5, 564.5, 1478.5, 559.5, 1474.5, 551.5, 1474.5, 548.5, 1474.5, 534.5, 1474.5, 529.5, 1477.5, 526.5, 1479.5, 521.5, 1479.5, 519.5, 1483.5, 516.5, 1491.5, 511.5, 1494.5, 509.5, 1509.5, 501.5, 1514.5, 501.5, 1514.5, 501.5'),
(32, 514, '1226.5, 191.5, 1244.5, 196.5, 1251.5, 199.5, 1261.5, 233.5, 1261.5, 236.5, 1254.5, 255.5, 1249.5, 260.5, 1228.5, 268.5, 1217.5, 269.5, 1209.5, 269.5, 1198.5, 266.5, 1193.5, 255.5, 1191.5, 241.5, 1197.5, 210.5, 1199.5, 208.5, 1206.5, 205.5, 1213.5, 200.5, 1217.5, 199.5, 1219.5, 198.5, 1224.5, 195.5, 1226.5, 194.5, 1226.5, 194.5'),
(2, 33, '719, 203.3333, 734, 203.3333, 746, 210.3333, 758, 223.3333, 764, 240.3333, 747, 278.3333, 734, 284.3333, 726, 286.3333, 690, 270.3333, 688, 221.3333, 701, 208.3333, 722, 201.3333'),
(2, 34, '562, 545.3333, 570, 548.3333, 585, 553.3333, 596, 563.3333, 598, 604.3333, 571, 624.3333, 553, 623.3333, 537, 616.3333, 525, 567.3333, 533, 555.3333, 563, 546.3333'),
(2, 35, '438, 204.3333, 455, 206.3333, 468, 214.3333, 479, 238.3333, 478, 256.3333, 471, 267.3333, 454, 280.3333, 444, 280.3333, 404, 268.3333, 397, 241.3333, 403, 222.3333, 414, 211.3333, 437, 203.3333'),
(2, 36, '371, 483.3333, 391, 488.3333, 401, 495.3333, 413, 522.3333, 409, 542.3333, 405, 551.3333, 379, 561.3333, 355, 558.3333, 335, 523.3333, 351, 492.3333, 373, 483.3333'),
(2, 37, '198, 203.3333, 219, 205.3333, 229, 213.3333, 239, 243.3333, 223, 275.3333, 187, 280.3333, 168, 266.3333, 168, 218.3333, 203, 202.3333'),
(2, 38, '231, 483.3333, 252, 493.3333, 263, 502.3333, 268, 524.3333, 261, 544.3333, 220, 563.3333, 207, 560.3333, 193, 543.3333, 191, 506.3333, 200, 493.3333, 211, 492.3333, 238, 485.3333'),
(70, 539, '2026, 215, 2028, 207, 2028, 197, 2032, 190, 2042, 182, 2052, 177, 2062, 175, 2080, 175, 2086, 181, 2095, 189, 2103, 198, 2103, 208, 2101, 221, 2093, 245, 2071, 257, 2048, 251, 2027, 237, 2021, 225, 2023, 213, 2029, 194'),
(70, 540, '2035, 546, 2036, 539, 2040, 526, 2047, 522, 2063, 509, 2079, 507, 2086, 507, 2089, 509, 2096, 514, 2101, 517, 2107, 525, 2117, 531, 2116, 538, 2116, 552, 2114, 562, 2111, 569, 2097, 580, 2076, 597, 2049, 578, 2042, 568, 2040, 556, 2043, 543, 2049, 532'),
(70, 541, '1787, 208, 1789, 204, 1789, 195, 1800, 184, 1805, 182, 1816, 176, 1839, 176, 1846, 181, 1860, 185, 1867, 195, 1867, 204, 1867, 209, 1852, 242, 1837, 248, 1817, 254, 1802, 247, 1795, 238, 1791, 229, 1791, 216, 1792, 205, 1814, 180'),
(70, 543, '1831, 508, 1839, 511, 1845, 513, 1855, 519, 1863, 529, 1865, 533, 1861, 542, 1869, 553, 1867, 554, 1866, 556, 1866, 560, 1864, 569, 1860, 571, 1860, 572, 1856, 576, 1851, 580, 1847, 583, 1847, 583, 1842, 583, 1842, 584, 1839, 588, 1838, 588, 1832, 588, 1828, 588, 1826, 587, 1823, 587, 1818, 587, 1815, 587, 1815, 587, 1815, 587, 1815, 587, 1814, 587, 1812, 587, 1809, 586, 1809, 585, 1799, 575, 1796, 573, 1793, 562, 1785, 546, 1783, 539, 1811, 518, 1818, 511, 1824, 509, 1828, 508, 1832, 508, 1833, 508, 1833, 508, 1838, 508'),
(70, 548, '769, 441, 777, 437, 780, 435, 785, 434, 788, 434, 789, 434, 792, 434, 793, 434, 797, 434, 801, 434, 804, 437, 806, 438, 807, 439, 813, 440, 817, 444, 820, 447, 825, 453, 828, 460, 828, 466, 829, 469, 829, 472, 828, 481, 828, 484, 824, 489, 820, 494, 817, 497, 811, 503, 795, 510, 793, 510, 782, 509, 779, 508, 776, 508, 765, 497, 761, 491, 759, 488, 756, 483, 755, 476, 754, 471, 754, 464, 754, 459, 760, 450, 764, 446, 766, 443, 773, 439, 779, 438, 788, 436, 793, 436, 797, 436'),
(70, 549, '675, 184, 681, 182, 684, 182, 691, 180, 704, 180, 707, 180, 710, 181, 713, 183, 716, 184, 720, 184, 722, 185, 726, 192, 729, 195, 731, 198, 732, 209, 732, 212, 732, 216, 730, 222, 728, 226, 725, 230, 722, 235, 718, 238, 713, 241, 703, 244, 694, 247, 691, 247, 682, 246, 678, 243, 672, 239, 671, 236, 670, 231, 667, 227, 665, 222, 662, 217, 661, 216, 661, 208, 662, 202, 665, 198, 665, 194, 669, 190, 676, 185, 680, 182, 683, 181'),
(70, 544, '1324, 427, 1346, 433, 1360, 445, 1365, 461, 1359, 488, 1349, 500, 1326, 507, 1306, 499, 1293, 483, 1287, 452, 1305, 432'),
(70, 545, '1053, 181, 1057, 181, 1060, 181, 1064, 181, 1067, 181, 1073, 181, 1080, 181, 1086, 181, 1096, 188, 1098, 189, 1099, 191, 1101, 196, 1103, 200, 1104, 205, 1107, 211, 1104, 228, 1101, 233, 1099, 237, 1095, 242, 1091, 244, 1082, 246, 1080, 248, 1069, 249, 1067, 249, 1064, 247, 1061, 244, 1059, 242, 1056, 238, 1054, 235, 1049, 229, 1046, 228, 1042, 220, 1041, 216, 1041, 210, 1040, 203, 1043, 194, 1047, 188, 1050, 186, 1054, 182'),
(70, 553, '156, 182, 163, 178, 166, 178, 172, 176, 178, 176, 186, 178, 191, 180, 192, 183, 194, 184, 197, 189, 199, 191, 203, 195, 205, 197, 206, 204, 207, 208, 207, 219, 206, 226, 204, 232, 197, 242, 189, 244, 182, 246, 178, 246, 174, 246, 170, 246, 165, 244, 164, 244, 161, 241, 159, 241, 151, 240, 150, 239, 145, 236, 144, 233, 142, 229, 141, 222, 141, 216, 141, 208, 141, 202, 141, 196, 142, 192, 145, 187, 152, 183, 158, 181, 163, 180, 170, 180'),
(70, 551, '402, 182, 406, 180, 410, 181, 414, 181, 422, 183, 424, 185, 429, 186, 437, 188, 437, 190, 445, 197, 447, 201, 448, 204, 447, 222, 446, 225, 441, 231, 408, 249, 405, 248, 401, 244, 393, 241, 391, 240, 387, 236, 380, 228, 378, 223, 378, 216, 378, 213, 378, 203, 378, 192, 381, 188, 384, 186, 389, 184, 399, 184, 403, 182, 403, 181'),
(70, 546, '1109, 425, 1133, 432, 1140, 440, 1149, 471, 1143, 485, 1136, 497, 1126, 504, 1110, 507, 1089, 503, 1080, 492, 1072, 483, 1067, 458, 1074, 445, 1086, 433, 1108, 427'),
(70, 552, '329, 461, 335, 460, 338, 460, 342, 460, 342, 460, 348, 463, 358, 463, 359, 463, 367, 468, 371, 470, 374, 473, 377, 475, 380, 489, 380, 497, 380, 503, 380, 507, 378, 511, 375, 515, 369, 519, 364, 523, 358, 526, 352, 526, 342, 526, 339, 526, 329, 525, 327, 524, 321, 517, 320, 515, 318, 513, 316, 511, 314, 507, 312, 498, 312, 492, 312, 485, 312, 478, 314, 472, 319, 470, 328, 465, 331, 463, 336, 462, 340, 462, 342, 462'),
(70, 547, '860, 173, 885, 182, 896, 193, 899, 217, 896, 232, 888, 244, 879, 250, 859, 251, 830, 240, 818, 212, 823, 191, 836, 182, 856, 172, 872, 174'),
(70, 554, '195, 459, 199, 457, 202, 456, 204, 456, 205, 456, 212, 456, 213, 458, 216, 460, 216, 461, 227, 464, 229, 472, 232, 475, 235, 481, 236, 487, 237, 493, 237, 498, 237, 504, 233, 511, 230, 516, 227, 521, 219, 525, 214, 530, 208, 531, 203, 531, 196, 529, 192, 526, 187, 522, 181, 518, 176, 516, 173, 513, 172, 511, 169, 506, 164, 500, 164, 493, 164, 486, 164, 483, 166, 474, 173, 465, 182, 463, 185, 462, 188, 462'),
(70, 550, '525, 518, 537, 518, 539, 518, 552, 524, 555, 524, 556, 524, 559, 528, 564, 534, 566, 540, 568, 545, 569, 552, 569, 558, 563, 576, 559, 582, 542, 589, 535, 589, 526, 589, 522, 589, 516, 585, 508, 580, 505, 575, 502, 569, 499, 561, 498, 554, 497, 547, 497, 544, 501, 537, 503, 536, 508, 531, 513, 528, 520, 524, 528, 523, 535, 522, 542, 522'),
(71, 555, '2029, 232, 2023, 215, 2028, 205, 2030, 195, 2045, 179, 2069, 173, 2077, 175, 2084, 179, 2087, 181, 2090, 186, 2104, 192, 2104, 217, 2104, 226, 2097, 236, 2088, 244, 2078, 247, 2070, 249, 2060, 249, 2047, 248, 2033, 239, 2017, 216'),
(71, 556, '2034, 560, 2033, 544, 2038, 536, 2046, 522, 2070, 509, 2102, 518, 2114, 526, 2116, 543, 2116, 549, 2116, 557, 2111, 572, 2106, 580, 2100, 584, 2035, 564'),
(71, 557, '1785, 211, 1786, 191, 1790, 190, 1799, 182, 1819, 175, 1853, 185, 1861, 191, 1866, 203, 1863, 226, 1860, 232, 1854, 240, 1847, 249, 1829, 250, 1822, 250, 1810, 249, 1803, 244, 1796, 237, 1794, 234, 1790, 224, 1784, 217, 1795, 188'),
(71, 559, '1788, 553, 1798, 530, 1857, 520, 1859, 526, 1861, 532, 1863, 560, 1863, 568, 1861, 575, 1858, 579, 1835, 580, 1808, 577, 1800, 571, 1792, 556, 1791, 550'),
(71, 561, '1486, 527, 1493, 502, 1498, 496, 1523, 481, 1563, 516, 1563, 518, 1560, 538, 1545, 547, 1542, 551, 1534, 554'),
(71, 562, '1200, 211, 1206, 200, 1234, 173, 1254, 176, 1279, 220, 1258, 239, 1250, 243, 1220, 237'),
(71, 563, '1289, 470, 1287, 459, 1292, 445, 1301, 440, 1320, 431, 1336, 430, 1349, 434, 1359, 446, 1365, 489, 1356, 494, 1305, 501, 1287, 483'),
(71, 564, '1034, 226, 1038, 216, 1038, 209, 1041, 198, 1053, 189, 1074, 187, 1089, 179, 1112, 198, 1112, 212, 1112, 225, 1110, 234, 1098, 238, 1095, 243, 1089, 249, 1057, 248, 1041, 234'),
(71, 565, '1073, 487, 1068, 478, 1068, 462, 1078, 443, 1092, 434, 1126, 430, 1143, 439, 1148, 459, 1148, 486, 1142, 495, 1133, 502, 1121, 503, 1106, 503, 1079, 493'),
(71, 566, '818, 212, 826, 190, 870, 170, 877, 177, 885, 182, 890, 188, 892, 202, 899, 204, 884, 241, 827, 239, 821, 224, 827, 196, 837, 189'),
(71, 567, '753, 470, 756, 456, 763, 446, 771, 439, 784, 434, 795, 433, 808, 432, 813, 434, 818, 443, 827, 450, 828, 464, 828, 474, 824, 491, 816, 505, 755, 493, 753, 482, 752, 476, 752, 468, 758, 455, 777, 436'),
(71, 568, '659, 223, 661, 213, 661, 204, 665, 192, 675, 187, 691, 178, 704, 174, 718, 176, 722, 184, 728, 191, 731, 200, 734, 210, 727, 233, 724, 240, 686, 250, 673, 240'),
(71, 569, '496, 548, 535, 514, 562, 520, 568, 532, 577, 540, 573, 552, 573, 564, 566, 577, 558, 587, 500, 565, 499, 538'),
(71, 570, '375, 203, 382, 197, 422, 175, 431, 179, 435, 185, 444, 191, 444, 206, 450, 208, 449, 225, 393, 242, 390, 177'),
(71, 571, '309, 510, 306, 493, 307, 478, 332, 458, 358, 454, 373, 464, 376, 467, 383, 483, 364, 532, 348, 539'),
(71, 572, '140, 214, 143, 204, 145, 188, 159, 178, 184, 177, 193, 180, 207, 188, 209, 203, 210, 215, 206, 230, 164, 248, 148, 231, 146, 222'),
(71, 573, '163, 483, 175, 470, 229, 461, 233, 470, 236, 481, 238, 509, 233, 515, 198, 534, 170, 508, 169, 490'),
(72, 576, '1807, 206, 1811, 200, 1813, 191, 1824, 183, 1833, 179, 1850, 174, 1873, 180, 1876, 188, 1882, 199, 1882, 239, 1870, 247, 1865, 249, 1816, 248, 1811, 234, 1799, 221, 1816, 192'),
(72, 577, '1619, 232, 1614, 225, 1614, 213, 1615, 206, 1619, 191, 1627, 182, 1638, 175, 1643, 173, 1656, 173, 1665, 176, 1681, 183, 1689, 194, 1691, 202, 1694, 215, 1686, 240, 1679, 247, 1666, 252, 1656, 253, 1642, 253, 1626, 242, 1616, 234, 1615, 222'),
(72, 578, '1807, 558, 1803, 545, 1811, 532, 1821, 518, 1865, 511, 1869, 515, 1878, 525, 1882, 529, 1883, 535, 1885, 542, 1882, 567, 1874, 579, 1824, 585, 1816, 577, 1808, 555, 1809, 542, 1812, 531'),
(72, 579, '1415, 219, 1419, 206, 1419, 194, 1430, 187, 1441, 177, 1448, 175, 1454, 173, 1459, 173, 1464, 176, 1470, 177, 1482, 185, 1493, 192, 1495, 203, 1498, 220, 1494, 230, 1490, 236, 1482, 245, 1472, 250, 1459, 252, 1432, 246, 1421, 228'),
(72, 580, '1505, 533, 1505, 523, 1503, 512, 1505, 505, 1512, 498, 1519, 494, 1525, 487, 1535, 484, 1557, 484, 1567, 485, 1574, 493, 1583, 499, 1586, 514, 1587, 523, 1580, 542, 1575, 549, 1568, 554, 1565, 556, 1555, 562, 1539, 561, 1521, 554, 1514, 540, 1508, 534, 1505, 526, 1506, 517'),
(72, 581, '1226, 229, 1226, 225, 1225, 212, 1234, 192, 1256, 178, 1277, 176, 1299, 199, 1304, 219, 1304, 229, 1297, 244, 1280, 247, 1240, 250'),
(72, 582, '1305, 466, 1310, 451, 1323, 435, 1332, 433, 1339, 428, 1345, 428, 1357, 427, 1368, 429, 1381, 440, 1387, 461, 1390, 469, 1381, 489, 1378, 494, 1371, 498, 1364, 503, 1360, 504, 1353, 507, 1347, 507, 1342, 507, 1334, 505, 1320, 493, 1319, 492, 1312, 477, 1312, 467, 1315, 452'),
(72, 583, '1056, 203, 1061, 198, 1067, 189, 1075, 177, 1099, 170, 1113, 179, 1129, 181, 1136, 196, 1131, 231, 1103, 254, 1087, 255, 1048, 232, 1052, 209, 1061, 191'),
(72, 584, '1090, 464, 1088, 453, 1100, 442, 1110, 433, 1122, 428, 1149, 431, 1160, 439, 1168, 463, 1164, 475, 1161, 490, 1146, 502, 1126, 508, 1099, 492, 1093, 477, 1092, 469'),
(72, 585, '845, 207, 846, 200, 852, 190, 860, 185, 869, 178, 879, 173, 893, 174, 900, 177, 907, 181, 913, 189, 916, 209, 914, 224, 910, 231, 895, 251, 874, 253, 864, 248, 853, 237, 848, 231, 846, 215, 850, 199, 861, 184'),
(73, 593, '2006, 237, 2005, 230, 2007, 215, 2017, 204, 2033, 192, 2049, 189, 2060, 190, 2071, 202, 2079, 207, 2082, 222, 2072, 266, 2067, 268, 2056, 271, 2015, 257, 2003, 246, 1999, 221'),
(73, 594, '2025, 567, 2025, 554, 2025, 545, 2028, 535, 2038, 532, 2047, 529, 2053, 528, 2065, 527, 2077, 528, 2092, 536, 2097, 541, 2099, 554, 2103, 572, 2090, 588, 2083, 593, 2075, 600, 2068, 606, 2054, 607, 2037, 602, 2031, 593, 2021, 585, 2019, 569, 2018, 556, 2029, 532'),
(73, 595, '1766, 217, 1777, 207, 1791, 200, 1814, 191, 1821, 191, 1834, 197, 1851, 215, 1851, 232, 1789, 272, 1767, 227'),
(73, 596, '1564, 197, 1666, 191, 1665, 257, 1571, 274, 1573, 192'),
(73, 597, '1770, 553, 1834, 528, 1839, 537, 1846, 548, 1851, 571, 1848, 580, 1776, 602, 1772, 587, 1771, 554'),
(73, 598, '1381, 246, 1381, 233, 1398, 206, 1454, 210, 1454, 217, 1457, 233, 1444, 248, 1438, 258'),
(73, 599, '1470, 534, 1470, 526, 1470, 516, 1480, 505, 1488, 503, 1504, 503, 1510, 498, 1550, 501, 1543, 504, 1543, 516, 1548, 525, 1538, 564, 1516, 573, 1475, 572, 1468, 567, 1469, 542'),
(73, 600, '1186, 220, 1206, 198, 1217, 193, 1245, 197, 1257, 206, 1263, 213, 1270, 242, 1268, 249, 1259, 256, 1228, 265, 1206, 265, 1199, 256, 1190, 247'),
(73, 601, '1265, 471, 1281, 453, 1293, 443, 1306, 441, 1328, 443, 1335, 453, 1339, 458, 1350, 471, 1352, 486, 1356, 514'),
(73, 602, '1020, 224, 1020, 214, 1025, 203, 1034, 197, 1043, 194, 1050, 191, 1065, 191, 1090, 204, 1100, 216, 1099, 224, 1097, 245, 1089, 254, 1071, 264, 1065, 268, 1064, 270, 1040, 269, 1029, 262, 1022, 247, 1017, 238, 1014, 221, 1016, 213, 1028, 198'),
(73, 603, '1054, 476, 1053, 469, 1060, 463, 1068, 458, 1097, 454, 1079, 448, 1093, 447, 1104, 447, 1119, 451, 1121, 458, 1128, 469, 1132, 477, 1132, 484, 1128, 493, 1124, 507, 1115, 515, 1104, 520, 1096, 521, 1056, 507, 1048, 492, 1052, 473, 1052, 464'),
(73, 604, '802, 226, 803, 214, 806, 205, 814, 198, 819, 198, 829, 195, 840, 193, 849, 193, 872, 198, 875, 203, 877, 214, 880, 225, 883, 236, 867, 259, 857, 265, 840, 270, 813, 262, 804, 253, 804, 242, 800, 228, 802, 214, 809, 201'),
(73, 605, '739, 502, 740, 483, 749, 465, 783, 451, 796, 455, 803, 462, 815, 472, 815, 484, 814, 499, 812, 507, 787, 533, 775, 533, 762, 529, 752, 521, 740, 506, 733, 488'),
(73, 606, '640, 234, 645, 223, 656, 203, 668, 197, 677, 192, 701, 196, 704, 199, 712, 207, 716, 215, 722, 228, 714, 254, 708, 258, 696, 266, 662, 269, 653, 258'),
(73, 607, '480, 567, 490, 563, 489, 557, 498, 545, 537, 537, 548, 545, 554, 552, 558, 560, 559, 567, 559, 576, 559, 583, 557, 591, 552, 596, 546, 601, 540, 608, 538, 609, 529, 611, 506, 610, 494, 602, 487, 598, 481, 588, 481, 578, 481, 565'),
(73, 608, '360, 226, 358, 215, 358, 211, 367, 201, 406, 192, 411, 192, 421, 203, 427, 212, 435, 221, 434, 245, 429, 259, 423, 262, 418, 266, 410, 270, 399, 270, 368, 264, 364, 255, 360, 246, 354, 234, 357, 222, 370, 203'),
(73, 609, '292, 527, 296, 515, 292, 505, 294, 495, 300, 490, 310, 482, 317, 479, 328, 473, 340, 474, 359, 478, 365, 490, 365, 496, 369, 505, 369, 516, 370, 525, 366, 532, 358, 535, 352, 540, 345, 552, 330, 553, 306, 547, 295, 532, 292, 523, 290, 516, 290, 506, 290, 494, 300, 484, 313, 482, 330, 470'),
(73, 610, '122, 224, 133, 205, 160, 195, 169, 193, 176, 195, 140, 193, 148, 187, 151, 187, 167, 193, 169, 193, 175, 194, 179, 195, 185, 199, 188, 206, 193, 213, 195, 221, 195, 232, 191, 253, 187, 257, 175, 266, 175, 266, 164, 267, 134, 261, 124, 252, 122, 236, 118, 241, 121, 223, 124, 213, 158, 189, 163, 189, 171, 191, 180, 197, 189, 201, 189, 209, 201, 214, 201, 230, 197, 240, 193, 251, 188, 260, 181, 263, 150, 268, 137, 259, 124, 253, 122, 240, 118, 221, 127, 203, 141, 193, 162, 182'),
(73, 611, '148, 517, 147, 506, 155, 490, 162, 481, 182, 474, 199, 474, 210, 480, 221, 497, 223, 514, 217, 530, 197, 547, 178, 550, 163, 546, 148, 532, 147, 516, 151, 503'),
(74, 612, '2051, 259, 2051, 250, 2051, 240, 2051, 223, 2060, 214, 2071, 210, 2091, 207, 2108, 205, 2119, 213, 2123, 223, 2125, 231, 2127, 262, 2121, 273, 2112, 277, 2098, 282, 2060, 275, 2051, 261, 2047, 244'),
(74, 613, '2062, 581, 2061, 575, 2066, 566, 2069, 561, 2075, 551, 2080, 547, 2089, 544, 2101, 544, 2110, 544, 2120, 545, 2126, 547, 2140, 554, 2145, 578, 2131, 603, 2111, 614, 2095, 616, 2087, 609, 2078, 603, 2072, 599, 2070, 584, 2077, 542'),
(74, 614, '1815, 255, 1813, 244, 1813, 233, 1815, 220, 1824, 211, 1832, 204, 1840, 202, 1854, 202, 1862, 202, 1885, 210, 1887, 227, 1887, 236, 1889, 247, 1888, 266, 1834, 281, 1818, 272, 1798, 242'),
(74, 615, '1617, 249, 1620, 240, 1622, 230, 1626, 224, 1630, 215, 1635, 210, 1645, 204, 1658, 201, 1670, 203, 1683, 209, 1694, 217, 1697, 228, 1683, 277, 1665, 281, 1639, 276, 1634, 272, 1628, 267, 1623, 260, 1619, 246, 1626, 225'),
(74, 616, '1814, 584, 1813, 570, 1814, 556, 1821, 545, 1825, 542, 1855, 540, 1859, 540, 1867, 543, 1873, 545, 1876, 546, 1879, 548, 1883, 555, 1885, 560, 1887, 564, 1887, 579, 1887, 587, 1883, 605, 1877, 613, 1869, 619, 1845, 622, 1840, 621, 1818, 601, 1815, 581, 1815, 564'),
(74, 617, '1425, 258, 1422, 247, 1422, 239, 1424, 230, 1427, 220, 1442, 210, 1451, 207, 1463, 205, 1474, 206, 1490, 213, 1496, 223, 1498, 262'),
(74, 618, '1513, 548, 1515, 540, 1517, 533, 1522, 524, 1529, 519, 1535, 514, 1539, 511, 1574, 513, 1586, 526, 1586, 538, 1603, 555, 1594, 571, 1587, 578, 1573, 585, 1563, 586, 1539, 588, 1525, 579, 1522, 566, 1526, 547'),
(74, 619, '1233, 251, 1233, 244, 1233, 234, 1242, 217, 1248, 212, 1257, 209, 1266, 207, 1275, 206, 1280, 206, 1287, 210, 1294, 213, 1307, 230, 1308, 236, 1307, 242, 1307, 251, 1295, 272, 1290, 278, 1286, 282, 1279, 285, 1256, 279, 1242, 272, 1233, 263, 1226, 248'),
(74, 620, '1323, 521, 1317, 514, 1317, 505, 1313, 495, 1322, 478, 1345, 465, 1361, 462, 1370, 463, 1382, 471, 1394, 483, 1392, 509, 1380, 520, 1359, 534, 1343, 534, 1326, 526, 1320, 516'),
(74, 621, '1061, 249, 1062, 243, 1060, 234, 1061, 224, 1065, 215, 1075, 209, 1081, 203, 1090, 202, 1103, 201, 1115, 203, 1125, 212, 1136, 222, 1138, 232, 1139, 244, 1130, 273, 1079, 281, 1062, 254'),
(74, 622, '1101, 512, 1099, 502, 1099, 490, 1101, 478, 1112, 468, 1116, 463, 1124, 460, 1128, 457, 1137, 456, 1143, 458, 1149, 461, 1158, 464, 1180, 479, 1177, 490, 1174, 500, 1171, 511, 1157, 529, 1149, 534, 1144, 535, 1088, 517'),
(74, 623, '846, 254, 846, 243, 846, 231, 851, 222, 858, 210, 868, 208, 874, 204, 896, 206, 902, 208, 910, 210, 918, 217, 921, 224, 923, 239, 919, 260, 911, 275, 907, 283, 875, 284, 865, 279, 853, 265'),
(74, 624, '778, 513, 778, 503, 778, 493, 785, 479, 789, 472, 794, 465, 796, 465, 804, 463, 810, 461, 812, 460, 816, 460, 822, 460, 829, 463, 858, 475, 854, 478, 857, 482, 858, 496, 857, 513, 846, 534, 842, 536, 823, 544, 815, 543, 801, 537, 789, 532, 786, 520, 775, 510'),
(74, 625, '684, 229, 686, 225, 693, 220, 696, 216, 699, 213, 706, 208, 710, 204, 721, 202, 727, 202, 738, 208, 744, 212, 746, 215, 747, 215, 754, 219, 759, 226, 759, 238, 759, 250, 747, 273, 739, 276, 699, 270, 687, 265, 687, 255, 683, 249, 682, 241, 679, 226, 681, 217, 692, 206, 705, 203, 717, 203'),
(74, 626, '535, 617, 530, 607, 527, 604, 521, 595, 520, 583, 523, 577, 524, 570, 531, 562, 537, 557, 550, 551, 567, 545, 572, 545, 583, 550, 590, 556, 595, 565, 600, 577, 592, 609, 551, 625, 537, 616, 521, 605'),
(74, 627, '401, 242, 406, 223, 411, 212, 434, 206, 445, 206, 454, 210, 462, 212, 476, 228, 476, 241, 461, 282, 453, 284, 445, 284, 436, 284, 403, 266, 400, 253, 399, 245'),
(74, 628, '335, 536, 334, 507, 343, 499, 354, 491, 367, 488, 381, 483, 391, 488, 395, 494, 398, 495, 405, 501, 409, 522, 409, 532, 347, 547'),
(74, 629, '160, 252, 165, 230, 184, 212, 189, 209, 199, 205, 215, 204, 225, 208, 230, 215, 236, 223, 241, 233, 241, 243, 229, 278, 219, 281, 207, 283, 197, 284, 185, 276, 178, 273, 155, 252'),
(74, 630, '191, 540, 194, 510, 217, 486, 231, 484, 258, 487, 258, 504, 271, 519, 271, 552, 256, 560, 230, 564');

-- --------------------------------------------------------

--
-- Table structure for table `tbl_user`
--

CREATE TABLE IF NOT EXISTS `tbl_user` (
  `id_user` int(11) NOT NULL AUTO_INCREMENT,
  `id_agent` int(11) DEFAULT NULL,
  `nama_lengkap` varchar(100) NOT NULL,
  `tempat_lahir` varchar(100) NOT NULL,
  `tanggal_lahir` date NOT NULL,
  `email` varchar(200) NOT NULL,
  `telepon` varchar(100) NOT NULL,
  `hp` varchar(100) DEFAULT NULL,
  `alamat` text NOT NULL,
  `level` enum('Administrator','General Manager','Kasir','Sales','Supervisor','Resepsionis') NOT NULL DEFAULT 'Sales',
  `username` varchar(20) NOT NULL,
  `password` varchar(50) NOT NULL,
  `tanggal_posting` datetime NOT NULL,
  `status_transaksi` enum('1','2','3') NOT NULL DEFAULT '2',
  PRIMARY KEY (`id_user`),
  UNIQUE KEY `username` (`username`),
  KEY `fk_tbl_user_agent` (`id_agent`)
) ENGINE=InnoDB  DEFAULT CHARSET=latin1 AUTO_INCREMENT=38 ;

--
-- Dumping data for table `tbl_user`
--

INSERT INTO `tbl_user` (`id_user`, `id_agent`, `nama_lengkap`, `tempat_lahir`, `tanggal_lahir`, `email`, `telepon`, `hp`, `alamat`, `level`, `username`, `password`, `tanggal_posting`, `status_transaksi`) VALUES
(1, 1, 'Dito Fityanto', 'Lhokseumawe', '1989-05-12', 'dito.fityanto@gmail.com', '', '08123456789', 'Bandung', 'Administrator', 'Administrator', '7b7bc2512ee1fedcd76bdc68926d4f7b', '2013-07-23 05:37:55', '1'),
(2, 2, 'Sulistiyono', 'cimahi', '0000-00-00', '', '123456789', '123456789', 'jakarta', 'Resepsionis', 'Sulistiyono', '40af9ab38f9dd8e86198072d853fd81e', '0000-00-00 00:00:00', '1'),
(3, 2, 'Annisa Naamin', 'cimahi', '0000-00-00', '', '123456789', '123456789', 'jakarta', 'Resepsionis', 'AnnisaN', '3c4cb618d24b803b2a54e3608eb29aed', '0000-00-00 00:00:00', '1'),
(4, 2, 'Hermila Dwi Nastiti', 'cimahi', '0000-00-00', 'ancol@ancol.com', '123456789', '123456789', 'jakarta', 'Resepsionis', 'Hermila', 'caf25b8e4416e97694abd0fc59f18f06', '0000-00-00 00:00:00', '1'),
(5, 2, 'Pangestu', 'cimahi', '0000-00-00', 'ancol@ancol.com', '123456789', '123456789', 'jakarta', 'Resepsionis', 'Pangestu', 'dc72ccecbef1a001a9357e70b21680f5', '0000-00-00 00:00:00', '1'),
(6, 2, 'Dyah Kusumawardhani', 'cimahi', '0000-00-00', 'ancol@ancol.com', '123456789', '123456789', 'jakarta', 'Sales', 'Dyah', '34267580e48fa09d7cae87a498c6f4df', '0000-00-00 00:00:00', '1'),
(7, 2, 'Ade Indah R', 'cimahi', '0000-00-00', 'ancol@ancol.com', '123456789', '123456789', 'jakarta', 'Sales', 'Ade', '4b30d9300100025b97ddd0585eb06fdc', '0000-00-00 00:00:00', '1'),
(8, 2, 'Maysah Putri', 'cimahi', '0000-00-00', 'ancol@ancol.com', '123456789', '123456789', 'jakarta', 'Sales', 'Maysah', '0f3f7ed5e230e76e1b1a79b822318573', '0000-00-00 00:00:00', '1'),
(9, 2, 'Syifa Suhasti', 'cimahi', '2015-01-01', 'ancol@ancol.com', '123456789', '123456789', 'jakarta', 'Sales', 'Syifa', '519ce4f7cdcb10a937c789d9f20347a3', '2015-05-28 19:29:00', '1'),
(10, 2, 'Firizky Sarra', 'cimahi', '2015-01-01', 'ancol@ancol.com', '123456789', '123456789', 'jakarta', 'Sales', 'Firizky', '78b318cfbc9c02945a5f7a39af4e72d7', '2015-05-30 10:32:11', '1'),
(11, 2, 'Listiha', 'cimahi', '0000-00-00', 'ancol@ancol.com', '123456789', '123456789', 'jakarta', 'Sales', 'Listiha', '72c90cdad35144c02968ae02cc6c7c1e', '0000-00-00 00:00:00', '1'),
(12, 2, 'Diajeng Luki', 'cimahi', '0000-00-00', 'ancol@ancol.com', '123456789', '123456789', 'jakarta', 'Sales', 'Diajeng', '9236426a91dc60ca8f2c64b40d5e5c66', '0000-00-00 00:00:00', '1'),
(13, 2, 'Neneng Suryani', 'cimahi', '0000-00-00', 'ancol@ancol.com', '123456789', '123456789', 'jakarta', 'Sales', 'Neneng', 'd3fb18a24adef471bae4664233b916a8', '0000-00-00 00:00:00', '1'),
(14, 2, 'Caroline Tari N', 'cimahi', '0000-00-00', 'ancol@ancol.com', '123456789', '123456789', 'jakarta', 'Sales', 'Caroline', '80d4d410d6b330bc2015e461e6b6b78d', '0000-00-00 00:00:00', '1'),
(15, 0, 'Septitami', 'cimahi', '0000-00-00', 'ancol@ancol.com', '123456789', '123456789', 'jakarta', 'Sales', 'Septitami', '832c00581829b753fba7b8ef05591202', '0000-00-00 00:00:00', '1'),
(16, 2, 'Nunik Wahyuni', 'cimahi', '0000-00-00', 'ancol@ancol.com', '123456789', '123456789', 'jakarta', 'Kasir', 'Nunik', 'edc488717cc465e44162b89e68b194b1', '0000-00-00 00:00:00', '1'),
(17, 2, 'M. Thamrin', 'cimahi', '0000-00-00', 'ancol@ancol.com', '123456789', '123456789', 'jakarta', 'Kasir', 'Thamrin', '812129e8c972410ae1b00300853eabf4', '0000-00-00 00:00:00', '1'),
(18, 2, 'Budi Santoso', 'cimahi', '0000-00-00', 'ancol@ancol.com', '123456789', '123456789', 'jakarta', 'Kasir', 'Budi', '5894c82cc2aeb6560140a81694f99051', '0000-00-00 00:00:00', '1'),
(19, 2, 'Nuzul Ramadhani', 'cimahi', '0000-00-00', 'ancol@ancol.com', '123456789', '123456789', 'jakarta', 'Kasir', 'Nuzul', '8548fe8b38b30d478ef7b9130480f23c', '0000-00-00 00:00:00', '1'),
(20, 2, 'Soleha', 'cimahi', '0000-00-00', 'ancol@ancol.com', '123456789', '123456789', 'jakarta', 'Kasir', 'Soleha', '6e4b5c3ad4d9504f095d63345b0a07d4', '0000-00-00 00:00:00', '1'),
(21, 2, 'Eki', 'cimahi', '0000-00-00', 'ancol@ancol.com', '123456789', '123456789', 'jakarta', 'Kasir', 'Eki', '6e53948cb3073870684253f5e0e8b047', '0000-00-00 00:00:00', '1'),
(22, 2, 'Kurtubi', 'cimahi', '0000-00-00', 'ancol@ancol.com', '123456789', '123456789', 'jakarta', 'Kasir', 'Kurtubi', 'fa6973a476bf39b68596e880c43c0551', '0000-00-00 00:00:00', '1'),
(23, 2, 'Yunita', 'cimahi', '0000-00-00', 'ancol@ancol.com', '123456789', '123456789', 'jakarta', 'Kasir', 'Yunita', '7650e4ed2675254a445750c6b2e729f8', '0000-00-00 00:00:00', '1'),
(24, 2, 'Dimas Ady P', 'cimahi', '0000-00-00', 'ancol@ancol.com', '123456789', '123456789', 'jakarta', 'Sales', 'Dimas', '8555f45b58e4806a1f68627339644129', '0000-00-00 00:00:00', '1'),
(25, 2, 'Abdul Hakim', 'cimahi', '0000-00-00', 'ancol@ancol.com', '123456789', '123456789', 'jakarta', 'Sales', 'Abdul', 'e80a0702d314d055d05af996fe60cff9', '0000-00-00 00:00:00', '1'),
(26, 2, 'Annisa Adlina', 'cimahi', '0000-00-00', 'ancol@ancol.com', '123456789', '123456789', 'jakarta', 'Sales', 'AnnisaA', '7b53f9e75c8e2d9410d1167968a55d0e', '0000-00-00 00:00:00', '1'),
(27, 2, 'Propita', 'cimahi', '0000-00-00', 'ancol@ancol.com', '123456789', '123456789', 'jakarta', 'Sales', 'Propita', 'bc03223749d691034a14893b0a6e00cf', '0000-00-00 00:00:00', '1'),
(28, 2, 'Muthia Maulani', 'cimahi', '0000-00-00', 'ancol@ancol.com', '123456789', '123456789', 'jakarta', 'Sales', 'Muthia', '343a6430a9fdeea33e0c1d20c62e6790', '0000-00-00 00:00:00', '1'),
(29, 2, 'Farida Aryani', 'cimahi', '0000-00-00', 'ancol@ancol.com', '123456789', '123456789', 'jakarta', 'Sales', 'Farida', '1f76b733f8a38d420d06ed5a6d3940e0', '0000-00-00 00:00:00', '1'),
(30, 2, 'Rahma Palupi', 'cimahi', '0000-00-00', 'ancol@ancol.com', '123456789', '123456789', 'jakarta', 'Sales', 'Rahma', '176af30ef2d54b21e1e6c25aa9a85044', '0000-00-00 00:00:00', '1'),
(31, 2, 'Fadli', 'cimahi', '0000-00-00', 'ancol@ancol.com', '123456789', '123456789', 'jakarta', 'Sales', 'Fadli', '22f20a9cef8492dda2027159e5ba2941', '0000-00-00 00:00:00', '1'),
(32, 2, 'Nariyo', 'cimahi', '0000-00-00', 'ancol@ancol.com', '123456789', '123456789', 'jakarta', 'Sales', 'Nariyo', '148d3d9de2f093c11e59e4a5505282c6', '0000-00-00 00:00:00', '1'),
(33, 2, 'Hilma', 'cimahi', '0000-00-00', 'ancol@ancol.com', '123456789', '123456789', 'jakarta', 'Sales', 'Hilma', '0b08ee93e2f97203e8d3a9675b227198', '0000-00-00 00:00:00', '1'),
(34, 1, 'Kasir', 'jakarta', '2015-01-01', 'riza.fauzi.rahman@gmail.com', '', '111111', 'cimahi', 'Kasir', 'Kasir', '5a048a5dfdc9d2c58452dbdbfb320b9e', '2015-05-24 12:48:19', '1'),
(35, 2, 'Resepsionis', 'jakarta', '2015-01-01', 'riza.fauzi.rahman@gmail.com', '', '12321312', 'jakarta', 'Resepsionis', 'Resepsionis', '9f54cdfd0437e0109eda4fd3bc8abea1', '2015-05-24 12:52:07', '1'),
(36, 2, 'Stok', 'jakarta', '2015-01-01', 'riza.fauzi.rahman@gmail.com', '', '12321312', 'jakarta', 'General Manager', 'Stok', '55b7f53cb9c4d5e2f48d8ecf146d397b', '2015-05-24 12:53:07', '1'),
(37, 2, 'Kasir', 'jakarta', '2015-07-05', 'riza.fauzi.rahman@gmail.com', '', '8117556757', 'jakarta', 'Sales', 'Sales', '11ff9f68afb6b8b5b8eda218d7c83a65', '2015-05-27 06:02:11', '1');

-- --------------------------------------------------------

--
-- Table structure for table `tbl_user_log`
--

CREATE TABLE IF NOT EXISTS `tbl_user_log` (
  `id_logs` int(11) NOT NULL AUTO_INCREMENT,
  `id_user` int(11) DEFAULT NULL,
  `username` varchar(200) DEFAULT NULL,
  `keterangan` text,
  `ip_address` varchar(50) DEFAULT NULL,
  `tanggal_posting` datetime DEFAULT NULL,
  PRIMARY KEY (`id_logs`)
) ENGINE=InnoDB  DEFAULT CHARSET=latin1 AUTO_INCREMENT=305 ;

--
-- Dumping data for table `tbl_user_log`
--

INSERT INTO `tbl_user_log` (`id_logs`, `id_user`, `username`, `keterangan`, `ip_address`, `tanggal_posting`) VALUES
(1, 1, 'Administrator', 'Login', '127.0.0.1', '2015-05-28 13:03:23'),
(2, 1, 'Administrator', 'Logout', '127.0.0.1', '2015-05-28 13:26:55'),
(3, 1, 'Administrator', 'Login', '127.0.0.1', '2015-05-28 13:27:07'),
(4, 1, 'Administrator', 'Login', '192.168.0.115', '2015-05-28 14:20:37'),
(5, 1, 'Administrator', 'Login', '127.0.0.1', '2015-05-28 19:23:04'),
(6, 1, 'Administrator', 'Ubah data user : Syifa', '127.0.0.1', '2015-05-28 19:29:00'),
(7, 1, 'Administrator', 'Ubah data user : Firizky', '127.0.0.1', '2015-05-28 19:30:13'),
(8, 1, 'Administrator', 'Logout', '127.0.0.1', '2015-05-28 20:29:22'),
(9, 35, 'Resepsionis', 'Login', '127.0.0.1', '2015-05-28 20:29:41'),
(10, 1, 'Administrator', 'Login', '127.0.0.1', '2015-05-29 06:59:18'),
(11, 1, 'Administrator', 'Tambah data cara pembayaran : KPR 24x', '127.0.0.1', '2015-05-29 06:59:29'),
(12, 1, 'Administrator', 'Login', '192.168.239.51', '2015-05-29 07:25:48'),
(13, 1, 'Administrator', 'Lock pemesanan unit : A/12-11', '192.168.239.51', '2015-05-29 07:28:20'),
(14, 1, 'Administrator', 'Lock pemesanan unit : A/1-15', '127.0.0.1', '2015-05-29 08:12:16'),
(15, 1, 'Administrator', 'Unlock pemesanan unit : A/1-15', '127.0.0.1', '2015-05-29 08:12:33'),
(16, 1, 'Administrator', 'Lock pemesanan unit : A/1-15', '127.0.0.1', '2015-05-29 08:12:39'),
(17, 1, 'Administrator', 'Lock pemesanan unit : A/1-11', '127.0.0.1', '2015-05-29 08:12:49'),
(18, 1, 'Administrator', 'Unlock pemesanan unit : A/1-11', '127.0.0.1', '2015-05-29 08:13:16'),
(19, 1, 'Administrator', 'Lock pemesanan unit : A/1-17', '127.0.0.1', '2015-05-29 08:14:49'),
(20, 1, 'Administrator', 'Unlock pemesanan unit : A/1-17', '127.0.0.1', '2015-05-29 08:17:54'),
(21, 1, 'Administrator', 'Hapus data siteplan : TOWER A FLOOR 40', '127.0.0.1', '2015-05-29 08:20:11'),
(22, 1, 'Administrator', 'Hapus data siteplan : TOWER A FLOOR 34', '127.0.0.1', '2015-05-29 08:20:15'),
(23, 1, 'Administrator', 'Hapus data siteplan : TOWER A FLOOR 24', '127.0.0.1', '2015-05-29 08:20:19'),
(24, 1, 'Administrator', 'Hapus data siteplan : TOWER A FLOOR 14', '127.0.0.1', '2015-05-29 08:20:23'),
(25, 1, 'Administrator', 'Hapus data siteplan : TOWER A FLOOR 13', '127.0.0.1', '2015-05-29 08:20:27'),
(26, 18, 'Budi', 'Login', '192.168.1.11', '2015-05-30 10:29:41'),
(27, 18, 'Budi', 'Logout', '192.168.1.11', '2015-05-30 10:29:47'),
(28, 1, 'Administrator', 'Login', '192.168.1.19', '2015-05-30 10:29:53'),
(29, 20, 'Soleha', 'Login', '192.168.1.11', '2015-05-30 10:30:02'),
(30, 1, 'Administrator', 'Logout', '192.168.1.19', '2015-05-30 10:30:23'),
(31, 1, 'Administrator', 'Login', '192.168.1.19', '2015-05-30 10:31:20'),
(32, 1, 'Administrator', 'Ubah data user : Firizky', '192.168.1.19', '2015-05-30 10:32:11'),
(33, 1, 'Administrator', 'Logout', '192.168.1.19', '2015-05-30 10:32:17'),
(34, 10, 'Firizky', 'Login', '192.168.1.19', '2015-05-30 10:32:35'),
(35, 10, 'Firizky', 'Logout', '192.168.1.19', '2015-05-30 10:32:50'),
(36, 10, 'Firizky', 'Login', '192.168.1.19', '2015-05-30 10:33:08'),
(37, 10, 'Firizky', 'Lock pemesanan unit : A/1-22', '192.168.1.19', '2015-05-30 10:33:37'),
(38, 10, 'Firizky', 'Logout', '192.168.1.19', '2015-05-30 10:35:08'),
(39, 18, 'Budi', 'Login', '192.168.1.10', '2015-05-30 10:35:17'),
(40, 10, 'Firizky', 'Login', '192.168.1.19', '2015-05-30 10:35:22'),
(41, 13, 'Neneng', 'Login', '192.168.1.20', '2015-05-30 10:35:36'),
(42, 26, 'AnnisaA', 'Login', '192.168.1.18', '2015-05-30 10:35:59'),
(43, 8, 'Maysah', 'Login', '192.168.1.21', '2015-05-30 10:36:02'),
(44, 20, 'Soleha', 'Login', '192.168.1.11', '2015-05-30 10:37:15'),
(45, 20, 'Soleha', 'Login', '192.168.1.11', '2015-05-30 10:38:14'),
(46, 10, 'Firizky', 'Lock pemesanan unit : A/28-8', '192.168.1.19', '2015-05-30 10:38:29'),
(47, 26, 'AnnisaA', 'Lock pemesanan unit : A/21-3', '192.168.1.18', '2015-05-30 10:38:42'),
(48, 23, 'Yunita', 'Login', '192.168.1.13', '2015-05-30 10:38:52'),
(49, 15, 'Septitami', 'Login', '192.168.1.134', '2015-05-30 10:39:02'),
(50, 33, 'Hilma', 'Login', '192.168.1.22', '2015-05-30 10:39:17'),
(51, 32, 'Nariyo', 'Login', '192.168.1.33', '2015-05-30 10:39:53'),
(52, 10, 'Firizky', 'Booking unit : A/28-8', '192.168.1.19', '2015-05-30 10:42:32'),
(53, 3, 'AnnisaN', 'Login', '192.168.1.28', '2015-05-30 10:42:36'),
(54, 5, 'Pangestu', 'Login', '192.168.1.27', '2015-05-30 10:42:43'),
(55, 14, 'Caroline', 'Login', '192.168.1.17', '2015-05-30 10:43:07'),
(56, 32, 'Nariyo', 'Logout', '192.168.1.33', '2015-05-30 10:43:39'),
(57, 26, 'AnnisaA', 'Lock pemesanan unit : A/21-3', '192.168.1.18', '2015-05-30 10:43:49'),
(58, 27, 'Propita', 'Login', '192.168.1.30', '2015-05-30 10:44:10'),
(59, 10, 'Firizky', 'Logout', '192.168.1.19', '2015-05-30 10:44:35'),
(60, 10, 'Firizky', 'Login', '192.168.1.19', '2015-05-30 10:44:57'),
(61, 35, 'Resepsionis', 'Login', '192.168.1.29', '2015-05-30 10:45:51'),
(62, 10, 'Firizky', 'Ubah data pemesanan regular : 157 (Tanda Jadi)', '192.168.1.19', '2015-05-30 10:46:48'),
(63, 3, 'AnnisaN', 'Logout', '192.168.1.28', '2015-05-30 10:46:53'),
(64, 4, 'Hermila', 'Login', '192.168.1.26', '2015-05-30 10:47:28'),
(65, 32, 'Nariyo', 'Login', '192.168.1.33', '2015-05-30 10:48:03'),
(66, 14, 'Caroline', 'Lock pemesanan unit : A/9-15', '192.168.1.17', '2015-05-30 10:48:56'),
(67, 3, 'AnnisaN', 'Login', '192.168.1.28', '2015-05-30 10:49:26'),
(68, 26, 'AnnisaA', 'Lock pemesanan unit : A/21-3', '192.168.1.18', '2015-05-30 10:52:15'),
(69, 26, 'AnnisaA', 'Booking unit : A/21-3', '192.168.1.18', '2015-05-30 10:53:39'),
(70, 14, 'Caroline', 'Lock pemesanan unit : A/9-15', '192.168.1.17', '2015-05-30 10:54:07'),
(71, 35, 'Resepsionis', 'Login', '127.0.0.1', '2015-05-30 10:55:58'),
(72, 32, 'Nariyo', 'Login', '192.168.1.33', '2015-05-30 10:56:06'),
(73, 14, 'Caroline', 'Lock pemesanan unit : A/9-15', '192.168.1.17', '2015-05-30 10:59:21'),
(74, 18, 'Budi', 'Logout', '192.168.1.10', '2015-05-30 11:00:44'),
(75, 14, 'Caroline', 'Booking unit : A/9-15', '192.168.1.17', '2015-05-30 11:02:17'),
(76, 14, 'Caroline', 'Ubah data pemesanan regular : 071 (Tanda Jadi)', '192.168.1.17', '2015-05-30 11:05:45'),
(77, 8, 'Maysah', 'Lock pemesanan unit : A/33-19', '192.168.1.21', '2015-05-30 11:06:07'),
(78, 33, 'Hilma', 'Lock pemesanan unit : A/2-2', '192.168.1.22', '2015-05-30 11:08:20'),
(79, 3, 'AnnisaN', 'Logout', '192.168.1.28', '2015-05-30 11:08:21'),
(80, 8, 'Maysah', 'Booking unit : A/33-19', '192.168.1.21', '2015-05-30 11:08:28'),
(81, 3, 'AnnisaN', 'Login', '192.168.1.28', '2015-05-30 11:09:16'),
(82, 18, 'Budi', 'Login', '192.168.1.14', '2015-05-30 11:12:09'),
(83, 33, 'Hilma', 'Booking unit : A/2-2', '192.168.1.22', '2015-05-30 11:12:18'),
(84, 8, 'Maysah', 'Ubah data pemesanan regular : 083 (Tanda Jadi)', '192.168.1.21', '2015-05-30 11:12:31'),
(85, 8, 'Maysah', 'Ubah data pemesanan regular : 083 (Tanda Jadi)', '192.168.1.21', '2015-05-30 11:13:07'),
(86, 33, 'Hilma', 'Ubah data pemesanan regular : 062 (Tanda Jadi)', '192.168.1.22', '2015-05-30 11:16:55'),
(87, 33, 'Hilma', 'Ubah data pemesanan regular : 062 (Tanda Jadi)', '192.168.1.22', '2015-05-30 11:19:46'),
(88, 13, 'Neneng', 'Lock pemesanan unit : A/1-5', '192.168.1.20', '2015-05-30 11:23:06'),
(89, 33, 'Hilma', 'Ubah data pemesanan regular : 062 (Tanda Jadi)', '192.168.1.22', '2015-05-30 11:24:01'),
(90, 16, 'Nunik', 'Login', '192.168.1.10', '2015-05-30 11:26:47'),
(91, 33, 'Hilma', 'Login', '192.168.1.22', '2015-05-30 11:26:54'),
(92, 13, 'Neneng', 'Booking unit : A/1-5', '192.168.1.20', '2015-05-30 11:27:14'),
(93, 18, 'Budi', 'Verify pemesanan : 157 ["Tanda Jadi (Verified)" -> "Sold"]', '192.168.1.14', '2015-05-30 11:27:24'),
(94, 10, 'Firizky', 'Lock pemesanan unit : A/3-8', '192.168.1.19', '2015-05-30 11:27:25'),
(95, 10, 'Firizky', 'Booking unit : A/3-8', '192.168.1.19', '2015-05-30 11:31:11'),
(96, 27, 'Propita', 'Login', '192.168.1.30', '2015-05-30 11:32:37'),
(97, 10, 'Firizky', 'Ubah data pemesanan regular : 129 (Tanda Jadi)', '192.168.1.19', '2015-05-30 11:37:53'),
(98, 35, 'Resepsionis', 'Logout', '127.0.0.1', '2015-05-30 11:39:42'),
(99, 12, 'Diajeng', 'Login', '192.168.1.15', '2015-05-30 11:40:34'),
(100, 1, 'Administrator', 'Login', '127.0.0.1', '2015-05-30 11:40:42'),
(101, 27, 'Propita', 'Lock pemesanan unit : A/10-17', '192.168.1.30', '2015-05-30 11:42:21'),
(102, 32, 'Nariyo', 'Lock pemesanan unit : A/25-17', '192.168.1.33', '2015-05-30 11:44:42'),
(103, 27, 'Propita', 'Booking unit : A/10-17', '192.168.1.30', '2015-05-30 11:44:45'),
(104, 12, 'Diajeng', 'Lock pemesanan unit : A/36-12', '192.168.1.15', '2015-05-30 11:45:02'),
(105, 12, 'Diajeng', 'Booking unit : A/36-12', '192.168.1.15', '2015-05-30 11:49:10'),
(106, 32, 'Nariyo', 'Lock pemesanan unit : A/25-17', '192.168.1.33', '2015-05-30 11:49:51'),
(107, 33, 'Hilma', 'Logout', '192.168.1.22', '2015-05-30 11:50:24'),
(108, 27, 'Propita', 'Login', '192.168.1.22', '2015-05-30 11:50:50'),
(109, 27, 'Propita', 'Logout', '192.168.1.22', '2015-05-30 11:51:40'),
(110, 33, 'Hilma', 'Login', '192.168.1.22', '2015-05-30 11:51:58'),
(111, 32, 'Nariyo', 'Booking unit : A/25-17', '192.168.1.33', '2015-05-30 11:52:15'),
(112, 32, 'Nariyo', 'Ubah data pemesanan regular : 175 (Tanda Jadi)', '192.168.1.33', '2015-05-30 11:54:23'),
(113, 33, 'Hilma', 'Lock pemesanan unit : A/7-11', '192.168.1.22', '2015-05-30 11:54:55'),
(114, 32, 'Nariyo', 'Ubah data pemesanan regular : 175 (Tanda Jadi)', '192.168.1.33', '2015-05-30 11:56:04'),
(115, 33, 'Hilma', 'Booking unit : A/7-11', '192.168.1.22', '2015-05-30 11:57:37'),
(116, 23, 'Yunita', 'Login', '192.168.1.13', '2015-05-30 12:00:42'),
(117, 10, 'Firizky', 'Lock pemesanan unit : A/20-7', '192.168.1.19', '2015-05-30 12:03:01'),
(118, 32, 'Nariyo', 'Ubah data pemesanan regular : 175 (Tanda Jadi)', '192.168.1.33', '2015-05-30 12:03:22'),
(119, 32, 'Nariyo', 'Ubah data pemesanan regular : 175 (Tanda Jadi)', '192.168.1.33', '2015-05-30 12:03:43'),
(120, 33, 'Hilma', 'Lock pemesanan unit : A/8-21', '192.168.1.22', '2015-05-30 12:03:44'),
(121, 33, 'Hilma', 'Booking unit : A/8-21', '192.168.1.22', '2015-05-30 12:04:18'),
(122, 10, 'Firizky', 'Unlock pemesanan unit : A/20-7', '192.168.1.19', '2015-05-30 12:05:03'),
(123, 10, 'Firizky', 'Lock pemesanan unit : A/20-7', '192.168.1.19', '2015-05-30 12:06:09'),
(124, 33, 'Hilma', 'Lock pemesanan unit : A/20-17', '192.168.1.22', '2015-05-30 12:07:53'),
(125, 33, 'Hilma', 'Booking unit : A/20-17', '192.168.1.22', '2015-05-30 12:08:19'),
(126, 12, 'Diajeng', 'Lock pemesanan unit : A/33-3', '192.168.1.15', '2015-05-30 12:09:46'),
(127, 10, 'Firizky', 'Lock pemesanan unit : A/20-7', '192.168.1.19', '2015-05-30 12:11:46'),
(128, 33, 'Hilma', 'Lock pemesanan unit : A/26-17', '192.168.1.22', '2015-05-30 12:12:21'),
(129, 12, 'Diajeng', 'Booking unit : A/33-3', '192.168.1.15', '2015-05-30 12:12:52'),
(130, 33, 'Hilma', 'Booking unit : A/26-17', '192.168.1.22', '2015-05-30 12:13:26'),
(131, 10, 'Firizky', 'Booking unit : A/20-7', '192.168.1.19', '2015-05-30 12:14:22'),
(132, 15, 'Septitami', 'Lock pemesanan unit : A/3-10', '192.168.1.134', '2015-05-30 12:15:36'),
(133, 33, 'Hilma', 'Lock pemesanan unit : A/20-9', '192.168.1.22', '2015-05-30 12:16:47'),
(134, 33, 'Hilma', 'Booking unit : A/20-9', '192.168.1.22', '2015-05-30 12:17:16'),
(135, 10, 'Firizky', 'Lock pemesanan unit : A/25-21', '192.168.1.19', '2015-05-30 12:18:10'),
(136, 15, 'Septitami', 'Booking unit : A/3-10', '192.168.1.134', '2015-05-30 12:18:49'),
(137, 10, 'Firizky', 'Unlock pemesanan unit : A/25-21', '192.168.1.19', '2015-05-30 12:19:54'),
(138, 10, 'Firizky', 'Lock pemesanan unit : A/25-21', '192.168.1.19', '2015-05-30 12:20:46'),
(139, 10, 'Firizky', 'Unlock pemesanan unit : A/25-21', '192.168.1.19', '2015-05-30 12:21:04'),
(140, 10, 'Firizky', 'Ubah data pemesanan regular : 166 (Tanda Jadi)', '192.168.1.19', '2015-05-30 12:22:26'),
(141, 10, 'Firizky', 'Lock pemesanan unit : A/25-21', '192.168.1.19', '2015-05-30 12:24:23'),
(142, 18, 'Budi', 'Verify pemesanan : 174 ["Tanda Jadi (Verified)" -> "Sold"]', '192.168.1.14', '2015-05-30 12:25:00'),
(143, 15, 'Septitami', 'Lock pemesanan unit : A/3-10', '192.168.1.134', '2015-05-30 12:27:39'),
(144, 10, 'Firizky', 'Unlock pemesanan unit : A/25-21', '192.168.1.19', '2015-05-30 12:28:12'),
(145, 26, 'AnnisaA', 'Lock pemesanan unit : A/25-21', '192.168.1.18', '2015-05-30 12:28:32'),
(146, 15, 'Septitami', 'Booking unit : A/3-10', '192.168.1.134', '2015-05-30 12:28:53'),
(147, 18, 'Budi', 'Verify pemesanan : 110 ["Tanda Jadi (Verified)" -> "Sold"]', '192.168.1.14', '2015-05-30 12:31:30'),
(148, 26, 'AnnisaA', 'Booking unit : A/25-21', '192.168.1.18', '2015-05-30 12:33:17'),
(149, 15, 'Septitami', 'Lock pemesanan unit : A/3-10', '192.168.1.134', '2015-05-30 12:33:18'),
(150, 15, 'Septitami', 'Booking unit : A/3-10', '192.168.1.134', '2015-05-30 12:33:50'),
(151, 14, 'Caroline', 'Lock pemesanan unit : A/3-10', '192.168.1.17', '2015-05-30 12:37:54'),
(152, 14, 'Caroline', 'Booking unit : A/3-10', '192.168.1.17', '2015-05-30 12:39:19'),
(153, 14, 'Caroline', 'Ubah data pemesanan regular : 73 (Tanda Jadi)', '192.168.1.17', '2015-05-30 12:43:04'),
(154, 32, 'Nariyo', 'Lock pemesanan unit : A/30-3', '192.168.1.33', '2015-05-30 12:44:39'),
(155, 32, 'Nariyo', 'Booking unit : A/30-3', '192.168.1.33', '2015-05-30 12:47:33'),
(156, 32, 'Nariyo', 'Lock pemesanan unit : A/21-17', '192.168.1.33', '2015-05-30 12:49:09'),
(157, 32, 'Nariyo', 'Booking unit : A/21-17', '192.168.1.33', '2015-05-30 12:51:55'),
(158, 32, 'Nariyo', 'Ubah data pemesanan regular : 161 (Tanda Jadi)', '192.168.1.33', '2015-05-30 12:54:15'),
(159, 32, 'Nariyo', 'Ubah data pemesanan regular : 161 (Tanda Jadi)', '192.168.1.33', '2015-05-30 13:00:36'),
(160, 32, 'Nariyo', 'Lock pemesanan unit : A/21-17', '192.168.1.33', '2015-05-30 13:01:22'),
(161, 32, 'Nariyo', 'Booking unit : A/21-17', '192.168.1.33', '2015-05-30 13:03:38'),
(162, 14, 'Caroline', 'Lock pemesanan unit : A/26-8', '192.168.1.17', '2015-05-30 13:03:48'),
(163, 14, 'Caroline', 'Booking unit : A/26-8', '192.168.1.17', '2015-05-30 13:05:52'),
(164, 8, 'Maysah', 'Logout', '192.168.1.21', '2015-05-30 13:06:41'),
(165, 12, 'Diajeng', 'Lock pemesanan unit : A/18-18', '192.168.1.15', '2015-05-30 13:08:17'),
(166, 33, 'Hilma', 'Lock pemesanan unit : A/17-17', '192.168.1.22', '2015-05-30 13:10:52'),
(167, 12, 'Diajeng', 'Booking unit : A/18-18', '192.168.1.15', '2015-05-30 13:11:18'),
(168, 33, 'Hilma', 'Booking unit : A/17-17', '192.168.1.22', '2015-05-30 13:14:37'),
(169, 33, 'Hilma', 'Lock pemesanan unit : A/12-17', '192.168.1.22', '2015-05-30 13:21:39'),
(170, 33, 'Hilma', 'Booking unit : A/12-17', '192.168.1.22', '2015-05-30 13:23:32'),
(171, 27, 'Propita', 'Lock pemesanan unit : A/25-11', '192.168.1.30', '2015-05-30 13:31:57'),
(172, 18, 'Budi', 'Verify pemesanan : 160 ["Tanda Jadi (Verified)" -> "Sold"]', '192.168.1.14', '2015-05-30 13:32:47'),
(173, 14, 'Caroline', 'Unlock pemesanan unit : ', '192.168.1.17', '2015-05-30 13:33:29'),
(174, 27, 'Propita', 'Booking unit : A/25-11', '192.168.1.30', '2015-05-30 13:34:02'),
(175, 18, 'Budi', 'Verify pemesanan : 161 ["Tanda Jadi (Verified)" -> "Sold"]', '192.168.1.14', '2015-05-30 13:34:43'),
(176, 33, 'Hilma', 'Lock pemesanan unit : A/20-5', '192.168.1.22', '2015-05-30 13:36:53'),
(177, 15, 'Septitami', 'Lock pemesanan unit : A/35-11', '192.168.1.134', '2015-05-30 13:37:18'),
(178, 33, 'Hilma', 'Booking unit : A/20-5', '192.168.1.22', '2015-05-30 13:38:22'),
(179, 15, 'Septitami', 'Booking unit : A/35-11', '192.168.1.134', '2015-05-30 13:39:33'),
(180, 27, 'Propita', 'Lock pemesanan unit : A/25-9', '192.168.1.30', '2015-05-30 13:40:11'),
(181, 1, 'Administrator', 'Login', '192.168.1.21', '2015-05-30 13:40:27'),
(182, 14, 'Caroline', 'Ubah data pemesanan regular : 167 (Tanda Jadi)', '192.168.1.17', '2015-05-30 13:40:37'),
(183, 27, 'Propita', 'Booking unit : A/25-9', '192.168.1.30', '2015-05-30 13:41:16'),
(184, 12, 'Diajeng', 'Logout', '192.168.1.15', '2015-05-30 13:41:36'),
(185, 15, 'Septitami', 'Login', '192.168.1.15', '2015-05-30 13:41:44'),
(186, 14, 'Caroline', 'Logout', '192.168.1.17', '2015-05-30 13:44:24'),
(187, 1, 'Administrator', 'Logout', '192.168.1.21', '2015-05-30 13:44:25'),
(188, 28, 'Muthia', 'Login', '192.168.1.17', '2015-05-30 13:44:41'),
(189, 8, 'Maysah', 'Login', '192.168.1.21', '2015-05-30 13:44:46'),
(190, 15, 'Septitami', 'Lock pemesanan unit : A/27-3', '192.168.1.134', '2015-05-30 13:47:21'),
(191, 33, 'Hilma', 'Logout', '192.168.1.22', '2015-05-30 13:47:36'),
(192, 27, 'Propita', 'Logout', '192.168.1.30', '2015-05-30 13:47:37'),
(193, 28, 'Muthia', 'Lock pemesanan unit : A/26-3', '192.168.1.17', '2015-05-30 13:48:02'),
(194, 15, 'Septitami', 'Booking unit : A/27-3', '192.168.1.134', '2015-05-30 13:49:26'),
(195, 15, 'Septitami', 'Lock pemesanan unit : A/35-11', '192.168.1.15', '2015-05-30 13:49:29'),
(196, 15, 'Septitami', 'Booking unit : A/35-11', '192.168.1.15', '2015-05-30 13:50:46'),
(197, 15, 'Septitami', 'Logout', '192.168.1.15', '2015-05-30 13:51:56'),
(198, 12, 'Diajeng', 'Login', '192.168.1.15', '2015-05-30 13:52:36'),
(199, 28, 'Muthia', 'Lock pemesanan unit : A/26-3', '192.168.1.17', '2015-05-30 13:53:14'),
(200, 15, 'Septitami', 'Lock pemesanan unit : A/27-3', '192.168.1.134', '2015-05-30 13:53:46'),
(201, 29, 'Farida', 'Login', '192.168.1.30', '2015-05-30 13:53:58'),
(202, 15, 'Septitami', 'Booking unit : A/27-3', '192.168.1.134', '2015-05-30 13:54:22'),
(203, 30, 'Rahma', 'Login', '192.168.1.22', '2015-05-30 13:55:37'),
(204, 15, 'Septitami', 'Logout', '192.168.1.134', '2015-05-30 13:56:15'),
(205, 13, 'Neneng', 'Logout', '192.168.1.20', '2015-05-30 13:56:21'),
(206, 14, 'Caroline', 'Login', '192.168.1.134', '2015-05-30 13:56:33'),
(207, 7, 'Ade', 'Login', '192.168.1.20', '2015-05-30 13:56:37'),
(208, 26, 'AnnisaA', 'Ubah data pemesanan regular : 167 (Tanda Jadi)', '192.168.1.18', '2015-05-30 13:57:03'),
(209, 12, 'Diajeng', 'Lock pemesanan unit : A/35-11', '192.168.1.15', '2015-05-30 13:58:36'),
(210, 14, 'Caroline', 'Logout', '192.168.1.134', '2015-05-30 13:59:31'),
(211, 8, 'Maysah', 'Login', '192.168.1.134', '2015-05-30 13:59:51'),
(212, 12, 'Diajeng', 'Booking unit : A/35-11', '192.168.1.15', '2015-05-30 14:00:00'),
(213, 8, 'Maysah', 'Lock pemesanan unit : A/27-3', '192.168.1.134', '2015-05-30 14:00:20'),
(214, 8, 'Maysah', 'Logout', '192.168.1.21', '2015-05-30 14:00:21'),
(215, 13, 'Neneng', 'Login', '192.168.1.21', '2015-05-30 14:00:39'),
(216, 3, 'AnnisaN', 'Login', '192.168.1.28', '2015-05-30 14:00:43'),
(217, 28, 'Muthia', 'Lock pemesanan unit : A/26-3', '192.168.1.17', '2015-05-30 14:00:57'),
(218, 8, 'Maysah', 'Booking unit : A/27-3', '192.168.1.134', '2015-05-30 14:01:41'),
(219, 28, 'Muthia', 'Booking unit : A/26-3', '192.168.1.17', '2015-05-30 14:04:34'),
(220, 23, 'Yunita', 'Verify pemesanan : 81 ["Tanda Jadi (Verified)" -> "Sold"]', '192.168.1.13', '2015-05-30 14:09:28'),
(221, 28, 'Muthia', 'Lock pemesanan unit : A/26-19', '192.168.1.17', '2015-05-30 14:12:37'),
(222, 28, 'Muthia', 'Booking unit : A/26-19', '192.168.1.17', '2015-05-30 14:14:12'),
(223, 13, 'Neneng', 'Logout', '192.168.1.21', '2015-05-30 14:32:43'),
(224, 8, 'Maysah', 'Lock pemesanan unit : A/27-5', '192.168.1.134', '2015-05-30 14:37:08'),
(225, 8, 'Maysah', 'Booking unit : A/27-5', '192.168.1.134', '2015-05-30 14:38:27'),
(226, 32, 'Nariyo', 'Logout', '192.168.1.33', '2015-05-30 14:39:12'),
(227, 33, 'Hilma', 'Login', '192.168.1.33', '2015-05-30 14:40:32'),
(228, 13, 'Neneng', 'Login', '192.168.1.21', '2015-05-30 14:44:53'),
(229, 13, 'Neneng', 'Logout', '192.168.1.21', '2015-05-30 14:46:07'),
(230, 13, 'Neneng', 'Login', '192.168.1.19', '2015-05-30 14:52:11'),
(231, 13, 'Neneng', 'Lock pemesanan unit : A/11-16', '192.168.1.19', '2015-05-30 14:53:34'),
(232, 13, 'Neneng', 'Booking unit : A/11-16', '192.168.1.19', '2015-05-30 14:56:56'),
(233, 28, 'Muthia', 'Lock pemesanan unit : A/19-9', '192.168.1.17', '2015-05-30 15:07:03'),
(234, 28, 'Muthia', 'Lock pemesanan unit : A/19-9', '192.168.1.17', '2015-05-30 15:12:20'),
(235, 28, 'Muthia', 'Booking unit : A/19-9', '192.168.1.17', '2015-05-30 15:14:55'),
(236, 12, 'Diajeng', 'Lock pemesanan unit : A/16-11', '192.168.1.15', '2015-05-30 15:20:10'),
(237, 30, 'Rahma', 'Logout', '192.168.1.22', '2015-05-30 15:22:55'),
(238, 12, 'Diajeng', 'Booking unit : A/16-11', '192.168.1.15', '2015-05-30 15:23:17'),
(239, 29, 'Farida', 'Logout', '192.168.1.30', '2015-05-30 15:23:52'),
(240, 27, 'Propita', 'Login', '192.168.1.30', '2015-05-30 15:25:58'),
(241, 33, 'Hilma', 'Logout', '192.168.1.33', '2015-05-30 15:28:56'),
(242, 27, 'Propita', 'Logout', '192.168.1.30', '2015-05-30 15:34:21'),
(243, 33, 'Hilma', 'Login', '192.168.1.33', '2015-05-30 15:37:10'),
(244, 3, 'AnnisaN', 'Logout', '192.168.1.28', '2015-05-30 15:39:09'),
(245, 5, 'Pangestu', 'Login', '192.168.1.28', '2015-05-30 15:39:38'),
(246, 4, 'Hermila', 'Logout', '192.168.1.26', '2015-05-30 15:39:40'),
(247, 5, 'Pangestu', 'Logout', '192.168.1.28', '2015-05-30 15:43:10'),
(248, 27, 'Propita', 'Login', '192.168.1.30', '2015-05-30 15:43:35'),
(249, 27, 'Propita', 'Logout', '192.168.1.30', '2015-05-30 15:45:10'),
(250, 16, 'Nunik', 'Logout', '192.168.1.10', '2015-05-30 15:46:18'),
(251, 1, 'Administrator', 'Login', '192.168.1.10', '2015-05-30 15:46:46'),
(252, 8, 'Maysah', 'Logout', '192.168.1.134', '2015-05-30 15:48:11'),
(253, 12, 'Diajeng', 'Lock pemesanan unit : A/18-10', '192.168.1.15', '2015-05-30 15:51:51'),
(254, 3, 'AnnisaN', 'Login', '192.168.1.28', '2015-05-30 15:52:56'),
(255, 3, 'AnnisaN', 'Logout', '192.168.1.28', '2015-05-30 15:53:53'),
(256, 12, 'Diajeng', 'Booking unit : A/18-10', '192.168.1.15', '2015-05-30 15:54:44'),
(257, 1, 'Administrator', 'Logout', '192.168.1.10', '2015-05-30 16:00:18'),
(258, 15, 'Septitami', 'Login', '192.168.1.134', '2015-05-30 16:07:15'),
(259, 22, 'Kurtubi', 'Login', '192.168.1.10', '2015-05-30 16:09:58'),
(260, 13, 'Neneng', 'Logout', '192.168.1.19', '2015-05-30 16:10:31'),
(261, 33, 'Hilma', 'Logout', '192.168.1.33', '2015-05-30 16:16:44'),
(262, 12, 'Diajeng', 'Logout', '192.168.1.15', '2015-05-30 16:19:56'),
(263, 15, 'Septitami', 'Logout', '192.168.1.134', '2015-05-30 16:19:57'),
(264, 32, 'Nariyo', 'Login', '192.168.1.33', '2015-05-30 16:20:39'),
(265, 32, 'Nariyo', 'Logout', '192.168.1.33', '2015-05-30 16:22:26'),
(266, 22, 'Kurtubi', 'Logout', '192.168.1.10', '2015-05-30 16:24:17'),
(267, 1, 'Administrator', 'Login', '192.168.1.10', '2015-05-30 16:24:44'),
(268, 12, 'Diajeng', 'Login', '192.168.1.15', '2015-05-30 16:26:13'),
(269, 1, 'Administrator', 'Logout', '192.168.1.10', '2015-05-30 16:26:30'),
(270, 12, 'Diajeng', 'Lock pemesanan unit : A/17-18', '192.168.1.15', '2015-05-30 16:26:33'),
(271, 12, 'Diajeng', 'Booking unit : A/17-18', '192.168.1.15', '2015-05-30 16:29:38'),
(272, 12, 'Diajeng', 'Logout', '192.168.1.15', '2015-05-30 16:33:23'),
(273, 23, 'Yunita', 'Logout', '192.168.1.13', '2015-05-30 16:35:46'),
(274, 1, 'Administrator', 'Login', '127.0.0.1', '2015-06-01 08:32:50'),
(275, 35, 'Resepsionis', 'Login', '127.0.0.1', '2015-06-03 13:22:28'),
(276, 1, 'Administrator', 'Login', '127.0.0.1', '2015-06-04 10:43:13'),
(277, 1, 'Administrator', 'Login', '127.0.0.1', '2015-06-07 20:09:38'),
(278, 1, 'Administrator', 'Lock pemesanan unit : A/1-17', '127.0.0.1', '2015-06-07 20:16:58'),
(279, 1, 'Administrator', 'Unlock pemesanan unit : A/1-17', '127.0.0.1', '2015-06-07 20:17:56'),
(280, 1, 'Administrator', 'Lock pemesanan unit : A/1-17', '127.0.0.1', '2015-06-07 20:18:01'),
(281, 1, 'Administrator', 'Unlock pemesanan unit : A/1-17', '127.0.0.1', '2015-06-07 20:20:25'),
(282, 1, 'Administrator', 'Lock pemesanan unit : A/1-17', '127.0.0.1', '2015-06-07 20:20:28'),
(283, 1, 'Administrator', 'Unlock pemesanan unit : A/1-17', '127.0.0.1', '2015-06-07 20:21:43'),
(284, 1, 'Administrator', 'Lock pemesanan unit : A/1-21', '127.0.0.1', '2015-06-07 20:21:48'),
(285, 1, 'Administrator', 'Unlock pemesanan unit : A/1-21', '127.0.0.1', '2015-06-07 20:22:10'),
(286, 1, 'Administrator', 'Logout', '127.0.0.1', '2015-06-07 20:23:36'),
(287, 1, 'Administrator', 'Login', '127.0.0.1', '2015-08-02 14:06:45'),
(288, 1, 'Administrator', 'Login', '127.0.0.1', '2015-08-07 17:15:05'),
(289, 35, 'Resepsionis', 'Login', '127.0.0.1', '2015-08-07 19:19:27'),
(290, 35, 'Resepsionis', 'Logout', '127.0.0.1', '2015-08-07 19:19:33'),
(291, 1, 'Administrator', 'Login', '127.0.0.1', '2015-08-07 19:19:41'),
(292, 1, 'Administrator', 'Login', '127.0.0.1', '2015-09-07 12:55:06'),
(293, 1, 'Administrator', 'Login', '127.0.0.1', '2015-09-10 12:21:35'),
(294, 1, 'Administrator', 'Lock pemesanan unit : A/1-15', '127.0.0.1', '2015-09-10 12:31:21'),
(295, 1, 'Administrator', 'Unlock pemesanan unit : A/1-15', '127.0.0.1', '2015-09-10 12:33:27'),
(296, 1, 'Administrator', 'Lock pemesanan unit : A/2-21', '127.0.0.1', '2015-09-10 12:44:51'),
(297, 1, 'Administrator', 'Unlock pemesanan unit : A/2-21', '127.0.0.1', '2015-09-10 12:47:55'),
(298, 1, 'Administrator', 'Login', '127.0.0.1', '2015-09-11 10:04:09'),
(299, 1, 'Administrator', 'Login', '127.0.0.1', '2015-09-11 16:41:09'),
(300, 1, 'Administrator', 'Login', '127.0.0.1', '2015-09-14 19:37:54'),
(301, 1, 'Administrator', 'Lock pemesanan unit : A/1-17', '127.0.0.1', '2015-09-14 20:21:42'),
(302, 1, 'Administrator', 'Unlock pemesanan unit : A/1-17', '127.0.0.1', '2015-09-14 20:21:47'),
(303, 1, 'Administrator', 'Lock pemesanan unit : A/1-15', '127.0.0.1', '2015-09-14 20:21:54'),
(304, 1, 'Administrator', 'Unlock pemesanan unit : A/1-15', '127.0.0.1', '2015-09-14 20:22:10');

-- --------------------------------------------------------

--
-- Table structure for table `tbl_virtual_account`
--

CREATE TABLE IF NOT EXISTS `tbl_virtual_account` (
  `id_va` int(11) NOT NULL AUTO_INCREMENT,
  `no_va` varchar(30) NOT NULL,
  `id_pemesanan` int(11) NOT NULL,
  PRIMARY KEY (`id_va`)
) ENGINE=InnoDB  DEFAULT CHARSET=latin1 AUTO_INCREMENT=47 ;

--
-- Dumping data for table `tbl_virtual_account`
--

INSERT INTO `tbl_virtual_account` (`id_va`, `no_va`, `id_pemesanan`) VALUES
(1, '0168688828 ', 1),
(2, '0168688823 ', 2),
(3, '01686888915 ', 3),
(4, '01686888319 ', 4),
(5, '0168688822 ', 5),
(6, '0168688815 ', 6),
(7, '0168688838 ', 7),
(8, '01686888117 ', 8),
(9, '01686888312 ', 9),
(10, '01686888217 ', 10),
(11, '01686888711 ', 11),
(12, '01686888821 ', 12),
(13, '01686888217 ', 13),
(14, '0168688833 ', 14),
(15, '01686888217 ', 15),
(16, '0168688827 ', 16),
(17, '0168688829 ', 17),
(20, '01686888221 ', 20),
(22, '01686888310 ', 22),
(23, '0168688833 ', 23),
(24, '01686888217 ', 24),
(25, '01686888217 ', 25),
(26, '0168688828 ', 26),
(27, '01686888118 ', 27),
(28, '01686888117 ', 28),
(29, '01686888117 ', 29),
(30, '01686888211 ', 30),
(31, '0168688825 ', 31),
(33, '0168688829 ', 33),
(34, '0168688823 ', 34),
(37, '01686888311 ', 37),
(38, '0168688823 ', 38),
(39, '0168688823 ', 39),
(40, '01686888219 ', 40),
(41, '0168688825 ', 41),
(42, '01686888116 ', 42),
(43, '0168688819 ', 43),
(44, '01686888111 ', 44),
(45, '01686888110 ', 45),
(46, '01686888118 ', 46);

/*!40101 SET CHARACTER_SET_CLIENT=@OLD_CHARACTER_SET_CLIENT */;
/*!40101 SET CHARACTER_SET_RESULTS=@OLD_CHARACTER_SET_RESULTS */;
/*!40101 SET COLLATION_CONNECTION=@OLD_COLLATION_CONNECTION */;
